ISO-10303-21;
HEADER;
FILE_DESCRIPTION (( 'STEP AP214' ),
    '1' );
FILE_NAME ('YC124-FR-0759RL.STEP',
    '2023-04-20T11:05:21',
    ( '' ),
    ( '' ),
    'SwSTEP 2.0',
    'SolidWorks 2021',
    '' );
FILE_SCHEMA (( 'AUTOMOTIVE_DESIGN' ));
ENDSEC;

DATA;
#1 = DIRECTION ( 'NONE',  ( 1.084202172485504064E-16, 0.000000000000000000, -1.000000000000000000 ) ) ;
#2 = EDGE_CURVE ( 'NONE', #3227, #1362, #4181, .T. ) ;
#3 = VERTEX_POINT ( 'NONE', #4244 ) ;
#4 = ORIENTED_EDGE ( 'NONE', *, *, #2750, .F. ) ;
#5 = ORIENTED_EDGE ( 'NONE', *, *, #1995, .F. ) ;
#6 = DIRECTION ( 'NONE',  ( 0.000000000000000000, 1.000000000000000000, -1.224646799147352961E-16 ) ) ;
#7 = ORIENTED_EDGE ( 'NONE', *, *, #3558, .F. ) ;
#8 = ADVANCED_FACE ( 'NONE', ( #3358 ), #5123, .F. ) ;
#9 = EDGE_CURVE ( 'NONE', #4718, #4701, #4685, .T. ) ;
#10 = DIRECTION ( 'NONE',  ( -1.000000000000000000, -0.000000000000000000, -0.000000000000000000 ) ) ;
#11 = CARTESIAN_POINT ( 'NONE',  ( -0.6000000000000000888, 0.000000000000000000, 0.000000000000000000 ) ) ;
#12 = EDGE_CURVE ( 'NONE', #1964, #5462, #3705, .T. ) ;
#13 = ORIENTED_EDGE ( 'NONE', *, *, #4858, .T. ) ;
#14 = LINE ( 'NONE', #879, #1886 ) ;
#15 = LINE ( 'NONE', #562, #922 ) ;
#16 = ORIENTED_EDGE ( 'NONE', *, *, #694, .T. ) ;
#17 = EDGE_LOOP ( 'NONE', ( #1269, #2182, #5496, #4264 ) ) ;
#18 = FACE_OUTER_BOUND ( 'NONE', #3944, .T. ) ;
#19 = EDGE_LOOP ( 'NONE', ( #4090, #3081, #720, #2235 ) ) ;
#20 = EDGE_CURVE ( 'NONE', #3078, #5677, #2909, .T. ) ;
#21 = EDGE_LOOP ( 'NONE', ( #4697, #4118, #4055, #2871, #3597, #5111, #1743, #5089 ) ) ;
#22 = DIRECTION ( 'NONE',  ( 0.000000000000000000, -0.000000000000000000, 1.000000000000000000 ) ) ;
#23 = EDGE_CURVE ( 'NONE', #2916, #4563, #5057, .T. ) ;
#24 = AXIS2_PLACEMENT_3D ( 'NONE', #688, #5171, #5138 ) ;
#25 = ORIENTED_EDGE ( 'NONE', *, *, #3915, .T. ) ;
#26 = LINE ( 'NONE', #4931, #1719 ) ;
#27 = LINE ( 'NONE', #3224, #2730 ) ;
#28 = CARTESIAN_POINT ( 'NONE',  ( -0.6000000000000000888, 0.02750000000000000361, -0.4724999999999995315 ) ) ;
#29 = VERTEX_POINT ( 'NONE', #1407 ) ;
#30 = ORIENTED_EDGE ( 'NONE', *, *, #4947, .F. ) ;
#31 = ORIENTED_EDGE ( 'NONE', *, *, #5072, .F. ) ;
#32 = LINE ( 'NONE', #426, #5840 ) ;
#33 = EDGE_LOOP ( 'NONE', ( #4312, #2561, #1444, #281 ) ) ;
#34 = DIRECTION ( 'NONE',  ( 1.000000000000000000, 0.000000000000000000, 0.000000000000000000 ) ) ;
#35 = ORIENTED_EDGE ( 'NONE', *, *, #725, .F. ) ;
#36 = VECTOR ( 'NONE', #4879, 1000.000000000000000 ) ;
#37 = EDGE_CURVE ( 'NONE', #1937, #3190, #2371, .T. ) ;
#38 = DIRECTION ( 'NONE',  ( -1.000000000000000000, -0.000000000000000000, 0.000000000000000000 ) ) ;
#39 = ORIENTED_EDGE ( 'NONE', *, *, #3231, .F. ) ;
#40 = DIRECTION ( 'NONE',  ( 0.000000000000000000, -1.000000000000000000, 0.000000000000000000 ) ) ;
#41 = ADVANCED_FACE ( 'NONE', ( #1926 ), #4715, .F. ) ;
#42 = LINE ( 'NONE', #2349, #3001 ) ;
#43 = VECTOR ( 'NONE', #2537, 1000.000000000000000 ) ;
#44 = PLANE ( 'NONE',  #83 ) ;
#45 = ORIENTED_EDGE ( 'NONE', *, *, #2225, .T. ) ;
#46 = LINE ( 'NONE', #409, #4268 ) ;
#47 = ADVANCED_FACE ( 'NONE', ( #508 ), #2339, .F. ) ;
#48 = DIRECTION ( 'NONE',  ( 0.000000000000000000, -1.000000000000000000, 0.000000000000000000 ) ) ;
#49 = EDGE_LOOP ( 'NONE', ( #5298, #3115, #3288, #1850 ) ) ;
#50 = AXIS2_PLACEMENT_3D ( 'NONE', #2580, #3005, #5807 ) ;
#51 = DIRECTION ( 'NONE',  ( -0.000000000000000000, 0.000000000000000000, 1.000000000000000000 ) ) ;
#52 = ORIENTED_EDGE ( 'NONE', *, *, #3292, .F. ) ;
#53 = CARTESIAN_POINT ( 'NONE',  ( -0.6750000000000000444, 0.02750000000000000361, -0.2000000000000000389 ) ) ;
#54 = ADVANCED_FACE ( 'NONE', ( #5088 ), #1025, .F. ) ;
#55 = VECTOR ( 'NONE', #4874, 1000.000000000000000 ) ;
#56 = ORIENTED_EDGE ( 'NONE', *, *, #5463, .T. ) ;
#57 = CARTESIAN_POINT ( 'NONE',  ( -0.1750000000000000167, 0.4950000000000009948, 0.4000000000000000777 ) ) ;
#58 = FACE_OUTER_BOUND ( 'NONE', #3775, .T. ) ;
#59 = DIRECTION ( 'NONE',  ( 1.000000000000000000, 0.000000000000000000, 0.000000000000000000 ) ) ;
#60 = ORIENTED_EDGE ( 'NONE', *, *, #5219, .F. ) ;
#61 = VERTEX_POINT ( 'NONE', #3289 ) ;
#62 = DIRECTION ( 'NONE',  ( 1.000000000000000000, 0.000000000000000000, 0.000000000000000000 ) ) ;
#63 = ORIENTED_EDGE ( 'NONE', *, *, #5072, .T. ) ;
#64 = DIRECTION ( 'NONE',  ( -0.000000000000000000, -1.000000000000000000, -0.000000000000000000 ) ) ;
#65 = LINE ( 'NONE', #1507, #564 ) ;
#66 = EDGE_LOOP ( 'NONE', ( #3030, #2134, #4654, #4151 ) ) ;
#67 = VECTOR ( 'NONE', #2766, 1000.000000000000000 ) ;
#68 = VECTOR ( 'NONE', #4962, 1000.000000000000000 ) ;
#69 = PLANE ( 'NONE',  #5191 ) ;
#70 = VERTEX_POINT ( 'NONE', #2848 ) ;
#71 = DIRECTION ( 'NONE',  ( 0.000000000000000000, -1.000000000000000000, 0.000000000000000000 ) ) ;
#72 = DIRECTION ( 'NONE',  ( 1.000000000000000000, 0.000000000000000000, 0.000000000000000000 ) ) ;
#73 = CLOSED_SHELL ( 'NONE', ( #4481, #3912, #92, #2328, #4314, #4629, #446, #5747, #3991, #2579, #2522, #4364, #2449, #5177, #1634, #4913, #5027, #5383, #3881, #2666, #3947, #489, #4184, #4188, #2742, #1436, #3394, #2331, #1130, #4782 ) ) ;
#74 = VECTOR ( 'NONE', #2081, 1000.000000000000000 ) ;
#75 = CARTESIAN_POINT ( 'NONE',  ( -0.3999999999999999667, 0.000000000000000000, -0.4000000000000000222 ) ) ;
#76 = EDGE_CURVE ( 'NONE', #2765, #1560, #4653, .T. ) ;
#77 = FACE_OUTER_BOUND ( 'NONE', #4394, .T. ) ;
#78 = VERTEX_POINT ( 'NONE', #3793 ) ;
#79 = DIRECTION ( 'NONE',  ( -0.000000000000000000, 0.000000000000000000, 1.000000000000000000 ) ) ;
#80 = CARTESIAN_POINT ( 'NONE',  ( 0.9000000000000000222, 0.4950000000000011058, 0.4724999999999995315 ) ) ;
#81 = ORIENTED_EDGE ( 'NONE', *, *, #3020, .F. ) ;
#82 = AXIS2_PLACEMENT_3D ( 'NONE', #3296, #4249, #1091 ) ;
#83 = AXIS2_PLACEMENT_3D ( 'NONE', #4950, #1452, #2264 ) ;
#84 = CARTESIAN_POINT ( 'NONE',  ( -0.3250000000000000666, 0.000000000000000000, 0.4000000000000000777 ) ) ;
#85 = VECTOR ( 'NONE', #4004, 1000.000000000000000 ) ;
#86 = VERTEX_POINT ( 'NONE', #579 ) ;
#87 = CARTESIAN_POINT ( 'NONE',  ( -0.8249999999999999556, 0.000000000000000000, -0.4000000000000000222 ) ) ;
#88 = ADVANCED_FACE ( 'NONE', ( #4213 ), #5601, .F. ) ;
#89 = VECTOR ( 'NONE', #4909, 1000.000000000000000 ) ;
#90 = ORIENTED_EDGE ( 'NONE', *, *, #612, .T. ) ;
#91 = CARTESIAN_POINT ( 'NONE',  ( 1.000000000000000222, 2.707018309146649315, 0.4724999999999995315 ) ) ;
#92 = ADVANCED_FACE ( 'NONE', ( #1504 ), #3327, .F. ) ;
#93 = DIRECTION ( 'NONE',  ( -1.000000000000000000, -0.000000000000000000, 0.000000000000000000 ) ) ;
#94 = DIRECTION ( 'NONE',  ( 1.000000000000000000, 0.000000000000000000, 7.228014483236719235E-16 ) ) ;
#95 = ORIENTED_EDGE ( 'NONE', *, *, #4404, .T. ) ;
#96 = CARTESIAN_POINT ( 'NONE',  ( 1.000000000000000222, 0.4950000000000011058, -0.4000000000000001887 ) ) ;
#97 = ORIENTED_EDGE ( 'NONE', *, *, #494, .F. ) ;
#98 = FILL_AREA_STYLE_COLOUR ( '', #2821 ) ;
#99 = AXIS2_PLACEMENT_3D ( 'NONE', #4777, #1702, #4872 ) ;
#100 = ORIENTED_EDGE ( 'NONE', *, *, #4844, .F. ) ;
#101 = DIRECTION ( 'NONE',  ( -0.000000000000000000, -0.000000000000000000, 1.000000000000000000 ) ) ;
#102 = DIRECTION ( 'NONE',  ( -0.000000000000000000, 0.000000000000000000, 1.000000000000000000 ) ) ;
#103 = ORIENTED_EDGE ( 'NONE', *, *, #920, .T. ) ;
#104 = PRESENTATION_STYLE_ASSIGNMENT (( #4192 ) ) ;
#105 = AXIS2_PLACEMENT_3D ( 'NONE', #3322, #188, #4354 ) ;
#106 = ADVANCED_FACE ( 'NONE', ( #2973 ), #5756, .F. ) ;
#107 = ORIENTED_EDGE ( 'NONE', *, *, #641, .T. ) ;
#108 = MANIFOLD_SOLID_BREP ( 'Cut-Extrude3', #73 ) ;
#109 = DIRECTION ( 'NONE',  ( 0.000000000000000000, 0.000000000000000000, -1.000000000000000000 ) ) ;
#110 = CARTESIAN_POINT ( 'NONE',  ( -0.1750000000000000167, 0.000000000000000000, -0.1999999999999999833 ) ) ;
#111 = CARTESIAN_POINT ( 'NONE',  ( -0.1750000000000000167, 0.000000000000000000, 0.4000000000000000777 ) ) ;
#112 = EDGE_LOOP ( 'NONE', ( #4990, #4647, #773, #4106 ) ) ;
#113 = CARTESIAN_POINT ( 'NONE',  ( 1.000000000000000222, 0.5225000000000000755, -0.4000000000000001887 ) ) ;
#114 = CARTESIAN_POINT ( 'NONE',  ( -0.3999999999999999667, -1.592040838891558417E-17, -0.5000000000000000000 ) ) ;
#115 = ORIENTED_EDGE ( 'NONE', *, *, #4516, .T. ) ;
#116 = DIRECTION ( 'NONE',  ( 1.000000000000000000, -0.000000000000000000, 0.000000000000000000 ) ) ;
#117 = FACE_OUTER_BOUND ( 'NONE', #1197, .T. ) ;
#118 = VERTEX_POINT ( 'NONE', #5662 ) ;
#119 = MANIFOLD_SOLID_BREP ( 'Boss-Extrude3', #357 ) ;
#120 = EDGE_LOOP ( 'NONE', ( #4657, #472, #2645, #2831 ) ) ;
#121 = LINE ( 'NONE', #5461, #2189 ) ;
#122 = EDGE_CURVE ( 'NONE', #2804, #531, #5186, .T. ) ;
#123 = ORIENTED_EDGE ( 'NONE', *, *, #216, .T. ) ;
#124 = CARTESIAN_POINT ( 'NONE',  ( -0.6000000000000000888, 0.02750000000000018055, 0.4724999999999994205 ) ) ;
#125 = PRODUCT_RELATED_PRODUCT_CATEGORY ( 'part', '', ( #3166 ) ) ;
#126 = ORIENTED_EDGE ( 'NONE', *, *, #1198, .F. ) ;
#127 = CARTESIAN_POINT ( 'NONE',  ( -0.3250000000000000666, 0.000000000000000000, -0.4000000000000000222 ) ) ;
#128 = ADVANCED_FACE ( 'NONE', ( #2147 ), #3859, .F. ) ;
#129 = AXIS2_PLACEMENT_3D ( 'NONE', #2993, #1337, #829 ) ;
#130 = CARTESIAN_POINT ( 'NONE',  ( 0.1000000000000000472, 0.000000000000000000, -0.4000000000000000222 ) ) ;
#131 = FACE_OUTER_BOUND ( 'NONE', #120, .T. ) ;
#132 = CARTESIAN_POINT ( 'NONE',  ( 0.3999999999999999667, 2.081899558550501081E-17, -0.2000000000000000111 ) ) ;
#133 = ADVANCED_FACE ( 'NONE', ( #5312 ), #4331, .F. ) ;
#134 = VERTEX_POINT ( 'NONE', #4426 ) ;
#135 = DIRECTION ( 'NONE',  ( 0.000000000000000000, -0.000000000000000000, 1.000000000000000000 ) ) ;
#136 = LINE ( 'NONE', #3767, #2490 ) ;
#137 = EDGE_LOOP ( 'NONE', ( #488, #4636, #5136, #4559 ) ) ;
#138 = ORIENTED_EDGE ( 'NONE', *, *, #5236, .T. ) ;
#139 = CARTESIAN_POINT ( 'NONE',  ( 1.000000000000000222, 0.4950000000000011058, -0.4000000000000001887 ) ) ;
#140 = EDGE_CURVE ( 'NONE', #1207, #514, #347, .T. ) ;
#141 = CARTESIAN_POINT ( 'NONE',  ( 0.1749999999999999611, 0.000000000000000000, 0.4000000000000000777 ) ) ;
#142 = DIRECTION ( 'NONE',  ( 0.000000000000000000, -1.971276677246373097E-15, -1.000000000000000000 ) ) ;
#143 = EDGE_CURVE ( 'NONE', #4431, #1380, #1721, .T. ) ;
#144 = ORIENTED_EDGE ( 'NONE', *, *, #3809, .T. ) ;
#145 = CARTESIAN_POINT ( 'NONE',  ( 0.3999999999999999667, 0.5225000000000000755, -0.4000000000000000222 ) ) ;
#146 = CARTESIAN_POINT ( 'NONE',  ( 0.3250000000000000111, 0.02750000000000000361, 0.2000000000000000389 ) ) ;
#147 = VECTOR ( 'NONE', #1208, 1000.000000000000000 ) ;
#148 = CARTESIAN_POINT ( 'NONE',  ( 0.6750000000000000444, 0.000000000000000000, 0.4000000000000000777 ) ) ;
#149 = ORIENTED_EDGE ( 'NONE', *, *, #3066, .F. ) ;
#150 = LINE ( 'NONE', #2065, #2729 ) ;
#151 = DIRECTION ( 'NONE',  ( 0.000000000000000000, 1.000000000000000000, 0.000000000000000000 ) ) ;
#152 = ORIENTED_EDGE ( 'NONE', *, *, #4458, .F. ) ;
#153 = ORIENTED_EDGE ( 'NONE', *, *, #2962, .F. ) ;
#154 = DIRECTION ( 'NONE',  ( 1.000000000000000000, 0.000000000000000000, -0.000000000000000000 ) ) ;
#155 = LINE ( 'NONE', #87, #548 ) ;
#156 = ORIENTED_EDGE ( 'NONE', *, *, #856, .T. ) ;
#157 = DIRECTION ( 'NONE',  ( -0.000000000000000000, 0.000000000000000000, 1.000000000000000000 ) ) ;
#158 = MANIFOLD_SOLID_BREP ( 'Boss-Extrude4[2]', #927 ) ;
#159 = CARTESIAN_POINT ( 'NONE',  ( 0.8249999999999999556, 0.000000000000000000, -0.4000000000000002442 ) ) ;
#160 = AXIS2_PLACEMENT_3D ( 'NONE', #1191, #1744, #4859 ) ;
#161 = PLANE ( 'NONE',  #5292 ) ;
#162 = CARTESIAN_POINT ( 'NONE',  ( -0.6000000000000000888, 0.5225000000000000755, 0.2500000000000000000 ) ) ;
#163 = CARTESIAN_POINT ( 'NONE',  ( 1.000000000000000222, 0.02750000000000000361, -0.4724999999999995315 ) ) ;
#164 = ORIENTED_EDGE ( 'NONE', *, *, #1900, .T. ) ;
#165 = DIRECTION ( 'NONE',  ( -0.000000000000000000, 0.000000000000000000, 1.000000000000000000 ) ) ;
#166 = CARTESIAN_POINT ( 'NONE',  ( -0.6750000000000000444, 0.000000000000000000, 0.4000000000000000777 ) ) ;
#167 = VERTEX_POINT ( 'NONE', #4160 ) ;
#168 =( LENGTH_UNIT ( ) NAMED_UNIT ( * ) SI_UNIT ( .MILLI., .METRE. ) );
#169 = VERTEX_POINT ( 'NONE', #2799 ) ;
#170 = CARTESIAN_POINT ( 'NONE',  ( 1.000000000000000222, 0.4950000000000011058, 0.3999999999999999112 ) ) ;
#171 = LINE ( 'NONE', #1036, #2858 ) ;
#172 = DIRECTION ( 'NONE',  ( -1.000000000000000000, 0.000000000000000000, 0.000000000000000000 ) ) ;
#173 = VECTOR ( 'NONE', #2044, 1000.000000000000000 ) ;
#174 = ORIENTED_EDGE ( 'NONE', *, *, #2689, .T. ) ;
#175 = CARTESIAN_POINT ( 'NONE',  ( -0.1750000000000000167, 0.000000000000000000, -0.4000000000000000222 ) ) ;
#176 = LINE ( 'NONE', #210, #1769 ) ;
#177 = LINE ( 'NONE', #713, #5555 ) ;
#178 = EDGE_LOOP ( 'NONE', ( #4136, #5331, #3758, #3226, #90, #3938, #4769, #2503, #335, #2647 ) ) ;
#179 = DIRECTION ( 'NONE',  ( 0.000000000000000000, 0.000000000000000000, 1.000000000000000000 ) ) ;
#180 = AXIS2_PLACEMENT_3D ( 'NONE', #988, #1472, #1440 ) ;
#181 = VECTOR ( 'NONE', #1791, 1000.000000000000000 ) ;
#182 = CARTESIAN_POINT ( 'NONE',  ( -0.1750000000000000167, 0.5225000000000000755, -0.2500000000000000000 ) ) ;
#183 = VERTEX_POINT ( 'NONE', #5842 ) ;
#184 = APPLICATION_CONTEXT ( 'automotive_design' ) ;
#185 = CARTESIAN_POINT ( 'NONE',  ( 0.6000000000000000888, 0.02750000000000000361, -0.3000000000000000444 ) ) ;
#186 = DIRECTION ( 'NONE',  ( 0.000000000000000000, 1.000000000000000000, 0.000000000000000000 ) ) ;
#187 = ORIENTED_EDGE ( 'NONE', *, *, #2364, .F. ) ;
#188 = DIRECTION ( 'NONE',  ( 1.000000000000000000, 0.000000000000000000, 0.000000000000000000 ) ) ;
#189 = VECTOR ( 'NONE', #2736, 1000.000000000000000 ) ;
#190 = LINE ( 'NONE', #1949, #3062 ) ;
#191 = DIRECTION ( 'NONE',  ( -0.000000000000000000, 1.224646799147352961E-16, -1.000000000000000000 ) ) ;
#192 = AXIS2_PLACEMENT_3D ( 'NONE', #2382, #5453, #2351 ) ;
#193 = SURFACE_STYLE_FILL_AREA ( #4277 ) ;
#194 = AXIS2_PLACEMENT_3D ( 'NONE', #4291, #3841, #4731 ) ;
#195 = CARTESIAN_POINT ( 'NONE',  ( 0.1749999999999999611, 0.000000000000000000, 0.4000000000000000777 ) ) ;
#196 = ORIENTED_EDGE ( 'NONE', *, *, #4593, .T. ) ;
#197 = DIRECTION ( 'NONE',  ( 0.000000000000000000, 0.000000000000000000, -1.000000000000000000 ) ) ;
#198 = LINE ( 'NONE', #1125, #4649 ) ;
#199 = DIRECTION ( 'NONE',  ( 0.000000000000000000, 0.000000000000000000, -1.000000000000000000 ) ) ;
#200 = EDGE_CURVE ( 'NONE', #3174, #539, #4067, .T. ) ;
#201 = ORIENTED_EDGE ( 'NONE', *, *, #2136, .F. ) ;
#202 = CARTESIAN_POINT ( 'NONE',  ( -0.6000000000000000888, -1.592040838891558417E-17, 0.5000000000000000000 ) ) ;
#203 = DIRECTION ( 'NONE',  ( 0.000000000000000000, 0.000000000000000000, -1.000000000000000000 ) ) ;
#204 = CARTESIAN_POINT ( 'NONE',  ( 1.000000000000000222, 0.5225000000000000755, -0.5000000000000000000 ) ) ;
#205 = AXIS2_PLACEMENT_3D ( 'NONE', #2334, #2655, #3132 ) ;
#206 = ORIENTED_EDGE ( 'NONE', *, *, #5398, .F. ) ;
#207 = EDGE_CURVE ( 'NONE', #4897, #2129, #4602, .T. ) ;
#208 = EDGE_CURVE ( 'NONE', #1462, #3267, #46, .T. ) ;
#209 = DIRECTION ( 'NONE',  ( -1.000000000000000000, 0.000000000000000000, -0.000000000000000000 ) ) ;
#210 = CARTESIAN_POINT ( 'NONE',  ( -0.5999999999999999778, 0.02750000000000000361, 0.000000000000000000 ) ) ;
#211 = CARTESIAN_POINT ( 'NONE',  ( 0.8250000000000001776, 0.02750000000000000361, 0.3999999999999998557 ) ) ;
#212 = ORIENTED_EDGE ( 'NONE', *, *, #4065, .T. ) ;
#213 = CARTESIAN_POINT ( 'NONE',  ( -0.1000000000000000472, 0.5225000000000000755, 0.5000000000000000000 ) ) ;
#214 = DIRECTION ( 'NONE',  ( -1.000000000000000000, 0.000000000000000000, 0.000000000000000000 ) ) ;
#215 = ORIENTED_EDGE ( 'NONE', *, *, #820, .T. ) ;
#216 = EDGE_CURVE ( 'NONE', #246, #70, #3208, .T. ) ;
#217 = AXIS2_PLACEMENT_3D ( 'NONE', #606, #5054, #576 ) ;
#218 = CARTESIAN_POINT ( 'NONE',  ( 0.1749999999999999611, 0.000000000000000000, 0.4000000000000000777 ) ) ;
#219 = CARTESIAN_POINT ( 'NONE',  ( -0.3999999999999999667, 0.4950000000000011058, -0.4724999999999995315 ) ) ;
#220 = VERTEX_POINT ( 'NONE', #4571 ) ;
#221 = EDGE_CURVE ( 'NONE', #3249, #4072, #14, .T. ) ;
#222 = CARTESIAN_POINT ( 'NONE',  ( -0.1750000000000000167, 0.000000000000000000, 0.4000000000000000777 ) ) ;
#223 = EDGE_CURVE ( 'NONE', #3184, #2185, #2292, .T. ) ;
#224 = PLANE ( 'NONE',  #2118 ) ;
#225 = EDGE_CURVE ( 'NONE', #2425, #3962, #4130, .T. ) ;
#226 = LINE ( 'NONE', #5661, #834 ) ;
#227 = SURFACE_STYLE_FILL_AREA ( #4864 ) ;
#228 = SURFACE_STYLE_USAGE ( .BOTH. , #4686 ) ;
#229 = CARTESIAN_POINT ( 'NONE',  ( -0.1000000000000000472, 0.5225000000000000755, 0.2500000000000000000 ) ) ;
#230 = FACE_OUTER_BOUND ( 'NONE', #450, .T. ) ;
#231 = SURFACE_STYLE_FILL_AREA ( #2054 ) ;
#232 = ORIENTED_EDGE ( 'NONE', *, *, #737, .F. ) ;
#233 = CARTESIAN_POINT ( 'NONE',  ( -0.1750000000000000167, 0.02750000000000000361, 0.4000000000000000777 ) ) ;
#234 = PLANE ( 'NONE',  #1531 ) ;
#235 = LINE ( 'NONE', #2059, #4416 ) ;
#236 = LINE ( 'NONE', #2864, #486 ) ;
#237 = EDGE_CURVE ( 'NONE', #2715, #3664, #948, .T. ) ;
#238 = LINE ( 'NONE', #2924, #4345 ) ;
#239 = LINE ( 'NONE', #1609, #5657 ) ;
#240 = ORIENTED_EDGE ( 'NONE', *, *, #4858, .F. ) ;
#241 = CARTESIAN_POINT ( 'NONE',  ( -0.6750000000000000444, 0.000000000000000000, 0.4000000000000000777 ) ) ;
#242 = PLANE ( 'NONE',  #2191 ) ;
#243 = ORIENTED_EDGE ( 'NONE', *, *, #4706, .F. ) ;
#244 = AXIS2_PLACEMENT_3D ( 'NONE', #1514, #1066, #5354 ) ;
#245 = CARTESIAN_POINT ( 'NONE',  ( 0.3999999999999999667, 0.4950000000000009948, -0.2500000000000000000 ) ) ;
#246 = VERTEX_POINT ( 'NONE', #2233 ) ;
#247 = VECTOR ( 'NONE', #2533, 1000.000000000000000 ) ;
#248 = CARTESIAN_POINT ( 'NONE',  ( -0.6000000000000000888, 2.081899558550501081E-17, -0.2000000000000000111 ) ) ;
#249 = EDGE_CURVE ( 'NONE', #1380, #1092, #4036, .T. ) ;
#250 = CARTESIAN_POINT ( 'NONE',  ( -0.1750000000000000167, 0.000000000000000000, -0.4000000000000000222 ) ) ;
#251 = LINE ( 'NONE', #5247, #5487 ) ;
#252 = EDGE_CURVE ( 'NONE', #118, #550, #5521, .T. ) ;
#253 = CARTESIAN_POINT ( 'NONE',  ( 0.000000000000000000, 0.000000000000000000, 0.000000000000000000 ) ) ;
#254 = CARTESIAN_POINT ( 'NONE',  ( -0.8249999999999999556, 0.4950000000000009948, 0.4000000000000000777 ) ) ;
#255 =( GEOMETRIC_REPRESENTATION_CONTEXT ( 3 ) GLOBAL_UNCERTAINTY_ASSIGNED_CONTEXT ( ( #5811 ) ) GLOBAL_UNIT_ASSIGNED_CONTEXT ( ( #1984, #703, #638 ) ) REPRESENTATION_CONTEXT ( 'NONE', 'WORKASPACE' ) );
#256 =( GEOMETRIC_REPRESENTATION_CONTEXT ( 3 ) GLOBAL_UNCERTAINTY_ASSIGNED_CONTEXT ( ( #1691 ) ) GLOBAL_UNIT_ASSIGNED_CONTEXT ( ( #460, #2700, #2288 ) ) REPRESENTATION_CONTEXT ( 'NONE', 'WORKASPACE' ) );
#257 = CARTESIAN_POINT ( 'NONE',  ( -1.000000000000000444, 0.5225000000000000755, -0.5000000000000000000 ) ) ;
#258 = ORIENTED_EDGE ( 'NONE', *, *, #5041, .T. ) ;
#259 = MANIFOLD_SOLID_BREP ( 'Cut-Extrude2[5]', #2372 ) ;
#260 = CARTESIAN_POINT ( 'NONE',  ( -0.1000000000000000472, 0.000000000000000000, -0.4000000000000000222 ) ) ;
#261 = VECTOR ( 'NONE', #3960, 1000.000000000000000 ) ;
#262 = CARTESIAN_POINT ( 'NONE',  ( -0.6750000000000000444, 0.000000000000000000, -0.4000000000000000222 ) ) ;
#263 = CARTESIAN_POINT ( 'NONE',  ( 1.000000000000000222, 0.02750000000000000361, -0.4724999999999995315 ) ) ;
#264 = CARTESIAN_POINT ( 'NONE',  ( -0.8249999999999999556, 0.5225000000000000755, 0.5000000000000000000 ) ) ;
#265 = FACE_OUTER_BOUND ( 'NONE', #1375, .T. ) ;
#266 = DIRECTION ( 'NONE',  ( 0.000000000000000000, -0.000000000000000000, 1.000000000000000000 ) ) ;
#267 = FACE_OUTER_BOUND ( 'NONE', #2662, .T. ) ;
#268 = FACE_OUTER_BOUND ( 'NONE', #2918, .T. ) ;
#269 = AXIS2_PLACEMENT_3D ( 'NONE', #1078, #3820, #1978 ) ;
#270 = ADVANCED_FACE ( 'NONE', ( #1140 ), #3175, .F. ) ;
#271 = ORIENTED_EDGE ( 'NONE', *, *, #3278, .F. ) ;
#272 = CARTESIAN_POINT ( 'NONE',  ( -0.3250000000000000666, 0.02750000000000000361, -0.2000000000000000389 ) ) ;
#273 = ORIENTED_EDGE ( 'NONE', *, *, #1193, .T. ) ;
#274 = EDGE_CURVE ( 'NONE', #5884, #2279, #5551, .T. ) ;
#276 = ORIENTED_EDGE ( 'NONE', *, *, #4217, .T. ) ;
#275 = CARTESIAN_POINT ( 'NONE',  ( -1.000000000000000444, 0.4950000000000009948, 0.4000000000000001332 ) ) ;
#277 = PLANE ( 'NONE',  #4446 ) ;
#278 = PLANE ( 'NONE',  #2574 ) ;
#279 = AXIS2_PLACEMENT_3D ( 'NONE', #5205, #692, #2515 ) ;
#280 = LINE ( 'NONE', #2997, #55 ) ;
#281 = ORIENTED_EDGE ( 'NONE', *, *, #5273, .F. ) ;
#282 = AXIS2_PLACEMENT_3D ( 'NONE', #3028, #5777, #1714 ) ;
#283 = DIRECTION ( 'NONE',  ( 0.000000000000000000, 0.000000000000000000, -1.000000000000000000 ) ) ;
#284 = VECTOR ( 'NONE', #1549, 1000.000000000000000 ) ;
#285 = CARTESIAN_POINT ( 'NONE',  ( 0.1000000000000000472, 0.5225000000000000755, -0.5000000000000000000 ) ) ;
#286 = CARTESIAN_POINT ( 'NONE',  ( 0.1000000000000000472, 0.000000000000000000, -0.4000000000000000222 ) ) ;
#287 = PLANE ( 'NONE',  #2656 ) ;
#288 = LINE ( 'NONE', #2121, #5085 ) ;
#289 = EDGE_CURVE ( 'NONE', #5541, #960, #1010, .T. ) ;
#290 = CARTESIAN_POINT ( 'NONE',  ( -0.1000000000000000472, 0.02750000000000000361, -0.3000000000000000444 ) ) ;
#291 = DIRECTION ( 'NONE',  ( 0.000000000000000000, 0.000000000000000000, -1.000000000000000000 ) ) ;
#292 = VECTOR ( 'NONE', #5528, 1000.000000000000000 ) ;
#293 = AXIS2_PLACEMENT_3D ( 'NONE', #5687, #3513, #2567 ) ;
#294 = VECTOR ( 'NONE', #1150, 1000.000000000000000 ) ;
#295 = ORIENTED_EDGE ( 'NONE', *, *, #3262, .T. ) ;
#296 = CARTESIAN_POINT ( 'NONE',  ( -0.1750000000000000167, 0.5225000000000000755, -0.2500000000000000000 ) ) ;
#297 = ORIENTED_EDGE ( 'NONE', *, *, #561, .F. ) ;
#298 = EDGE_CURVE ( 'NONE', #3373, #1695, #1558, .T. ) ;
#300 = ORIENTED_EDGE ( 'NONE', *, *, #5817, .F. ) ;
#299 = LINE ( 'NONE', #4358, #4937 ) ;
#301 = EDGE_CURVE ( 'NONE', #3218, #2346, #4765, .T. ) ;
#302 = DIRECTION ( 'NONE',  ( 1.000000000000000000, 0.000000000000000000, 0.000000000000000000 ) ) ;
#303 = EDGE_CURVE ( 'NONE', #893, #61, #3313, .T. ) ;
#304 = DIRECTION ( 'NONE',  ( 1.000000000000000000, 0.000000000000000000, -2.710505431213758620E-16 ) ) ;
#305 = CARTESIAN_POINT ( 'NONE',  ( 0.8249999999999999556, 0.4950000000000009948, -0.2500000000000000000 ) ) ;
#306 = EDGE_CURVE ( 'NONE', #1305, #183, #4637, .T. ) ;
#307 = ORIENTED_EDGE ( 'NONE', *, *, #1643, .F. ) ;
#308 = DIRECTION ( 'NONE',  ( -0.000000000000000000, -6.285229985423231545E-16, 1.000000000000000000 ) ) ;
#309 = DIRECTION ( 'NONE',  ( 0.000000000000000000, -1.000000000000000000, 0.000000000000000000 ) ) ;
#310 = AXIS2_PLACEMENT_3D ( 'NONE', #3127, #2796, #3751 ) ;
#311 = LINE ( 'NONE', #264, #3899 ) ;
#312 = LINE ( 'NONE', #2557, #3950 ) ;
#313 = EDGE_CURVE ( 'NONE', #883, #5491, #740, .T. ) ;
#314 = CARTESIAN_POINT ( 'NONE',  ( -0.9725000000000004752, 0.5225000000000001865, -0.2500000000000000000 ) ) ;
#315 = EDGE_CURVE ( 'NONE', #5553, #5503, #2458, .T. ) ;
#316 = LINE ( 'NONE', #5754, #465 ) ;
#317 = EDGE_CURVE ( 'NONE', #3656, #1026, #150, .T. ) ;
#318 = UNCERTAINTY_MEASURE_WITH_UNIT (LENGTH_MEASURE( 1.000000000000000082E-05 ), #4977, 'distance_accuracy_value', 'NONE');
#319 = DIRECTION ( 'NONE',  ( -7.228014483236698528E-16, 0.000000000000000000, -1.000000000000000000 ) ) ;
#320 = ORIENTED_EDGE ( 'NONE', *, *, #495, .F. ) ;
#321 = FACE_OUTER_BOUND ( 'NONE', #438, .T. ) ;
#322 = VECTOR ( 'NONE', #5165, 1000.000000000000000 ) ;
#323 = DIRECTION ( 'NONE',  ( 0.000000000000000000, -1.000000000000000000, 1.971276677246373097E-15 ) ) ;
#325 = ORIENTED_EDGE ( 'NONE', *, *, #1518, .F. ) ;
#324 = LINE ( 'NONE', #723, #5142 ) ;
#326 = FACE_OUTER_BOUND ( 'NONE', #3690, .T. ) ;
#327 = VECTOR ( 'NONE', #942, 1000.000000000000000 ) ;
#328 = LINE ( 'NONE', #2156, #3445 ) ;
#329 = EDGE_CURVE ( 'NONE', #5637, #2789, #5204, .T. ) ;
#330 = DIRECTION ( 'NONE',  ( 0.000000000000000000, -1.000000000000000000, 0.000000000000000000 ) ) ;
#331 = ORIENTED_EDGE ( 'NONE', *, *, #1995, .T. ) ;
#332 = EDGE_LOOP ( 'NONE', ( #1481, #3783, #980, #4671 ) ) ;
#333 = EDGE_LOOP ( 'NONE', ( #3683, #396, #1767, #4470 ) ) ;
#334 = CARTESIAN_POINT ( 'NONE',  ( 0.6750000000000000444, 0.4950000000000009948, 0.2500000000000000000 ) ) ;
#335 = ORIENTED_EDGE ( 'NONE', *, *, #4265, .T. ) ;
#336 = LINE ( 'NONE', #4003, #759 ) ;
#337 = VECTOR ( 'NONE', #40, 1000.000000000000000 ) ;
#338 = CARTESIAN_POINT ( 'NONE',  ( 0.8999999999999999112, 0.4950000000000009948, 0.3999999999999999112 ) ) ;
#339 = VECTOR ( 'NONE', #1304, 1000.000000000000000 ) ;
#340 = VECTOR ( 'NONE', #3359, 1000.000000000000000 ) ;
#341 = DIRECTION ( 'NONE',  ( -0.000000000000000000, 1.000000000000000000, -0.000000000000000000 ) ) ;
#342 = MECHANICAL_DESIGN_GEOMETRIC_PRESENTATION_REPRESENTATION (  '', ( #2623 ), #256 ) ;
#343 = LINE ( 'NONE', #3505, #3286 ) ;
#344 = VERTEX_POINT ( 'NONE', #4262 ) ;
#345 = FACE_OUTER_BOUND ( 'NONE', #3214, .T. ) ;
#346 = ADVANCED_FACE ( 'NONE', ( #2040 ), #2958, .F. ) ;
#347 = LINE ( 'NONE', #2180, #4360 ) ;
#348 = VERTEX_POINT ( 'NONE', #2868 ) ;
#349 = DIRECTION ( 'NONE',  ( -0.000000000000000000, 0.000000000000000000, 1.000000000000000000 ) ) ;
#350 = ORIENTED_EDGE ( 'NONE', *, *, #4951, .F. ) ;
#351 = VECTOR ( 'NONE', #5465, 1000.000000000000000 ) ;
#352 = PLANE ( 'NONE',  #1421 ) ;
#354 = ORIENTED_EDGE ( 'NONE', *, *, #2679, .F. ) ;
#353 = DIRECTION ( 'NONE',  ( 0.000000000000000000, 1.000000000000000000, 0.000000000000000000 ) ) ;
#355 = DIRECTION ( 'NONE',  ( -0.000000000000000000, 0.000000000000000000, 1.000000000000000000 ) ) ;
#356 = PRODUCT_CONTEXT ( 'NONE', #4748, 'mechanical' ) ;
#357 = CLOSED_SHELL ( 'NONE', ( #4356, #3486, #4987, #2883, #746, #5757, #911, #4418, #128, #1259, #1189, #3817 ) ) ;
#358 = VECTOR ( 'NONE', #3909, 1000.000000000000000 ) ;
#359 = FACE_OUTER_BOUND ( 'NONE', #1866, .T. ) ;
#360 = CARTESIAN_POINT ( 'NONE',  ( -0.6000000000000000888, 0.4950000000000011058, 0.4724999999999995315 ) ) ;
#361 = ORIENTED_EDGE ( 'NONE', *, *, #1193, .F. ) ;
#362 = ORIENTED_EDGE ( 'NONE', *, *, #2141, .T. ) ;
#363 = ORIENTED_EDGE ( 'NONE', *, *, #4352, .T. ) ;
#364 = FACE_OUTER_BOUND ( 'NONE', #4561, .T. ) ;
#365 = AXIS2_PLACEMENT_3D ( 'NONE', #84, #3755, #2327 ) ;
#366 = EDGE_LOOP ( 'NONE', ( #983, #123, #5427, #1352, #5413, #5181, #4618, #3974 ) ) ;
#367 = LINE ( 'NONE', #4340, #4080 ) ;
#368 = VECTOR ( 'NONE', #521, 1000.000000000000000 ) ;
#369 = EDGE_CURVE ( 'NONE', #2628, #690, #2390, .T. ) ;
#370 = LINE ( 'NONE', #1659, #5401 ) ;
#371 = ORIENTED_EDGE ( 'NONE', *, *, #3515, .F. ) ;
#372 = AXIS2_PLACEMENT_3D ( 'NONE', #4787, #761, #1232 ) ;
#373 = DIRECTION ( 'NONE',  ( 0.000000000000000000, 1.224646799147352961E-16, 1.000000000000000000 ) ) ;
#374 = VECTOR ( 'NONE', #2343, 1000.000000000000000 ) ;
#375 = DIRECTION ( 'NONE',  ( 0.000000000000000000, -1.224646799147352961E-16, -1.000000000000000000 ) ) ;
#376 = VECTOR ( 'NONE', #1562, 1000.000000000000000 ) ;
#377 = ORIENTED_EDGE ( 'NONE', *, *, #5457, .T. ) ;
#378 = FACE_OUTER_BOUND ( 'NONE', #333, .T. ) ;
#379 = EDGE_CURVE ( 'NONE', #5278, #893, #3814, .T. ) ;
#380 = ADVANCED_FACE ( 'NONE', ( #691 ), #4321, .F. ) ;
#381 = EDGE_CURVE ( 'NONE', #3650, #4680, #4735, .T. ) ;
#382 = EDGE_LOOP ( 'NONE', ( #5633, #970, #5743, #3137 ) ) ;
#383 = LINE ( 'NONE', #2211, #1335 ) ;
#384 = ORIENTED_EDGE ( 'NONE', *, *, #2399, .F. ) ;
#385 = AXIS2_PLACEMENT_3D ( 'NONE', #3354, #2018, #157 ) ;
#386 = LINE ( 'NONE', #1783, #4751 ) ;
#388 = VERTEX_POINT ( 'NONE', #213 ) ;
#387 = PLANE ( 'NONE',  #3644 ) ;
#389 = DIRECTION ( 'NONE',  ( -0.000000000000000000, 1.000000000000000000, -0.000000000000000000 ) ) ;
#390 = ADVANCED_FACE ( 'NONE', ( #714 ), #1171, .F. ) ;
#391 = DIRECTION ( 'NONE',  ( 0.000000000000000000, 1.000000000000000000, 0.000000000000000000 ) ) ;
#392 = ADVANCED_FACE ( 'NONE', ( #2985 ), #2606, .F. ) ;
#393 = EDGE_CURVE ( 'NONE', #5369, #1833, #786, .T. ) ;
#394 = DIRECTION ( 'NONE',  ( 0.000000000000000000, 0.000000000000000000, -1.000000000000000000 ) ) ;
#395 = CARTESIAN_POINT ( 'NONE',  ( -0.8249999999999999556, 0.02750000000000000361, -0.2000000000000000389 ) ) ;
#396 = ORIENTED_EDGE ( 'NONE', *, *, #5219, .T. ) ;
#397 = ORIENTED_EDGE ( 'NONE', *, *, #5745, .F. ) ;
#398 = EDGE_LOOP ( 'NONE', ( #3627, #4941, #669, #3365, #2226, #1763, #1699, #3389 ) ) ;
#399 = DIRECTION ( 'NONE',  ( 0.000000000000000000, -1.000000000000000000, 0.000000000000000000 ) ) ;
#400 = ORIENTED_EDGE ( 'NONE', *, *, #122, .F. ) ;
#401 = LINE ( 'NONE', #2752, #1154 ) ;
#402 = CARTESIAN_POINT ( 'NONE',  ( 0.6750000000000000444, 0.5225000000000000755, 0.2500000000000000000 ) ) ;
#403 = VERTEX_POINT ( 'NONE', #3526 ) ;
#404 = DIRECTION ( 'NONE',  ( -1.000000000000000000, -0.000000000000000000, -0.000000000000000000 ) ) ;
#405 = FACE_OUTER_BOUND ( 'NONE', #2379, .T. ) ;
#406 = LINE ( 'NONE', #2232, #1528 ) ;
#407 = ADVANCED_FACE ( 'NONE', ( #3972 ), #287, .F. ) ;
#408 = PRODUCT_DEFINITION_SHAPE ( 'NONE', 'NONE',  #5570 ) ;
#409 = CARTESIAN_POINT ( 'NONE',  ( 0.6000000000000001998, 0.02750000000000000361, 0.000000000000000000 ) ) ;
#410 = UNCERTAINTY_MEASURE_WITH_UNIT (LENGTH_MEASURE( 1.000000000000000082E-05 ), #1474, 'distance_accuracy_value', 'NONE');
#411 = ORIENTED_EDGE ( 'NONE', *, *, #4456, .F. ) ;
#412 = FACE_OUTER_BOUND ( 'NONE', #1159, .T. ) ;
#413 = ORIENTED_EDGE ( 'NONE', *, *, #3381, .T. ) ;
#414 = FACE_OUTER_BOUND ( 'NONE', #2849, .T. ) ;
#416 = ORIENTED_EDGE ( 'NONE', *, *, #4961, .F. ) ;
#415 = CARTESIAN_POINT ( 'NONE',  ( 0.1000000000000001860, 0.02750000000000000361, -2.710505431213763550E-17 ) ) ;
#417 = CARTESIAN_POINT ( 'NONE',  ( -0.09999999999999993616, 0.000000000000000000, 0.5000000000000002220 ) ) ;
#418 = CARTESIAN_POINT ( 'NONE',  ( 0.6750000000000000444, 0.000000000000000000, 0.2000000000000000111 ) ) ;
#419 = LINE ( 'NONE', #4114, #2176 ) ;
#420 = EDGE_CURVE ( 'NONE', #2682, #5819, #5333, .T. ) ;
#421 = AXIS2_PLACEMENT_3D ( 'NONE', #5808, #2122, #4914 ) ;
#422 = LINE ( 'NONE', #2247, #3692 ) ;
#423 = VERTEX_POINT ( 'NONE', #1260 ) ;
#424 = ORIENTED_EDGE ( 'NONE', *, *, #639, .F. ) ;
#425 = ORIENTED_EDGE ( 'NONE', *, *, #1074, .F. ) ;
#426 = CARTESIAN_POINT ( 'NONE',  ( -0.3999999999999998557, 0.4950000000000001066, 1.084202172485503078E-16 ) ) ;
#427 = EDGE_LOOP ( 'NONE', ( #2287, #31, #2365, #507 ) ) ;
#428 = CARTESIAN_POINT ( 'NONE',  ( -0.1000000000000000472, 0.4950000000000011058, 0.4724999999999995315 ) ) ;
#429 = DIRECTION ( 'NONE',  ( 0.000000000000000000, 1.924619241098528542E-16, -1.000000000000000000 ) ) ;
#430 = ORIENTED_EDGE ( 'NONE', *, *, #900, .T. ) ;
#431 = DIRECTION ( 'NONE',  ( 0.000000000000000000, 0.000000000000000000, 1.000000000000000000 ) ) ;
#432 = CARTESIAN_POINT ( 'NONE',  ( -0.3250000000000000666, 0.02750000000000000361, -0.2000000000000000666 ) ) ;
#433 = FACE_OUTER_BOUND ( 'NONE', #2685, .T. ) ;
#434 = COLOUR_RGB ( '',0.7921568627450980005, 0.8196078431372548767, 0.9333333333333333481 ) ;
#435 = ORIENTED_EDGE ( 'NONE', *, *, #2115, .T. ) ;
#436 =( NAMED_UNIT ( * ) PLANE_ANGLE_UNIT ( ) SI_UNIT ( $, .RADIAN. ) );
#437 = DIRECTION ( 'NONE',  ( 0.000000000000000000, 0.000000000000000000, 1.000000000000000000 ) ) ;
#438 = EDGE_LOOP ( 'NONE', ( #4894, #910, #4945, #1677 ) ) ;
#439 = ORIENTED_EDGE ( 'NONE', *, *, #2548, .F. ) ;
#440 = DIRECTION ( 'NONE',  ( -0.000000000000000000, 1.000000000000000000, -0.000000000000000000 ) ) ;
#441 = VERTEX_POINT ( 'NONE', #2168 ) ;
#442 = EDGE_CURVE ( 'NONE', #5511, #1092, #370, .T. ) ;
#443 = FACE_OUTER_BOUND ( 'NONE', #546, .T. ) ;
#444 = LINE ( 'NONE', #4078, #766 ) ;
#445 = VECTOR ( 'NONE', #5008, 1000.000000000000000 ) ;
#446 = ADVANCED_FACE ( 'NONE', ( #4417 ), #3942, .F. ) ;
#447 = EDGE_CURVE ( 'NONE', #3369, #873, #4369, .T. ) ;
#448 = LINE ( 'NONE', #5376, #3420 ) ;
#449 = CARTESIAN_POINT ( 'NONE',  ( -1.000000000000000444, 0.02750000000000000361, -0.4724999999999995315 ) ) ;
#450 = EDGE_LOOP ( 'NONE', ( #2432, #5017, #5289, #4754 ) ) ;
#451 = VECTOR ( 'NONE', #888, 1000.000000000000000 ) ;
#452 = ORIENTED_EDGE ( 'NONE', *, *, #2148, .F. ) ;
#453 = CARTESIAN_POINT ( 'NONE',  ( -0.1750000000000000167, 0.4950000000000009948, -0.4000000000000000222 ) ) ;
#454 = EDGE_CURVE ( 'NONE', #4510, #4497, #2981, .T. ) ;
#455 = ORIENTED_EDGE ( 'NONE', *, *, #1897, .F. ) ;
#456 = CARTESIAN_POINT ( 'NONE',  ( -0.1000000000000000472, 0.5225000000000000755, 0.4000000000000000777 ) ) ;
#457 = ORIENTED_EDGE ( 'NONE', *, *, #4592, .T. ) ;
#458 = CARTESIAN_POINT ( 'NONE',  ( 0.3999999999999999667, 0.000000000000000000, 0.4000000000000000777 ) ) ;
#459 = ORIENTED_EDGE ( 'NONE', *, *, #4077, .T. ) ;
#460 =( LENGTH_UNIT ( ) NAMED_UNIT ( * ) SI_UNIT ( .MILLI., .METRE. ) );
#461 = LINE ( 'NONE', #2289, #1372 ) ;
#462 = CARTESIAN_POINT ( 'NONE',  ( -0.3999999999999999667, 0.5225000000000000755, 0.5000000000000000000 ) ) ;
#463 = ADVANCED_FACE ( 'NONE', ( #2534 ), #5674, .F. ) ;
#464 = VECTOR ( 'NONE', #1428, 1000.000000000000000 ) ;
#465 = VECTOR ( 'NONE', #1194, 1000.000000000000000 ) ;
#466 = VERTEX_POINT ( 'NONE', #4342 ) ;
#467 = CARTESIAN_POINT ( 'NONE',  ( 0.1749999999999999611, 0.5225000000000000755, 0.5000000000000000000 ) ) ;
#468 = LINE ( 'NONE', #1460, #5222 ) ;
#469 = EDGE_LOOP ( 'NONE', ( #4993, #97, #5441, #2889 ) ) ;
#470 = LINE ( 'NONE', #5079, #3431 ) ;
#471 = ORIENTED_EDGE ( 'NONE', *, *, #716, .T. ) ;
#472 = ORIENTED_EDGE ( 'NONE', *, *, #9, .T. ) ;
#473 = CARTESIAN_POINT ( 'NONE',  ( -1.000000000000000444, 0.4950000000000009948, 0.4000000000000001332 ) ) ;
#474 = EDGE_LOOP ( 'NONE', ( #1041, #584, #1228, #3504 ) ) ;
#475 = EDGE_CURVE ( 'NONE', #3297, #2154, #5301, .T. ) ;
#476 = LINE ( 'NONE', #1307, #2023 ) ;
#477 = VECTOR ( 'NONE', #391, 1000.000000000000000 ) ;
#478 = EDGE_CURVE ( 'NONE', #4008, #441, #3920, .T. ) ;
#479 = DIRECTION ( 'NONE',  ( 0.000000000000000000, 1.000000000000000000, 0.000000000000000000 ) ) ;
#480 = LINE ( 'NONE', #4901, #533 ) ;
#481 = VERTEX_POINT ( 'NONE', #2120 ) ;
#482 = ORIENTED_EDGE ( 'NONE', *, *, #4943, .F. ) ;
#483 = VECTOR ( 'NONE', #3444, 1000.000000000000000 ) ;
#484 = CARTESIAN_POINT ( 'NONE',  ( 0.6000000000000000888, 0.000000000000000000, -0.4000000000000000222 ) ) ;
#485 = ORIENTED_EDGE ( 'NONE', *, *, #207, .T. ) ;
#486 = VECTOR ( 'NONE', #1553, 1000.000000000000000 ) ;
#487 = ORIENTED_EDGE ( 'NONE', *, *, #1122, .T. ) ;
#488 = ORIENTED_EDGE ( 'NONE', *, *, #298, .T. ) ;
#489 = ADVANCED_FACE ( 'NONE', ( #2633 ), #4829, .F. ) ;
#490 = CARTESIAN_POINT ( 'NONE',  ( -0.6000000000000000888, 0.4950000000000011058, -0.4000000000000000222 ) ) ;
#491 = ORIENTED_EDGE ( 'NONE', *, *, #3981, .F. ) ;
#492 = LINE ( 'NONE', #551, #3655 ) ;
#493 = DIRECTION ( 'NONE',  ( -1.000000000000000000, 0.000000000000000000, 0.000000000000000000 ) ) ;
#494 = EDGE_CURVE ( 'NONE', #2782, #4457, #311, .T. ) ;
#495 = EDGE_CURVE ( 'NONE', #1944, #4380, #2140, .T. ) ;
#496 = ORIENTED_EDGE ( 'NONE', *, *, #578, .T. ) ;
#497 = DIRECTION ( 'NONE',  ( -0.000000000000000000, 1.000000000000000000, -0.000000000000000000 ) ) ;
#498 = PLANE ( 'NONE',  #2654 ) ;
#499 = VERTEX_POINT ( 'NONE', #3058 ) ;
#500 = ORIENTED_EDGE ( 'NONE', *, *, #2902, .T. ) ;
#501 = FACE_OUTER_BOUND ( 'NONE', #1793, .T. ) ;
#502 = CARTESIAN_POINT ( 'NONE',  ( 0.6750000000000000444, 0.02750000000000000361, 0.2000000000000000389 ) ) ;
#503 = ORIENTED_EDGE ( 'NONE', *, *, #612, .F. ) ;
#504 = FACE_OUTER_BOUND ( 'NONE', #2599, .T. ) ;
#505 = CARTESIAN_POINT ( 'NONE',  ( -0.3999999999999999667, 0.000000000000000000, 0.4000000000000000777 ) ) ;
#506 = DIRECTION ( 'NONE',  ( -1.000000000000000000, -0.000000000000000000, 0.000000000000000000 ) ) ;
#507 = ORIENTED_EDGE ( 'NONE', *, *, #5239, .F. ) ;
#508 = FACE_OUTER_BOUND ( 'NONE', #628, .T. ) ;
#509 = EDGE_LOOP ( 'NONE', ( #1473, #2418, #1316, #3333 ) ) ;
#510 = DIRECTION ( 'NONE',  ( -0.000000000000000000, 0.000000000000000000, 1.000000000000000000 ) ) ;
#511 = ORIENTED_EDGE ( 'NONE', *, *, #571, .F. ) ;
#512 = EDGE_CURVE ( 'NONE', #2564, #5541, #4857, .T. ) ;
#513 = CARTESIAN_POINT ( 'NONE',  ( 0.1749999999999999611, 0.000000000000000000, 0.4000000000000000777 ) ) ;
#514 = VERTEX_POINT ( 'NONE', #3457 ) ;
#515 = VECTOR ( 'NONE', #3523, 1000.000000000000000 ) ;
#516 = DIRECTION ( 'NONE',  ( -1.000000000000000000, 0.000000000000000000, 0.000000000000000000 ) ) ;
#517 = ORIENTED_EDGE ( 'NONE', *, *, #2743, .F. ) ;
#518 = VERTEX_POINT ( 'NONE', #3004 ) ;
#519 = CARTESIAN_POINT ( 'NONE',  ( 0.8250000000000001776, 0.5225000000000000755, 0.2500000000000000000 ) ) ;
#520 = VECTOR ( 'NONE', #4256, 1000.000000000000000 ) ;
#521 = DIRECTION ( 'NONE',  ( -0.000000000000000000, -0.000000000000000000, 1.000000000000000000 ) ) ;
#522 = CARTESIAN_POINT ( 'NONE',  ( 0.9000000000000000222, 0.5225000000000000755, 0.2500000000000000000 ) ) ;
#523 = LINE ( 'NONE', #3599, #2595 ) ;
#524 = ORIENTED_EDGE ( 'NONE', *, *, #2517, .T. ) ;
#525 = DIRECTION ( 'NONE',  ( -0.000000000000000000, 1.224646799147352961E-16, -1.000000000000000000 ) ) ;
#526 = CARTESIAN_POINT ( 'NONE',  ( -1.000000000000000444, 0.4950000000000011058, -0.4724999999999995315 ) ) ;
#527 = EDGE_LOOP ( 'NONE', ( #4451, #5537, #1413, #5162, #2471, #5520, #2250, #2755 ) ) ;
#528 = ADVANCED_FACE ( 'NONE', ( #734 ), #2556, .F. ) ;
#529 = AXIS2_PLACEMENT_3D ( 'NONE', #1313, #3192, #2695 ) ;
#530 = DIRECTION ( 'NONE',  ( -1.000000000000000000, -0.000000000000000000, 0.000000000000000000 ) ) ;
#531 = VERTEX_POINT ( 'NONE', #4944 ) ;
#532 = CARTESIAN_POINT ( 'NONE',  ( 0.8249999999999999556, 0.000000000000000000, -0.4000000000000002442 ) ) ;
#533 = VECTOR ( 'NONE', #1760, 1000.000000000000000 ) ;
#534 = ORIENTED_EDGE ( 'NONE', *, *, #3051, .T. ) ;
#535 = DIRECTION ( 'NONE',  ( 0.000000000000000000, -1.000000000000000000, 0.000000000000000000 ) ) ;
#536 = EDGE_CURVE ( 'NONE', #763, #1346, #4474, .T. ) ;
#537 = CARTESIAN_POINT ( 'NONE',  ( -1.000000000000000444, 0.5225000000000000755, 0.5000000000000000000 ) ) ;
#538 = CARTESIAN_POINT ( 'NONE',  ( 0.1000000000000000472, 0.5225000000000000755, -0.5000000000000000000 ) ) ;
#539 = VERTEX_POINT ( 'NONE', #4562 ) ;
#540 = DIRECTION ( 'NONE',  ( 0.000000000000000000, -1.971276677246373097E-15, 1.000000000000000000 ) ) ;
#541 = VERTEX_POINT ( 'NONE', #490 ) ;
#542 = CARTESIAN_POINT ( 'NONE',  ( -0.3999999999999999667, 2.707018309146649315, 0.4724999999999994205 ) ) ;
#543 = ORIENTED_EDGE ( 'NONE', *, *, #1776, .F. ) ;
#544 = SURFACE_SIDE_STYLE ('',( #1598 ) ) ;
#545 = CARTESIAN_POINT ( 'NONE',  ( -0.6750000000000000444, 0.000000000000000000, 0.4000000000000000777 ) ) ;
#546 = EDGE_LOOP ( 'NONE', ( #5504, #1712, #4032, #4581, #5313, #3152, #5843, #1398 ) ) ;
#547 = VECTOR ( 'NONE', #116, 1000.000000000000000 ) ;
#548 = VECTOR ( 'NONE', #3787, 1000.000000000000000 ) ;
#549 =( LENGTH_UNIT ( ) NAMED_UNIT ( * ) SI_UNIT ( .MILLI., .METRE. ) );
#550 = VERTEX_POINT ( 'NONE', #4589 ) ;
#551 = CARTESIAN_POINT ( 'NONE',  ( 0.8249999999999999556, 0.000000000000000000, -0.4000000000000002442 ) ) ;
#552 = DIRECTION ( 'NONE',  ( -0.000000000000000000, 0.000000000000000000, 1.000000000000000000 ) ) ;
#553 = LINE ( 'NONE', #2617, #4203 ) ;
#554 = ADVANCED_FACE ( 'NONE', ( #3143 ), #4997, .F. ) ;
#555 = ORIENTED_EDGE ( 'NONE', *, *, #1704, .F. ) ;
#556 = LINE ( 'NONE', #5518, #2033 ) ;
#557 = EDGE_CURVE ( 'NONE', #1026, #4586, #5834, .T. ) ;
#558 = PLANE ( 'NONE',  #2423 ) ;
#559 = EDGE_LOOP ( 'NONE', ( #4577, #25, #4641, #1913 ) ) ;
#560 = CARTESIAN_POINT ( 'NONE',  ( 1.000000000000000222, 2.707018309146649315, 0.4724999999999995315 ) ) ;
#561 = EDGE_CURVE ( 'NONE', #1665, #2017, #2257, .T. ) ;
#562 = CARTESIAN_POINT ( 'NONE',  ( 0.4000000000000000777, 0.02750000000000000361, 0.000000000000000000 ) ) ;
#563 = VERTEX_POINT ( 'NONE', #2203 ) ;
#564 = VECTOR ( 'NONE', #5062, 1000.000000000000000 ) ;
#565 = VECTOR ( 'NONE', #1236, 1000.000000000000000 ) ;
#566 = EDGE_LOOP ( 'NONE', ( #5176, #4414, #4398, #4892 ) ) ;
#567 = CARTESIAN_POINT ( 'NONE',  ( -0.1000000000000000472, 0.000000000000000000, 0.4000000000000000777 ) ) ;
#568 = EDGE_CURVE ( 'NONE', #2210, #4704, #874, .T. ) ;
#569 = AXIS2_PLACEMENT_3D ( 'NONE', #5174, #1106, #2927 ) ;
#571 = EDGE_CURVE ( 'NONE', #3610, #2716, #1835, .T. ) ;
#570 = ORIENTED_EDGE ( 'NONE', *, *, #3994, .T. ) ;
#572 = CARTESIAN_POINT ( 'NONE',  ( 0.9725000000000002531, 0.5225000000000001865, -0.3000000000000000444 ) ) ;
#573 = VECTOR ( 'NONE', #1258, 1000.000000000000000 ) ;
#574 = ORIENTED_EDGE ( 'NONE', *, *, #143, .T. ) ;
#575 = FACE_OUTER_BOUND ( 'NONE', #49, .T. ) ;
#576 = DIRECTION ( 'NONE',  ( 1.000000000000000000, 0.000000000000000000, -0.000000000000000000 ) ) ;
#577 = DIRECTION ( 'NONE',  ( 0.000000000000000000, -0.000000000000000000, 1.000000000000000000 ) ) ;
#578 = EDGE_CURVE ( 'NONE', #1344, #1849, #4910, .T. ) ;
#579 = CARTESIAN_POINT ( 'NONE',  ( -0.8249999999999999556, 0.000000000000000000, 0.4000000000000000777 ) ) ;
#580 = EDGE_LOOP ( 'NONE', ( #1842, #3090, #5060, #4965 ) ) ;
#581 = DIRECTION ( 'NONE',  ( 0.000000000000000000, 0.000000000000000000, 1.000000000000000000 ) ) ;
#582 = EDGE_CURVE ( 'NONE', #2650, #1552, #2286, .T. ) ;
#583 = AXIS2_PLACEMENT_3D ( 'NONE', #2776, #1854, #2218 ) ;
#584 = ORIENTED_EDGE ( 'NONE', *, *, #571, .T. ) ;
#585 = FACE_OUTER_BOUND ( 'NONE', #1771, .T. ) ;
#586 = CARTESIAN_POINT ( 'NONE',  ( 0.9000000000000000222, 0.4950000000000009948, -0.2500000000000000000 ) ) ;
#587 = ORIENTED_EDGE ( 'NONE', *, *, #4350, .F. ) ;
#588 = AXIS2_PLACEMENT_3D ( 'NONE', #3416, #1201, #671 ) ;
#589 = LINE ( 'NONE', #4311, #1013 ) ;
#590 = VECTOR ( 'NONE', #1037, 1000.000000000000000 ) ;
#591 = ORIENTED_EDGE ( 'NONE', *, *, #3978, .F. ) ;
#592 = LINE ( 'NONE', #1096, #891 ) ;
#593 = CARTESIAN_POINT ( 'NONE',  ( -0.3999999999999999667, 0.5225000000000000755, 0.5000000000000000000 ) ) ;
#594 = DIRECTION ( 'NONE',  ( 0.000000000000000000, 0.000000000000000000, -1.000000000000000000 ) ) ;
#595 = ORIENTED_EDGE ( 'NONE', *, *, #3905, .F. ) ;
#596 = DIRECTION ( 'NONE',  ( -0.000000000000000000, 1.000000000000000000, -0.000000000000000000 ) ) ;
#597 = CARTESIAN_POINT ( 'NONE',  ( 0.6750000000000000444, 0.5225000000000000755, 0.2500000000000000000 ) ) ;
#598 = ORIENTED_EDGE ( 'NONE', *, *, #3213, .T. ) ;
#599 = DIRECTION ( 'NONE',  ( -1.000000000000000000, -0.000000000000000000, 0.000000000000000000 ) ) ;
#600 = DIRECTION ( 'NONE',  ( 0.000000000000000000, 0.000000000000000000, -1.000000000000000000 ) ) ;
#601 = ORIENTED_EDGE ( 'NONE', *, *, #2959, .F. ) ;
#602 = CARTESIAN_POINT ( 'NONE',  ( -0.3250000000000000666, 0.4950000000000009948, -0.2500000000000000000 ) ) ;
#603 = DIRECTION ( 'NONE',  ( 0.000000000000000000, 0.000000000000000000, 1.000000000000000000 ) ) ;
#604 = ORIENTED_EDGE ( 'NONE', *, *, #1917, .F. ) ;
#605 = CARTESIAN_POINT ( 'NONE',  ( 0.8250000000000001776, 0.02750000000000000361, 0.4724999999999995315 ) ) ;
#606 = CARTESIAN_POINT ( 'NONE',  ( 0.1749999999999999611, 0.000000000000000000, 0.4000000000000000777 ) ) ;
#607 = PLANE ( 'NONE',  #1408 ) ;
#608 = DIRECTION ( 'NONE',  ( 0.000000000000000000, 1.000000000000000000, 0.000000000000000000 ) ) ;
#609 = DIRECTION ( 'NONE',  ( 0.000000000000000000, 0.000000000000000000, 1.000000000000000000 ) ) ;
#610 = ORIENTED_EDGE ( 'NONE', *, *, #5593, .F. ) ;
#611 = LINE ( 'NONE', #993, #3620 ) ;
#612 = EDGE_CURVE ( 'NONE', #3635, #929, #938, .T. ) ;
#613 = CARTESIAN_POINT ( 'NONE',  ( -0.8249999999999999556, 0.000000000000000000, 0.4000000000000000777 ) ) ;
#614 = ORIENTED_EDGE ( 'NONE', *, *, #5241, .T. ) ;
#615 = CARTESIAN_POINT ( 'NONE',  ( 0.1749999999999999611, 0.000000000000000000, 0.4000000000000000777 ) ) ;
#616 = EDGE_LOOP ( 'NONE', ( #3647, #4911, #3752, #496 ) ) ;
#617 = LINE ( 'NONE', #2448, #322 ) ;
#618 = CARTESIAN_POINT ( 'NONE',  ( -0.3999999999999999667, 0.4950000000000002176, 0.4724999999999994205 ) ) ;
#619 = CARTESIAN_POINT ( 'NONE',  ( 0.000000000000000000, 0.02750000000000000361, 0.3000000000000001554 ) ) ;
#620 = VERTEX_POINT ( 'NONE', #3554 ) ;
#621 = FACE_OUTER_BOUND ( 'NONE', #1581, .T. ) ;
#622 = DIRECTION ( 'NONE',  ( -0.000000000000000000, 0.000000000000000000, -1.000000000000000000 ) ) ;
#623 = VECTOR ( 'NONE', #4630, 1000.000000000000000 ) ;
#624 = DIRECTION ( 'NONE',  ( -0.000000000000000000, 1.000000000000000000, -0.000000000000000000 ) ) ;
#625 = ORIENTED_EDGE ( 'NONE', *, *, #812, .F. ) ;
#626 = CARTESIAN_POINT ( 'NONE',  ( 0.000000000000000000, 0.02750000000000000361, -0.3000000000000000444 ) ) ;
#627 = CARTESIAN_POINT ( 'NONE',  ( -0.3999999999999999667, 0.5225000000000000755, -0.4000000000000000777 ) ) ;
#628 = EDGE_LOOP ( 'NONE', ( #5641, #4013, #2791, #3548 ) ) ;
#629 = LINE ( 'NONE', #4705, #376 ) ;
#630 = LINE ( 'NONE', #668, #173 ) ;
#631 = ORIENTED_EDGE ( 'NONE', *, *, #3809, .F. ) ;
#632 = DIRECTION ( 'NONE',  ( -1.000000000000000000, 0.000000000000000000, 0.000000000000000000 ) ) ;
#633 = EDGE_CURVE ( 'NONE', #654, #3139, #4528, .T. ) ;
#634 = DIRECTION ( 'NONE',  ( -1.000000000000000000, 0.000000000000000000, -0.000000000000000000 ) ) ;
#635 = AXIS2_PLACEMENT_3D ( 'NONE', #1070, #2895, #3870 ) ;
#636 = DIRECTION ( 'NONE',  ( -1.000000000000000000, 0.000000000000000000, 0.000000000000000000 ) ) ;
#637 = DIRECTION ( 'NONE',  ( 0.000000000000000000, 0.000000000000000000, -1.000000000000000000 ) ) ;
#638 =( NAMED_UNIT ( * ) SI_UNIT ( $, .STERADIAN. ) SOLID_ANGLE_UNIT ( ) );
#639 = EDGE_CURVE ( 'NONE', #4051, #5095, #2314, .T. ) ;
#640 = ORIENTED_EDGE ( 'NONE', *, *, #223, .T. ) ;
#641 = EDGE_CURVE ( 'NONE', #2129, #4538, #5805, .T. ) ;
#642 = LINE ( 'NONE', #3361, #3906 ) ;
#643 = VECTOR ( 'NONE', #3225, 1000.000000000000000 ) ;
#644 = CARTESIAN_POINT ( 'NONE',  ( -1.000000000000000444, 2.707018309146649315, 0.4724999999999993650 ) ) ;
#645 = VERTEX_POINT ( 'NONE', #2667 ) ;
#646 = LINE ( 'NONE', #1126, #2261 ) ;
#647 = ORIENTED_EDGE ( 'NONE', *, *, #3307, .F. ) ;
#648 = EDGE_CURVE ( 'NONE', #61, #4852, #3617, .T. ) ;
#649 = CARTESIAN_POINT ( 'NONE',  ( 0.1000000000000000472, 0.5225000000000000755, 0.4000000000000000777 ) ) ;
#650 = DIRECTION ( 'NONE',  ( 0.000000000000000000, -2.168404344971009115E-16, 1.000000000000000000 ) ) ;
#651 = LINE ( 'NONE', #5168, #4605 ) ;
#652 = VECTOR ( 'NONE', #4702, 1000.000000000000000 ) ;
#653 = VECTOR ( 'NONE', #186, 1000.000000000000000 ) ;
#654 = VERTEX_POINT ( 'NONE', #458 ) ;
#655 = PLANE ( 'NONE',  #946 ) ;
#656 = CARTESIAN_POINT ( 'NONE',  ( 0.6000000000000000888, 0.4950000000000011058, 0.4724999999999995315 ) ) ;
#657 = LINE ( 'NONE', #3007, #1856 ) ;
#658 = EDGE_LOOP ( 'NONE', ( #4721, #1600, #5036, #1486, #3496, #4519, #1287, #4906 ) ) ;
#659 = CARTESIAN_POINT ( 'NONE',  ( -0.3999999999999998557, 0.4950000000000001066, 0.000000000000000000 ) ) ;
#660 = EDGE_CURVE ( 'NONE', #563, #5238, #4124, .T. ) ;
#661 = VECTOR ( 'NONE', #3735, 1000.000000000000000 ) ;
#662 = AXIS2_PLACEMENT_3D ( 'NONE', #2880, #4177, #4684 ) ;
#663 = CARTESIAN_POINT ( 'NONE',  ( 0.9000000000000000222, 0.02750000000000000361, 0.4000000000000000777 ) ) ;
#664 = VERTEX_POINT ( 'NONE', #4092 ) ;
#665 = EDGE_CURVE ( 'NONE', #344, #955, #5448, .T. ) ;
#666 = EDGE_CURVE ( 'NONE', #2682, #1665, #5032, .T. ) ;
#667 = CARTESIAN_POINT ( 'NONE',  ( -0.8249999999999999556, 0.02750000000000000361, 0.2000000000000000666 ) ) ;
#668 = CARTESIAN_POINT ( 'NONE',  ( 0.6750000000000000444, 0.02750000000000000361, -0.2000000000000000666 ) ) ;
#669 = ORIENTED_EDGE ( 'NONE', *, *, #2138, .T. ) ;
#670 = DIRECTION ( 'NONE',  ( -1.000000000000000000, 0.000000000000000000, -1.084202172485504064E-16 ) ) ;
#671 = DIRECTION ( 'NONE',  ( 2.710505431213760592E-16, 0.000000000000000000, 1.000000000000000000 ) ) ;
#672 = FACE_OUTER_BOUND ( 'NONE', #1338, .T. ) ;
#673 = VECTOR ( 'NONE', #1097, 1000.000000000000000 ) ;
#674 = VECTOR ( 'NONE', #2510, 1000.000000000000000 ) ;
#675 = LINE ( 'NONE', #3328, #1388 ) ;
#676 = DIRECTION ( 'NONE',  ( -1.000000000000000000, -0.000000000000000000, -0.000000000000000000 ) ) ;
#677 = EDGE_CURVE ( 'NONE', #1540, #2223, #5389, .T. ) ;
#678 = CARTESIAN_POINT ( 'NONE',  ( 1.000000000000000222, -1.592040838891559034E-17, -0.5000000000000000000 ) ) ;
#679 = DIRECTION ( 'NONE',  ( -0.000000000000000000, 1.000000000000000000, -0.000000000000000000 ) ) ;
#680 = ORIENTED_EDGE ( 'NONE', *, *, #2594, .T. ) ;
#681 = LINE ( 'NONE', #260, #4239 ) ;
#682 = DIRECTION ( 'NONE',  ( -1.000000000000000000, 0.000000000000000000, 0.000000000000000000 ) ) ;
#683 = LINE ( 'NONE', #204, #247 ) ;
#684 = ADVANCED_FACE ( 'NONE', ( #5635 ), #2473, .F. ) ;
#685 = VECTOR ( 'NONE', #4742, 1000.000000000000000 ) ;
#686 = ORIENTED_EDGE ( 'NONE', *, *, #207, .F. ) ;
#687 = CARTESIAN_POINT ( 'NONE',  ( -0.1750000000000000167, 0.4950000000000009948, 0.2500000000000000000 ) ) ;
#688 = CARTESIAN_POINT ( 'NONE',  ( -0.6000000000000000888, 0.4950000000000009948, 0.2500000000000000000 ) ) ;
#689 = DIRECTION ( 'NONE',  ( 1.000000000000000000, 0.000000000000000000, 0.000000000000000000 ) ) ;
#690 = VERTEX_POINT ( 'NONE', #2443 ) ;
#691 = FACE_OUTER_BOUND ( 'NONE', #1830, .T. ) ;
#692 = DIRECTION ( 'NONE',  ( 0.000000000000000000, -1.000000000000000000, 0.000000000000000000 ) ) ;
#693 = ORIENTED_EDGE ( 'NONE', *, *, #2, .F. ) ;
#694 = EDGE_CURVE ( 'NONE', #2154, #3551, #2886, .T. ) ;
#695 = EDGE_CURVE ( 'NONE', #541, #1540, #65, .T. ) ;
#696 = AXIS2_PLACEMENT_3D ( 'NONE', #5084, #5629, #634 ) ;
#697 = FACE_OUTER_BOUND ( 'NONE', #3609, .T. ) ;
#698 = ORIENTED_EDGE ( 'NONE', *, *, #3887, .F. ) ;
#699 = CARTESIAN_POINT ( 'NONE',  ( -0.3250000000000000666, 0.4950000000000009948, 0.2500000000000000000 ) ) ;
#700 = CARTESIAN_POINT ( 'NONE',  ( 0.3250000000000000111, 0.02750000000000000361, -0.2000000000000000389 ) ) ;
#701 = LINE ( 'NONE', #5715, #3422 ) ;
#702 = DIRECTION ( 'NONE',  ( 0.000000000000000000, -2.168404344971008868E-16, 1.000000000000000000 ) ) ;
#703 =( NAMED_UNIT ( * ) PLANE_ANGLE_UNIT ( ) SI_UNIT ( $, .RADIAN. ) );
#704 = DIRECTION ( 'NONE',  ( -2.710505431213758620E-16, 0.000000000000000000, -1.000000000000000000 ) ) ;
#705 = CARTESIAN_POINT ( 'NONE',  ( 0.3999999999999999667, 0.4950000000000009948, -0.2500000000000000000 ) ) ;
#706 = ORIENTED_EDGE ( 'NONE', *, *, #5475, .F. ) ;
#707 = LINE ( 'NONE', #2088, #717 ) ;
#708 = PLANE ( 'NONE',  #3234 ) ;
#709 = CARTESIAN_POINT ( 'NONE',  ( -1.000000000000000444, 2.707018309146649315, 0.4724999999999993650 ) ) ;
#710 = ADVANCED_FACE ( 'NONE', ( #3393 ), #1901, .F. ) ;
#711 = DIRECTION ( 'NONE',  ( 1.000000000000000000, -0.000000000000000000, 7.228014483236719235E-16 ) ) ;
#712 = CARTESIAN_POINT ( 'NONE',  ( -0.3999999999999999667, 0.02750000000000000361, -0.4724999999999995315 ) ) ;
#713 = CARTESIAN_POINT ( 'NONE',  ( 1.000000000000000222, 0.02750000000000000361, 0.4724999999999995315 ) ) ;
#714 = FACE_OUTER_BOUND ( 'NONE', #3345, .T. ) ;
#715 = CARTESIAN_POINT ( 'NONE',  ( 1.000000000000000222, 0.000000000000000000, 0.3999999999999999112 ) ) ;
#716 = EDGE_CURVE ( 'NONE', #86, #5098, #2345, .T. ) ;
#717 = VECTOR ( 'NONE', #3334, 1000.000000000000000 ) ;
#718 = CARTESIAN_POINT ( 'NONE',  ( -0.1000000000000000472, 0.000000000000000000, -0.4000000000000000222 ) ) ;
#719 = EDGE_CURVE ( 'NONE', #1964, #5637, #2943, .T. ) ;
#720 = ORIENTED_EDGE ( 'NONE', *, *, #1128, .F. ) ;
#721 = VECTOR ( 'NONE', #5612, 1000.000000000000000 ) ;
#722 = CARTESIAN_POINT ( 'NONE',  ( 0.3999999999999999667, 0.5225000000000000755, 0.4000000000000000777 ) ) ;
#723 = CARTESIAN_POINT ( 'NONE',  ( -0.8249999999999999556, 0.000000000000000000, 0.4000000000000000777 ) ) ;
#724 = CARTESIAN_POINT ( 'NONE',  ( 0.3999999999999999667, 0.5225000000000000755, 0.4000000000000000777 ) ) ;
#725 = EDGE_CURVE ( 'NONE', #3754, #5799, #1956, .T. ) ;
#726 = AXIS2_PLACEMENT_3D ( 'NONE', #3675, #5026, #2815 ) ;
#727 = AXIS2_PLACEMENT_3D ( 'NONE', #3921, #3029, #5335 ) ;
#728 = CARTESIAN_POINT ( 'NONE',  ( -0.6750000000000000444, 0.02750000000000000361, -0.4724999999999995315 ) ) ;
#729 = VERTEX_POINT ( 'NONE', #3834 ) ;
#730 = CARTESIAN_POINT ( 'NONE',  ( 0.6000000000000000888, -1.592040838891558417E-17, -0.5000000000000000000 ) ) ;
#731 = VECTOR ( 'NONE', #506, 1000.000000000000000 ) ;
#732 = DIRECTION ( 'NONE',  ( -0.000000000000000000, 1.000000000000000000, -0.000000000000000000 ) ) ;
#733 = CARTESIAN_POINT ( 'NONE',  ( 1.000000000000000222, 0.4950000000000002176, 0.4724999999999995315 ) ) ;
#734 = FACE_OUTER_BOUND ( 'NONE', #4468, .T. ) ;
#735 = CARTESIAN_POINT ( 'NONE',  ( 0.9000000000000000222, 0.4950000000000009948, -0.4000000000000000222 ) ) ;
#736 = CARTESIAN_POINT ( 'NONE',  ( 0.4000000000000000777, 0.02750000000000018055, 0.4724999999999995315 ) ) ;
#737 = EDGE_CURVE ( 'NONE', #2344, #825, #136, .T. ) ;
#738 = CARTESIAN_POINT ( 'NONE',  ( -0.9725000000000004752, 0.5225000000000001865, -0.3000000000000000444 ) ) ;
#739 = EDGE_CURVE ( 'NONE', #514, #4511, #198, .T. ) ;
#740 = CIRCLE ( 'NONE', #5855, 0.01833333333333325363 ) ;
#741 = VECTOR ( 'NONE', #1915, 1000.000000000000000 ) ;
#742 = ADVANCED_FACE ( 'NONE', ( #3712 ), #1990, .F. ) ;
#743 = VERTEX_POINT ( 'NONE', #5539 ) ;
#744 = PLANE ( 'NONE',  #1639 ) ;
#745 = EDGE_LOOP ( 'NONE', ( #4408, #2855, #3927, #4251 ) ) ;
#746 = ADVANCED_FACE ( 'NONE', ( #5510 ), #5094, .T. ) ;
#748 = ORIENTED_EDGE ( 'NONE', *, *, #1703, .T. ) ;
#747 = DIRECTION ( 'NONE',  ( 0.000000000000000000, 0.000000000000000000, 1.000000000000000000 ) ) ;
#749 = FACE_OUTER_BOUND ( 'NONE', #5356, .T. ) ;
#750 = DIRECTION ( 'NONE',  ( 0.000000000000000000, 0.000000000000000000, 1.000000000000000222 ) ) ;
#751 = VECTOR ( 'NONE', #4631, 1000.000000000000000 ) ;
#752 = EDGE_CURVE ( 'NONE', #1105, #2716, #4625, .T. ) ;
#753 = VECTOR ( 'NONE', #5137, 1000.000000000000000 ) ;
#754 = CARTESIAN_POINT ( 'NONE',  ( 0.9000000000000000222, -1.592040838891558417E-17, 0.5000000000000000000 ) ) ;
#755 = EDGE_CURVE ( 'NONE', #2627, #3146, #5128, .T. ) ;
#756 = ORIENTED_EDGE ( 'NONE', *, *, #5457, .F. ) ;
#757 = VECTOR ( 'NONE', #902, 1000.000000000000000 ) ;
#758 = FACE_OUTER_BOUND ( 'NONE', #469, .T. ) ;
#759 = VECTOR ( 'NONE', #5804, 1000.000000000000000 ) ;
#760 = CARTESIAN_POINT ( 'NONE',  ( 0.8249999999999999556, 0.000000000000000000, -0.4000000000000002442 ) ) ;
#761 = DIRECTION ( 'NONE',  ( -1.000000000000000000, 0.000000000000000000, -0.000000000000000000 ) ) ;
#762 = CARTESIAN_POINT ( 'NONE',  ( 1.000000000000000222, 0.4950000000000011058, -0.4724999999999995315 ) ) ;
#763 = VERTEX_POINT ( 'NONE', #1060 ) ;
#764 = CARTESIAN_POINT ( 'NONE',  ( 0.1000000000000001582, 0.4950000000000001066, 0.000000000000000000 ) ) ;
#765 = DIRECTION ( 'NONE',  ( -1.000000000000000000, -0.000000000000000000, -0.000000000000000000 ) ) ;
#766 = VECTOR ( 'NONE', #3543, 1000.000000000000000 ) ;
#767 = AXIS2_PLACEMENT_3D ( 'NONE', #111, #3565, #5788 ) ;
#768 = ADVANCED_FACE ( 'NONE', ( #1574 ), #2852, .F. ) ;
#769 = EDGE_LOOP ( 'NONE', ( #4902, #2696, #2269, #4353, #7, #3616, #3463, #4855 ) ) ;
#770 = CARTESIAN_POINT ( 'NONE',  ( 0.4000000000000000777, 0.4950000000000001066, 0.4724999999999995315 ) ) ;
#771 = CARTESIAN_POINT ( 'NONE',  ( -0.1000000000000000472, 0.02750000000000000361, -0.4724999999999995315 ) ) ;
#773 = ORIENTED_EDGE ( 'NONE', *, *, #2066, .F. ) ;
#772 = CARTESIAN_POINT ( 'NONE',  ( 0.1000000000000001027, 0.4950000000000001066, -0.3000000000000000444 ) ) ;
#774 = DIRECTION ( 'NONE',  ( 0.000000000000000000, 0.000000000000000000, -1.000000000000000000 ) ) ;
#775 = SHAPE_DEFINITION_REPRESENTATION ( #408, #1595 ) ;
#776 = DIRECTION ( 'NONE',  ( 0.000000000000000000, -1.000000000000000000, 0.000000000000000000 ) ) ;
#777 = LINE ( 'NONE', #360, #4428 ) ;
#778 = EDGE_LOOP ( 'NONE', ( #5614, #2332, #2699, #4198, #1798, #3438, #5618, #2801 ) ) ;
#779 = VERTEX_POINT ( 'NONE', #4190 ) ;
#780 = VERTEX_POINT ( 'NONE', #2915 ) ;
#781 = CARTESIAN_POINT ( 'NONE',  ( 1.000000000000000222, 0.4950000000000002176, 0.4724999999999995315 ) ) ;
#782 = ADVANCED_FACE ( 'NONE', ( #1931 ), #4720, .F. ) ;
#783 = VERTEX_POINT ( 'NONE', #2588 ) ;
#784 = DIRECTION ( 'NONE',  ( 0.000000000000000000, -0.000000000000000000, -1.000000000000000000 ) ) ;
#785 = ADVANCED_FACE ( 'NONE', ( #4926 ), #3930, .F. ) ;
#786 = LINE ( 'NONE', #1606, #2565 ) ;
#787 = LINE ( 'NONE', #5361, #1205 ) ;
#788 = ORIENTED_EDGE ( 'NONE', *, *, #20, .F. ) ;
#789 = CARTESIAN_POINT ( 'NONE',  ( 0.3999999999999999667, 0.4950000000000011058, -0.4000000000000000222 ) ) ;
#790 = DIRECTION ( 'NONE',  ( -1.000000000000000000, 0.000000000000000000, 0.000000000000000000 ) ) ;
#791 = DIRECTION ( 'NONE',  ( -1.000000000000000000, 0.000000000000000000, 7.228014483236698528E-16 ) ) ;
#792 = ORIENTED_EDGE ( 'NONE', *, *, #1276, .F. ) ;
#793 = DIRECTION ( 'NONE',  ( 0.000000000000000000, 0.000000000000000000, -1.000000000000000000 ) ) ;
#794 = VECTOR ( 'NONE', #4060, 1000.000000000000000 ) ;
#795 = LINE ( 'NONE', #3489, #4284 ) ;
#797 = ORIENTED_EDGE ( 'NONE', *, *, #2763, .F. ) ;
#796 = LINE ( 'NONE', #2620, #339 ) ;
#798 = LINE ( 'NONE', #2622, #1894 ) ;
#799 = AXIS2_PLACEMENT_3D ( 'NONE', #1132, #2507, #4316 ) ;
#800 = EDGE_CURVE ( 'NONE', #4839, #4149, #795, .T. ) ;
#801 = FACE_OUTER_BOUND ( 'NONE', #5080, .T. ) ;
#802 = CARTESIAN_POINT ( 'NONE',  ( 0.6750000000000000444, 0.000000000000000000, 0.4000000000000000777 ) ) ;
#803 = ORIENTED_EDGE ( 'NONE', *, *, #2431, .T. ) ;
#804 = ORIENTED_EDGE ( 'NONE', *, *, #2161, .F. ) ;
#805 = ADVANCED_FACE ( 'NONE', ( #230 ), #2152, .F. ) ;
#806 = PLANE ( 'NONE',  #5738 ) ;
#807 = ORIENTED_EDGE ( 'NONE', *, *, #2502, .F. ) ;
#808 = PLANE ( 'NONE',  #3606 ) ;
#809 = VECTOR ( 'NONE', #3402, 1000.000000000000000 ) ;
#810 = DIRECTION ( 'NONE',  ( -1.000000000000000000, -0.000000000000000000, -0.000000000000000000 ) ) ;
#811 = EDGE_LOOP ( 'NONE', ( #35, #1028, #2389, #2839 ) ) ;
#812 = EDGE_CURVE ( 'NONE', #3195, #3212, #5791, .T. ) ;
#813 = VECTOR ( 'NONE', #1555, 1000.000000000000000 ) ;
#814 = VECTOR ( 'NONE', #1861, 1000.000000000000000 ) ;
#815 = DIRECTION ( 'NONE',  ( -1.000000000000000000, 0.000000000000000000, 0.000000000000000000 ) ) ;
#816 = PRESENTATION_LAYER_ASSIGNMENT (  '', '', ( #1873 ) ) ;
#817 = LINE ( 'NONE', #5838, #5349 ) ;
#818 = ORIENTED_EDGE ( 'NONE', *, *, #3295, .F. ) ;
#819 = DIRECTION ( 'NONE',  ( -0.000000000000000000, 0.000000000000000000, 1.000000000000000000 ) ) ;
#820 = EDGE_CURVE ( 'NONE', #3641, #4506, #3126, .T. ) ;
#821 = EDGE_CURVE ( 'NONE', #4420, #4935, #3566, .T. ) ;
#822 = EDGE_CURVE ( 'NONE', #5800, #3373, #2683, .T. ) ;
#823 = ORIENTED_EDGE ( 'NONE', *, *, #5590, .T. ) ;
#824 = CARTESIAN_POINT ( 'NONE',  ( 0.3999999999999999667, 0.000000000000000000, -0.3000000000000000444 ) ) ;
#825 = VERTEX_POINT ( 'NONE', #828 ) ;
#826 = AXIS2_PLACEMENT_3D ( 'NONE', #3418, #1155, #702 ) ;
#827 = AXIS2_PLACEMENT_3D ( 'NONE', #3957, #5766, #953 ) ;
#828 = CARTESIAN_POINT ( 'NONE',  ( 0.3250000000000000111, 0.5225000000000000755, 0.4000000000000000777 ) ) ;
#830 = ORIENTED_EDGE ( 'NONE', *, *, #1758, .T. ) ;
#829 = DIRECTION ( 'NONE',  ( 1.000000000000000000, 0.000000000000000000, -0.000000000000000000 ) ) ;
#831 = DIRECTION ( 'NONE',  ( -5.343156140101309323E-31, 1.000000000000000000, -1.971276677246373097E-15 ) ) ;
#832 =( NAMED_UNIT ( * ) PLANE_ANGLE_UNIT ( ) SI_UNIT ( $, .RADIAN. ) );
#833 = CLOSED_SHELL ( 'NONE', ( #5471, #4298, #2089, #1251, #1689, #1720, #4043, #710, #3397, #2234, #5696, #914, #390, #3413, #2259, #4278, #4021, #5823 ) ) ;
#834 = VECTOR ( 'NONE', #2811, 1000.000000000000000 ) ;
#835 = DIRECTION ( 'NONE',  ( -0.000000000000000000, 0.000000000000000000, -1.000000000000000000 ) ) ;
#836 = LINE ( 'NONE', #3158, #4739 ) ;
#837 = CARTESIAN_POINT ( 'NONE',  ( -0.6000000000000000888, 0.02750000000000000361, -0.4724999999999995315 ) ) ;
#838 = ORIENTED_EDGE ( 'NONE', *, *, #1246, .F. ) ;
#839 = ORIENTED_EDGE ( 'NONE', *, *, #4458, .T. ) ;
#840 = ORIENTED_EDGE ( 'NONE', *, *, #1122, .F. ) ;
#841 = CARTESIAN_POINT ( 'NONE',  ( -0.1000000000000000472, 0.02750000000000000361, 0.4000000000000000777 ) ) ;
#842 = VECTOR ( 'NONE', #3633, 1000.000000000000000 ) ;
#843 = EDGE_CURVE ( 'NONE', #5778, #4741, #3953, .T. ) ;
#844 = EDGE_LOOP ( 'NONE', ( #3198, #2229, #803, #574, #3728, #1811, #2709, #3998 ) ) ;
#845 = DIRECTION ( 'NONE',  ( -1.000000000000000000, 0.000000000000000000, 0.000000000000000000 ) ) ;
#846 = AXIS2_PLACEMENT_3D ( 'NONE', #11, #493, #5485 ) ;
#847 = DIRECTION ( 'NONE',  ( 0.000000000000000000, 0.000000000000000000, -1.000000000000000000 ) ) ;
#848 = ORIENTED_EDGE ( 'NONE', *, *, #454, .T. ) ;
#849 = VECTOR ( 'NONE', #2578, 1000.000000000000000 ) ;
#850 = DIRECTION ( 'NONE',  ( 0.000000000000000000, -0.000000000000000000, 1.000000000000000000 ) ) ;
#851 = VECTOR ( 'NONE', #1288, 1000.000000000000000 ) ;
#852 = DIRECTION ( 'NONE',  ( 0.000000000000000000, 1.000000000000000000, -0.000000000000000000 ) ) ;
#853 = ORIENTED_EDGE ( 'NONE', *, *, #5670, .T. ) ;
#854 = DIRECTION ( 'NONE',  ( 1.000000000000000000, 0.000000000000000000, 0.000000000000000000 ) ) ;
#855 = VECTOR ( 'NONE', #101, 1000.000000000000000 ) ;
#856 = EDGE_CURVE ( 'NONE', #4441, #1610, #2648, .T. ) ;
#857 = ORIENTED_EDGE ( 'NONE', *, *, #3176, .F. ) ;
#858 = EDGE_CURVE ( 'NONE', #1284, #4008, #386, .T. ) ;
#859 = DIRECTION ( 'NONE',  ( -1.000000000000000000, -0.000000000000000000, -0.000000000000000000 ) ) ;
#860 = ORIENTED_EDGE ( 'NONE', *, *, #274, .T. ) ;
#861 = AXIS2_PLACEMENT_3D ( 'NONE', #4399, #1666, #3487 ) ;
#862 = DIRECTION ( 'NONE',  ( -0.000000000000000000, 1.000000000000000000, -0.000000000000000000 ) ) ;
#864 = ORIENTED_EDGE ( 'NONE', *, *, #2608, .F. ) ;
#863 = LINE ( 'NONE', #4599, #1115 ) ;
#865 = CARTESIAN_POINT ( 'NONE',  ( -0.3250000000000000666, 0.000000000000000000, 0.4000000000000000777 ) ) ;
#866 = CARTESIAN_POINT ( 'NONE',  ( -0.1000000000000000472, 2.081899558550501081E-17, 0.2000000000000000111 ) ) ;
#867 = FACE_OUTER_BOUND ( 'NONE', #2035, .T. ) ;
#868 = LINE ( 'NONE', #4963, #3099 ) ;
#869 = ORIENTED_EDGE ( 'NONE', *, *, #369, .F. ) ;
#870 = ORIENTED_EDGE ( 'NONE', *, *, #1985, .F. ) ;
#871 = ORIENTED_EDGE ( 'NONE', *, *, #4585, .F. ) ;
#872 = DIRECTION ( 'NONE',  ( -1.000000000000000000, 0.000000000000000000, -0.000000000000000000 ) ) ;
#873 = VERTEX_POINT ( 'NONE', #678 ) ;
#874 = LINE ( 'NONE', #4970, #5495 ) ;
#875 = ORIENTED_EDGE ( 'NONE', *, *, #3738, .T. ) ;
#876 = CARTESIAN_POINT ( 'NONE',  ( 0.1000000000000000472, 0.4950000000000011058, -0.4724999999999995315 ) ) ;
#877 = LINE ( 'NONE', #4097, #5122 ) ;
#878 = EDGE_CURVE ( 'NONE', #3078, #1346, #5287, .T. ) ;
#879 = CARTESIAN_POINT ( 'NONE',  ( -0.3999999999999999667, 2.081899558550501081E-17, 0.2000000000000000111 ) ) ;
#880 = EDGE_CURVE ( 'NONE', #2394, #4222, #1219, .T. ) ;
#881 = CARTESIAN_POINT ( 'NONE',  ( 0.1000000000000000472, 0.02750000000000000361, -0.4724999999999995315 ) ) ;
#882 = ORIENTED_EDGE ( 'NONE', *, *, #3993, .T. ) ;
#883 = VERTEX_POINT ( 'NONE', #4842 ) ;
#884 = DIRECTION ( 'NONE',  ( -0.000000000000000000, -1.000000000000000000, -0.000000000000000000 ) ) ;
#885 = ORIENTED_EDGE ( 'NONE', *, *, #5120, .T. ) ;
#887 = ADVANCED_FACE ( 'NONE', ( #414 ), #2501, .F. ) ;
#886 = ORIENTED_EDGE ( 'NONE', *, *, #1628, .F. ) ;
#888 = DIRECTION ( 'NONE',  ( -1.000000000000000000, -0.000000000000000000, -0.000000000000000000 ) ) ;
#889 = DIRECTION ( 'NONE',  ( 1.000000000000000000, 0.000000000000000000, -0.000000000000000000 ) ) ;
#890 = DIRECTION ( 'NONE',  ( -1.000000000000000000, -0.000000000000000000, 0.000000000000000000 ) ) ;
#891 = VECTOR ( 'NONE', #4223, 1000.000000000000000 ) ;
#892 = CARTESIAN_POINT ( 'NONE',  ( -0.3250000000000000666, 0.02750000000000000361, -0.4724999999999995315 ) ) ;
#893 = VERTEX_POINT ( 'NONE', #5734 ) ;
#894 = ORIENTED_EDGE ( 'NONE', *, *, #3993, .F. ) ;
#895 = ORIENTED_EDGE ( 'NONE', *, *, #880, .T. ) ;
#896 = FACE_OUTER_BOUND ( 'NONE', #3922, .T. ) ;
#897 = EDGE_CURVE ( 'NONE', #2519, #3227, #4014, .T. ) ;
#898 = ORIENTED_EDGE ( 'NONE', *, *, #5282, .T. ) ;
#899 = CARTESIAN_POINT ( 'NONE',  ( -1.000000000000000444, 2.707018309146649315, -0.4724999999999993650 ) ) ;
#900 = EDGE_CURVE ( 'NONE', #2780, #2344, #3537, .T. ) ;
#901 = ORIENTED_EDGE ( 'NONE', *, *, #660, .F. ) ;
#902 = DIRECTION ( 'NONE',  ( -0.000000000000000000, 1.000000000000000000, -0.000000000000000000 ) ) ;
#903 = ORIENTED_EDGE ( 'NONE', *, *, #4091, .F. ) ;
#904 = CARTESIAN_POINT ( 'NONE',  ( 0.9000000000000000222, 0.4950000000000011058, -0.4724999999999995315 ) ) ;
#905 = DIRECTION ( 'NONE',  ( -1.000000000000000000, -0.000000000000000000, 0.000000000000000000 ) ) ;
#906 = CARTESIAN_POINT ( 'NONE',  ( 0.9000000000000000222, 0.4950000000000009948, 0.2500000000000000000 ) ) ;
#907 = ORIENTED_EDGE ( 'NONE', *, *, #393, .T. ) ;
#908 = EDGE_CURVE ( 'NONE', #167, #5173, #5317, .T. ) ;
#909 = PLANE ( 'NONE',  #1705 ) ;
#910 = ORIENTED_EDGE ( 'NONE', *, *, #5655, .T. ) ;
#911 = ADVANCED_FACE ( 'NONE', ( #3069 ), #352, .F. ) ;
#912 = ORIENTED_EDGE ( 'NONE', *, *, #1018, .T. ) ;
#913 = CARTESIAN_POINT ( 'NONE',  ( -0.1750000000000000167, 0.02750000000000000361, 0.2000000000000000389 ) ) ;
#914 = ADVANCED_FACE ( 'NONE', ( #501 ), #3217, .F. ) ;
#915 = EDGE_LOOP ( 'NONE', ( #4546, #1299, #4016, #5420 ) ) ;
#916 = ORIENTED_EDGE ( 'NONE', *, *, #3193, .T. ) ;
#917 = LINE ( 'NONE', #3095, #351 ) ;
#918 = ORIENTED_EDGE ( 'NONE', *, *, #5315, .F. ) ;
#920 = EDGE_CURVE ( 'NONE', #1311, #70, #5558, .T. ) ;
#919 = DIRECTION ( 'NONE',  ( 0.000000000000000000, -0.000000000000000000, 1.000000000000000000 ) ) ;
#921 = VECTOR ( 'NONE', #4952, 1000.000000000000000 ) ;
#922 = VECTOR ( 'NONE', #437, 1000.000000000000000 ) ;
#923 = CARTESIAN_POINT ( 'NONE',  ( -0.1000000000000000472, 0.4950000000000009948, -0.2500000000000000000 ) ) ;
#924 = DIRECTION ( 'NONE',  ( 1.000000000000000000, 0.000000000000000000, -1.084202172485504064E-16 ) ) ;
#925 = ORIENTED_EDGE ( 'NONE', *, *, #4241, .T. ) ;
#926 = EDGE_LOOP ( 'NONE', ( #4819, #2977, #4590, #968 ) ) ;
#927 = CLOSED_SHELL ( 'NONE', ( #4100, #528, #3654, #2317, #1328, #3556, #2611, #3196, #4598, #346, #4411, #463, #1632, #3034, #3319, #4252, #106, #782 ) ) ;
#928 = VECTOR ( 'NONE', #191, 1000.000000000000000 ) ;
#929 = VERTEX_POINT ( 'NONE', #2838 ) ;
#930 = DIRECTION ( 'NONE',  ( 0.000000000000000000, 1.224646799147353700E-16, -1.000000000000000000 ) ) ;
#931 = EDGE_CURVE ( 'NONE', #873, #4709, #5876, .T. ) ;
#932 = ORIENTED_EDGE ( 'NONE', *, *, #3213, .F. ) ;
#933 = CARTESIAN_POINT ( 'NONE',  ( 1.000000000000000222, 2.707018309146649315, 0.4724999999999995315 ) ) ;
#934 = PRODUCT ( 'YC124-FR-0759RL', 'YC124-FR-0759RL', '', ( #2593 ) ) ;
#935 = ADVANCED_FACE ( 'NONE', ( #18 ), #1880, .F. ) ;
#936 = ORIENTED_EDGE ( 'NONE', *, *, #4566, .F. ) ;
#937 = ORIENTED_EDGE ( 'NONE', *, *, #225, .T. ) ;
#938 = LINE ( 'NONE', #1290, #1048 ) ;
#939 = ORIENTED_EDGE ( 'NONE', *, *, #1429, .F. ) ;
#940 = EDGE_CURVE ( 'NONE', #5460, #169, #3153, .T. ) ;
#941 = FILL_AREA_STYLE_COLOUR ( '', #434 ) ;
#942 = DIRECTION ( 'NONE',  ( -0.000000000000000000, -6.285229985423231545E-16, 1.000000000000000000 ) ) ;
#943 = FACE_OUTER_BOUND ( 'NONE', #2326, .T. ) ;
#944 = VECTOR ( 'NONE', #3725, 1000.000000000000000 ) ;
#945 = VECTOR ( 'NONE', #1327, 1000.000000000000000 ) ;
#946 = AXIS2_PLACEMENT_3D ( 'NONE', #2482, #1965, #2894 ) ;
#947 = ORIENTED_EDGE ( 'NONE', *, *, #2173, .F. ) ;
#948 = LINE ( 'NONE', #1875, #1986 ) ;
#949 = LINE ( 'NONE', #1941, #1510 ) ;
#950 = EDGE_LOOP ( 'NONE', ( #1670, #1089, #2396, #1248, #3555, #4995, #4570, #3067 ) ) ;
#951 = LINE ( 'NONE', #567, #3698 ) ;
#952 = ORIENTED_EDGE ( 'NONE', *, *, #3299, .T. ) ;
#953 = DIRECTION ( 'NONE',  ( -1.000000000000000000, 0.000000000000000000, -0.000000000000000000 ) ) ;
#954 = EDGE_CURVE ( 'NONE', #4463, #1424, #470, .T. ) ;
#955 = VERTEX_POINT ( 'NONE', #1819 ) ;
#956 = PLANE ( 'NONE',  #205 ) ;
#957 = VECTOR ( 'NONE', #4139, 1000.000000000000000 ) ;
#958 = LINE ( 'NONE', #3639, #3498 ) ;
#959 = FACE_OUTER_BOUND ( 'NONE', #3578, .T. ) ;
#960 = VERTEX_POINT ( 'NONE', #913 ) ;
#961 = CARTESIAN_POINT ( 'NONE',  ( -0.3250000000000000666, 0.000000000000000000, 0.4000000000000000777 ) ) ;
#962 = ORIENTED_EDGE ( 'NONE', *, *, #3299, .F. ) ;
#963 = CARTESIAN_POINT ( 'NONE',  ( 1.000000000000000222, 0.5225000000000000755, 0.5000000000000000000 ) ) ;
#964 = ORIENTED_EDGE ( 'NONE', *, *, #3306, .T. ) ;
#965 = DIRECTION ( 'NONE',  ( -1.000000000000000000, 0.000000000000000000, -0.000000000000000000 ) ) ;
#966 = ORIENTED_EDGE ( 'NONE', *, *, #3035, .F. ) ;
#967 = CARTESIAN_POINT ( 'NONE',  ( -0.1000000000000000472, 0.02750000000000000361, -0.2000000000000000666 ) ) ;
#968 = ORIENTED_EDGE ( 'NONE', *, *, #1621, .F. ) ;
#969 = LINE ( 'NONE', #5837, #3096 ) ;
#970 = ORIENTED_EDGE ( 'NONE', *, *, #1014, .F. ) ;
#971 = EDGE_CURVE ( 'NONE', #5727, #5476, #951, .T. ) ;
#972 = LINE ( 'NONE', #4567, #3084 ) ;
#973 = EDGE_CURVE ( 'NONE', #1785, #1174, #1943, .T. ) ;
#974 = CARTESIAN_POINT ( 'NONE',  ( 0.3250000000000000111, 0.000000000000000000, 0.4000000000000000777 ) ) ;
#975 = CARTESIAN_POINT ( 'NONE',  ( -0.3999999999999998557, 0.4950000000000001066, 0.3000000000000001554 ) ) ;
#976 = PLANE ( 'NONE',  #2157 ) ;
#977 = ORIENTED_EDGE ( 'NONE', *, *, #2947, .F. ) ;
#978 = CARTESIAN_POINT ( 'NONE',  ( 1.602515559965051795, 0.5225000000000001865, -0.2500000000000000000 ) ) ;
#979 = CARTESIAN_POINT ( 'NONE',  ( -0.6000000000000000888, 0.5225000000000000755, -0.5000000000000000000 ) ) ;
#980 = ORIENTED_EDGE ( 'NONE', *, *, #4682, .F. ) ;
#981 = DIRECTION ( 'NONE',  ( 1.000000000000000000, 0.000000000000000000, -7.228014483236698528E-16 ) ) ;
#982 = DIRECTION ( 'NONE',  ( 0.000000000000000000, 0.000000000000000000, 1.000000000000000000 ) ) ;
#983 = ORIENTED_EDGE ( 'NONE', *, *, #4509, .T. ) ;
#984 = PLANE ( 'NONE',  #5790 ) ;
#985 = DIRECTION ( 'NONE',  ( -1.000000000000000000, -0.000000000000000000, -0.000000000000000000 ) ) ;
#986 = PLANE ( 'NONE',  #662 ) ;
#987 = ORIENTED_EDGE ( 'NONE', *, *, #1314, .T. ) ;
#988 = CARTESIAN_POINT ( 'NONE',  ( 0.8250000000000001776, 0.000000000000000000, 0.3999999999999998557 ) ) ;
#989 = ORIENTED_EDGE ( 'NONE', *, *, #4953, .F. ) ;
#990 = FACE_OUTER_BOUND ( 'NONE', #4541, .T. ) ;
#991 = EDGE_CURVE ( 'NONE', #5115, #4538, #4643, .T. ) ;
#992 = ORIENTED_EDGE ( 'NONE', *, *, #2209, .F. ) ;
#993 = CARTESIAN_POINT ( 'NONE',  ( -1.000000000000000444, 0.02750000000000000361, 0.4000000000000001332 ) ) ;
#994 = EDGE_CURVE ( 'NONE', #5508, #4852, #5494, .T. ) ;
#995 = VECTOR ( 'NONE', #283, 1000.000000000000000 ) ;
#996 = DIRECTION ( 'NONE',  ( -1.000000000000000000, 0.000000000000000000, 2.710505431213760592E-16 ) ) ;
#997 = ORIENTED_EDGE ( 'NONE', *, *, #1296, .T. ) ;
#998 = EDGE_CURVE ( 'NONE', #5095, #2279, #2708, .T. ) ;
#999 = EDGE_CURVE ( 'NONE', #4557, #4290, #2271, .T. ) ;
#1000 = ORIENTED_EDGE ( 'NONE', *, *, #719, .T. ) ;
#1001 = CARTESIAN_POINT ( 'NONE',  ( 0.6000000000000001998, 0.000000000000000000, 0.5000000000000002220 ) ) ;
#1002 = VECTOR ( 'NONE', #2038, 1000.000000000000000 ) ;
#1003 = DIRECTION ( 'NONE',  ( -1.000000000000000000, 0.000000000000000000, -0.000000000000000000 ) ) ;
#1004 = DIRECTION ( 'NONE',  ( -0.000000000000000000, 0.000000000000000000, 1.000000000000000000 ) ) ;
#1005 = EDGE_CURVE ( 'NONE', #2940, #3664, #2395, .T. ) ;
#1006 = EDGE_CURVE ( 'NONE', #5334, #3754, #2298, .T. ) ;
#1007 = CARTESIAN_POINT ( 'NONE',  ( 0.6750000000000000444, 0.4950000000000009948, 0.2500000000000000000 ) ) ;
#1008 = PLANE ( 'NONE',  #1840 ) ;
#1009 = ORIENTED_EDGE ( 'NONE', *, *, #1293, .T. ) ;
#1010 = LINE ( 'NONE', #3406, #3117 ) ;
#1011 = LINE ( 'NONE', #4603, #741 ) ;
#1012 = VERTEX_POINT ( 'NONE', #4071 ) ;
#1013 = VECTOR ( 'NONE', #5163, 1000.000000000000000 ) ;
#1014 = EDGE_CURVE ( 'NONE', #5194, #1234, #3663, .T. ) ;
#1015 = ORIENTED_EDGE ( 'NONE', *, *, #2447, .T. ) ;
#1016 = ORIENTED_EDGE ( 'NONE', *, *, #1765, .T. ) ;
#1017 = CARTESIAN_POINT ( 'NONE',  ( 0.3250000000000000111, 0.02750000000000000361, 0.2000000000000000666 ) ) ;
#1018 = EDGE_CURVE ( 'NONE', #4029, #4772, #121, .T. ) ;
#1019 = DIRECTION ( 'NONE',  ( -0.000000000000000000, 1.000000000000000000, 1.971276677246373097E-15 ) ) ;
#1020 = AXIS2_PLACEMENT_3D ( 'NONE', #5439, #2277, #924 ) ;
#1021 = ORIENTED_EDGE ( 'NONE', *, *, #5038, .T. ) ;
#1022 = FACE_OUTER_BOUND ( 'NONE', #811, .T. ) ;
#1023 = CARTESIAN_POINT ( 'NONE',  ( -0.6750000000000000444, 0.5225000000000000755, 0.2500000000000000000 ) ) ;
#1024 = CARTESIAN_POINT ( 'NONE',  ( -0.1000000000000000472, 0.02750000000000000361, 0.2000000000000000666 ) ) ;
#1025 = PLANE ( 'NONE',  #1215 ) ;
#1026 = VERTEX_POINT ( 'NONE', #1397 ) ;
#1027 = CARTESIAN_POINT ( 'NONE',  ( 0.6000000000000000888, 0.02750000000000000361, -0.4000000000000000222 ) ) ;
#1028 = ORIENTED_EDGE ( 'NONE', *, *, #2763, .T. ) ;
#1029 = CARTESIAN_POINT ( 'NONE',  ( -0.3999999999999999667, -1.592040838891558417E-17, -0.5000000000000000000 ) ) ;
#1030 = DIRECTION ( 'NONE',  ( -0.000000000000000000, 1.000000000000000000, -0.000000000000000000 ) ) ;
#1031 = ORIENTED_EDGE ( 'NONE', *, *, #221, .F. ) ;
#1032 = VECTOR ( 'NONE', #1342, 1000.000000000000000 ) ;
#1033 = PLANE ( 'NONE',  #4349 ) ;
#1034 = ORIENTED_EDGE ( 'NONE', *, *, #4943, .T. ) ;
#1035 = DIRECTION ( 'NONE',  ( -1.000000000000000000, 0.000000000000000000, -0.000000000000000000 ) ) ;
#1036 = CARTESIAN_POINT ( 'NONE',  ( -0.3250000000000000666, 0.000000000000000000, -0.4000000000000000222 ) ) ;
#1037 = DIRECTION ( 'NONE',  ( -0.000000000000000000, 1.000000000000000000, -0.000000000000000000 ) ) ;
#1038 = ORIENTED_EDGE ( 'NONE', *, *, #2348, .T. ) ;
#1039 = FACE_OUTER_BOUND ( 'NONE', #1918, .T. ) ;
#1040 = CARTESIAN_POINT ( 'NONE',  ( 0.3999999999999999667, 0.4950000000000011058, 0.4724999999999995315 ) ) ;
#1041 = ORIENTED_EDGE ( 'NONE', *, *, #1917, .T. ) ;
#1042 = DIRECTION ( 'NONE',  ( -0.000000000000000000, 0.000000000000000000, -1.000000000000000000 ) ) ;
#1043 = LINE ( 'NONE', #182, #2011 ) ;
#1044 = ORIENTED_EDGE ( 'NONE', *, *, #739, .T. ) ;
#1045 = VECTOR ( 'NONE', #214, 1000.000000000000000 ) ;
#1046 = VECTOR ( 'NONE', #5652, 1000.000000000000000 ) ;
#1047 = CARTESIAN_POINT ( 'NONE',  ( -0.1000000000000000472, 0.4950000000000011058, 0.4724999999999995315 ) ) ;
#1048 = VECTOR ( 'NONE', #429, 1000.000000000000000 ) ;
#1049 = PLANE ( 'NONE',  #1987 ) ;
#1050 = VECTOR ( 'NONE', #64, 1000.000000000000000 ) ;
#1051 = EDGE_LOOP ( 'NONE', ( #1565, #2814, #631, #1942 ) ) ;
#1052 = DIRECTION ( 'NONE',  ( 1.000000000000000000, 0.000000000000000000, -0.000000000000000000 ) ) ;
#1053 = DIRECTION ( 'NONE',  ( 0.000000000000000000, 1.000000000000000000, -0.000000000000000000 ) ) ;
#1054 = PLANE ( 'NONE',  #3956 ) ;
#1055 = ORIENTED_EDGE ( 'NONE', *, *, #5144, .F. ) ;
#1056 = PLANE ( 'NONE',  #3301 ) ;
#1057 = VECTOR ( 'NONE', #5569, 1000.000000000000000 ) ;
#1058 = EDGE_LOOP ( 'NONE', ( #3696, #2258, #1475, #1076 ) ) ;
#1059 = LINE ( 'NONE', #2500, #4197 ) ;
#1060 = CARTESIAN_POINT ( 'NONE',  ( -0.3250000000000000666, 0.02750000000000000361, 0.2000000000000000389 ) ) ;
#1061 = ORIENTED_EDGE ( 'NONE', *, *, #4063, .F. ) ;
#1062 = AXIS2_PLACEMENT_3D ( 'NONE', #3791, #2936, #4140 ) ;
#1063 = CARTESIAN_POINT ( 'NONE',  ( -1.000000000000000444, 0.4950000000000011058, 0.4724999999999993650 ) ) ;
#1064 = VECTOR ( 'NONE', #1696, 1000.000000000000000 ) ;
#1065 = ORIENTED_EDGE ( 'NONE', *, *, #2348, .F. ) ;
#1066 = DIRECTION ( 'NONE',  ( 0.000000000000000000, -1.000000000000000000, 0.000000000000000000 ) ) ;
#1067 = DIRECTION ( 'NONE',  ( 0.000000000000000000, 0.000000000000000000, 1.000000000000000000 ) ) ;
#1068 = CARTESIAN_POINT ( 'NONE',  ( -1.000000000000000444, 0.5225000000000000755, -0.5000000000000000000 ) ) ;
#1069 = DIRECTION ( 'NONE',  ( 0.000000000000000000, 0.000000000000000000, -1.000000000000000000 ) ) ;
#1070 = CARTESIAN_POINT ( 'NONE',  ( -0.8249999999999999556, 0.000000000000000000, 0.4000000000000000777 ) ) ;
#1071 = CARTESIAN_POINT ( 'NONE',  ( -0.1000000000000000472, 0.4950000000000009948, -0.4000000000000000222 ) ) ;
#1072 = ORIENTED_EDGE ( 'NONE', *, *, #5507, .T. ) ;
#1073 =( NAMED_UNIT ( * ) PLANE_ANGLE_UNIT ( ) SI_UNIT ( $, .RADIAN. ) );
#1074 = EDGE_CURVE ( 'NONE', #4741, #3, #5432, .T. ) ;
#1075 = CARTESIAN_POINT ( 'NONE',  ( -0.3999999999999999667, 0.02750000000000000361, -0.4000000000000000222 ) ) ;
#1076 = ORIENTED_EDGE ( 'NONE', *, *, #3621, .T. ) ;
#1077 = CARTESIAN_POINT ( 'NONE',  ( -0.6000000000000000888, 2.707018309146649315, 0.4724999999999994205 ) ) ;
#1078 = CARTESIAN_POINT ( 'NONE',  ( 0.1749999999999999611, 0.000000000000000000, 0.4000000000000000777 ) ) ;
#1079 = EDGE_CURVE ( 'NONE', #3414, #1105, #2360, .T. ) ;
#1080 = EDGE_CURVE ( 'NONE', #3, #1207, #5524, .T. ) ;
#1081 = VERTEX_POINT ( 'NONE', #1145 ) ;
#1082 = CARTESIAN_POINT ( 'NONE',  ( 0.3999999999999999667, 0.4950000000000001066, -0.4724999999999995315 ) ) ;
#1083 = AXIS2_PLACEMENT_3D ( 'NONE', #4200, #5371, #3719 ) ;
#1084 = EDGE_CURVE ( 'NONE', #5367, #3258, #2462, .T. ) ;
#1085 = CARTESIAN_POINT ( 'NONE',  ( -0.1000000000000000472, 0.4950000000000011058, -0.4000000000000000222 ) ) ;
#1086 = LINE ( 'NONE', #3829, #3501 ) ;
#1087 = DIRECTION ( 'NONE',  ( -1.000000000000000000, -0.000000000000000000, 0.000000000000000000 ) ) ;
#1088 = DIRECTION ( 'NONE',  ( -1.000000000000000000, 0.000000000000000000, -0.000000000000000000 ) ) ;
#1089 = ORIENTED_EDGE ( 'NONE', *, *, #3278, .T. ) ;
#1090 = CARTESIAN_POINT ( 'NONE',  ( -0.3999999999999999667, -3.673940397442057649E-18, 0.4000000000000000777 ) ) ;
#1091 = DIRECTION ( 'NONE',  ( 0.000000000000000000, -0.000000000000000000, -1.000000000000000000 ) ) ;
#1092 = VERTEX_POINT ( 'NONE', #4267 ) ;
#1093 = FACE_OUTER_BOUND ( 'NONE', #4026, .T. ) ;
#1094 = EDGE_CURVE ( 'NONE', #2039, #1709, #629, .T. ) ;
#1095 = VERTEX_POINT ( 'NONE', #218 ) ;
#1096 = CARTESIAN_POINT ( 'NONE',  ( 0.3250000000000000111, 0.000000000000000000, -0.4000000000000000222 ) ) ;
#1097 = DIRECTION ( 'NONE',  ( -1.000000000000000000, -0.000000000000000000, 0.000000000000000000 ) ) ;
#1098 = VECTOR ( 'NONE', #3837, 1000.000000000000000 ) ;
#1099 = CARTESIAN_POINT ( 'NONE',  ( -0.09999999999999993616, 0.02750000000000000361, 0.3000000000000001554 ) ) ;
#1100 = ORIENTED_EDGE ( 'NONE', *, *, #2245, .T. ) ;
#1101 = LINE ( 'NONE', #175, #4551 ) ;
#1102 = DIRECTION ( 'NONE',  ( -1.000000000000000000, 0.000000000000000000, 0.000000000000000000 ) ) ;
#1103 = VECTOR ( 'NONE', #5617, 1000.000000000000000 ) ;
#1104 = LINE ( 'NONE', #5752, #2536 ) ;
#1105 = VERTEX_POINT ( 'NONE', #185 ) ;
#1106 = DIRECTION ( 'NONE',  ( 1.000000000000000000, -0.000000000000000000, 0.000000000000000000 ) ) ;
#1107 = DIRECTION ( 'NONE',  ( 0.000000000000000000, 1.000000000000000000, 0.000000000000000000 ) ) ;
#1108 = ORIENTED_EDGE ( 'NONE', *, *, #4241, .F. ) ;
#1109 = LINE ( 'NONE', #2931, #3040 ) ;
#1110 = EDGE_CURVE ( 'NONE', #2629, #4420, #1173, .T. ) ;
#1111 = DIRECTION ( 'NONE',  ( 0.000000000000000000, 1.924619241098528542E-16, -1.000000000000000000 ) ) ;
#1112 = CIRCLE ( 'NONE', #50, 0.01833333333333325363 ) ;
#1113 = EDGE_LOOP ( 'NONE', ( #4219, #2340, #2486, #2249 ) ) ;
#1114 = DIRECTION ( 'NONE',  ( -0.000000000000000000, 0.000000000000000000, 1.000000000000000000 ) ) ;
#1115 = VECTOR ( 'NONE', #5792, 1000.000000000000000 ) ;
#1116 = STYLED_ITEM ( 'NONE', ( #3737 ), #3645 ) ;
#1117 = FACE_OUTER_BOUND ( 'NONE', #3672, .T. ) ;
#1118 =( GEOMETRIC_REPRESENTATION_CONTEXT ( 3 ) GLOBAL_UNCERTAINTY_ASSIGNED_CONTEXT ( ( #4425 ) ) GLOBAL_UNIT_ASSIGNED_CONTEXT ( ( #4691, #3364, #2945 ) ) REPRESENTATION_CONTEXT ( 'NONE', 'WORKASPACE' ) );
#1119 = CARTESIAN_POINT ( 'NONE',  ( -0.6750000000000000444, 0.4950000000000009948, 0.2500000000000000000 ) ) ;
#1120 = CARTESIAN_POINT ( 'NONE',  ( 0.3999999999999999667, -1.592040838891558417E-17, 0.5000000000000000000 ) ) ;
#1121 = DIRECTION ( 'NONE',  ( 1.000000000000000000, 0.000000000000000000, 0.000000000000000000 ) ) ;
#1122 = EDGE_CURVE ( 'NONE', #4687, #4029, #3349, .T. ) ;
#1123 = EDGE_LOOP ( 'NONE', ( #4132, #839, #3709, #885 ) ) ;
#1124 = CARTESIAN_POINT ( 'NONE',  ( -0.6000000000000000888, 0.02750000000000000361, -0.4724999999999995315 ) ) ;
#1125 = CARTESIAN_POINT ( 'NONE',  ( -0.3250000000000000666, 0.5225000000000000755, -0.5000000000000000000 ) ) ;
#1126 = CARTESIAN_POINT ( 'NONE',  ( -0.1000000000000000472, 0.02750000000000000361, -0.4724999999999995315 ) ) ;
#1127 = ORIENTED_EDGE ( 'NONE', *, *, #737, .T. ) ;
#1128 = EDGE_CURVE ( 'NONE', #3656, #2629, #1109, .T. ) ;
#1129 = LINE ( 'NONE', #4664, #2612 ) ;
#1130 = ADVANCED_FACE ( 'NONE', ( #4795 ), #4738, .F. ) ;
#1131 = FACE_OUTER_BOUND ( 'NONE', #4294, .T. ) ;
#1132 = CARTESIAN_POINT ( 'NONE',  ( 0.4000000000000000777, 0.000000000000000000, 0.5000000000000002220 ) ) ;
#1133 = MECHANICAL_DESIGN_GEOMETRIC_PRESENTATION_REPRESENTATION (  '', ( #3884 ), #3026 ) ;
#1134 = AXIS2_PLACEMENT_3D ( 'NONE', #3185, #4983, #22 ) ;
#1135 = EDGE_LOOP ( 'NONE', ( #397, #2426, #5859, #2992 ) ) ;
#1136 = CARTESIAN_POINT ( 'NONE',  ( 0.3250000000000000111, 0.5225000000000000755, 0.2500000000000000000 ) ) ;
#1137 = DIRECTION ( 'NONE',  ( -0.000000000000000000, -0.000000000000000000, 1.000000000000000000 ) ) ;
#1138 = LINE ( 'NONE', #4789, #1103 ) ;
#1139 = EDGE_LOOP ( 'NONE', ( #3836, #3290, #756, #2957 ) ) ;
#1140 = FACE_OUTER_BOUND ( 'NONE', #1148, .T. ) ;
#1141 = VECTOR ( 'NONE', #1087, 1000.000000000000000 ) ;
#1142 = VECTOR ( 'NONE', #2592, 1000.000000000000000 ) ;
#1143 = DIRECTION ( 'NONE',  ( -1.000000000000000000, 0.000000000000000000, 0.000000000000000000 ) ) ;
#1144 = ORIENTED_EDGE ( 'NONE', *, *, #4352, .F. ) ;
#1145 = CARTESIAN_POINT ( 'NONE',  ( 1.000000000000000222, 0.02750000000000000361, 0.3999999999999999112 ) ) ;
#1146 = ORIENTED_EDGE ( 'NONE', *, *, #994, .F. ) ;
#1147 = DIRECTION ( 'NONE',  ( -1.000000000000000000, -0.000000000000000000, -0.000000000000000000 ) ) ;
#1148 = EDGE_LOOP ( 'NONE', ( #886, #1283, #4088, #3060 ) ) ;
#1149 = VECTOR ( 'NONE', #3815, 1000.000000000000000 ) ;
#1150 = DIRECTION ( 'NONE',  ( -0.000000000000000000, -1.000000000000000000, 0.000000000000000000 ) ) ;
#1151 = VECTOR ( 'NONE', #4028, 1000.000000000000000 ) ;
#1152 = CARTESIAN_POINT ( 'NONE',  ( -0.09999999999999993616, 0.02750000000000000361, 0.000000000000000000 ) ) ;
#1153 = LINE ( 'NONE', #4775, #1142 ) ;
#1154 = VECTOR ( 'NONE', #4089, 1000.000000000000000 ) ;
#1155 = DIRECTION ( 'NONE',  ( -0.000000000000000000, 1.000000000000000000, 2.168404344971008868E-16 ) ) ;
#1156 = AXIS2_PLACEMENT_3D ( 'NONE', #5147, #2518, #1615 ) ;
#1157 = PLANE ( 'NONE',  #4932 ) ;
#1158 = SURFACE_SIDE_STYLE ('',( #4220 ) ) ;
#1159 = EDGE_LOOP ( 'NONE', ( #2268, #4790, #2457, #5875 ) ) ;
#1160 = EDGE_CURVE ( 'NONE', #2780, #1411, #3819, .T. ) ;
#1161 = DIRECTION ( 'NONE',  ( 0.000000000000000000, -1.000000000000000000, -1.971276677246373097E-15 ) ) ;
#1162 = CARTESIAN_POINT ( 'NONE',  ( -0.6000000000000000888, 0.4950000000000009948, -0.2500000000000000000 ) ) ;
#1163 = CARTESIAN_POINT ( 'NONE',  ( -0.3250000000000000666, 0.02750000000000000361, -0.4000000000000000222 ) ) ;
#1164 = AXIS2_PLACEMENT_3D ( 'NONE', #5562, #535, #3824 ) ;
#1165 = DIRECTION ( 'NONE',  ( -0.000000000000000000, -0.000000000000000000, 1.000000000000000000 ) ) ;
#1166 = EDGE_CURVE ( 'NONE', #1207, #29, #3378, .T. ) ;
#1167 = DIRECTION ( 'NONE',  ( -0.000000000000000000, 0.000000000000000000, -1.000000000000000000 ) ) ;
#1168 = ADVANCED_FACE ( 'NONE', ( #268 ), #3878, .F. ) ;
#1169 = FACE_OUTER_BOUND ( 'NONE', #3521, .T. ) ;
#1170 = VERTEX_POINT ( 'NONE', #1588 ) ;
#1171 = PLANE ( 'NONE',  #3133 ) ;
#1172 = FACE_OUTER_BOUND ( 'NONE', #3876, .T. ) ;
#1173 = LINE ( 'NONE', #4677, #3711 ) ;
#1174 = VERTEX_POINT ( 'NONE', #1529 ) ;
#1175 = CARTESIAN_POINT ( 'NONE',  ( -0.1000000000000000472, 0.5225000000000000755, -0.2500000000000000000 ) ) ;
#1176 = ORIENTED_EDGE ( 'NONE', *, *, #23, .F. ) ;
#1177 = PLANE ( 'NONE',  #129 ) ;
#1178 = CARTESIAN_POINT ( 'NONE',  ( 0.9000000000000000222, 0.5225000000000000755, -0.2500000000000000000 ) ) ;
#1179 =( NAMED_UNIT ( * ) SI_UNIT ( $, .STERADIAN. ) SOLID_ANGLE_UNIT ( ) );
#1180 = LINE ( 'NONE', #3468, #3522 ) ;
#1181 = CARTESIAN_POINT ( 'NONE',  ( -0.3999999999999999667, 0.4950000000000001066, -0.4724999999999995315 ) ) ;
#1182 = EDGE_CURVE ( 'NONE', #1329, #86, #2966, .T. ) ;
#1183 = VERTEX_POINT ( 'NONE', #5681 ) ;
#1184 = CARTESIAN_POINT ( 'NONE',  ( -0.8249999999999999556, 0.000000000000000000, -0.4000000000000000222 ) ) ;
#1185 = EDGE_CURVE ( 'NONE', #2513, #5803, #1977, .T. ) ;
#1186 = FACE_OUTER_BOUND ( 'NONE', #178, .T. ) ;
#1187 = CARTESIAN_POINT ( 'NONE',  ( -0.5999999999999999778, 0.4950000000000009948, 0.3999999999999999112 ) ) ;
#1188 = ADVANCED_FACE ( 'NONE', ( #3901 ), #3411, .F. ) ;
#1189 = ADVANCED_FACE ( 'NONE', ( #697 ), #2903, .F. ) ;
#1190 = DIRECTION ( 'NONE',  ( -0.000000000000000000, 0.000000000000000000, 1.000000000000000000 ) ) ;
#1191 = CARTESIAN_POINT ( 'NONE',  ( -0.1000000000000000472, 0.4950000000000011058, -0.4724999999999995315 ) ) ;
#1192 = DIRECTION ( 'NONE',  ( 0.000000000000000000, -1.592040838891557863E-16, -1.000000000000000000 ) ) ;
#1193 = EDGE_CURVE ( 'NONE', #5503, #2210, #3442, .T. ) ;
#1194 = DIRECTION ( 'NONE',  ( -0.000000000000000000, 1.000000000000000000, -0.000000000000000000 ) ) ;
#1195 = VECTOR ( 'NONE', #4313, 1000.000000000000000 ) ;
#1196 = LINE ( 'NONE', #3341, #753 ) ;
#1197 = EDGE_LOOP ( 'NONE', ( #4250, #4389, #1034, #555 ) ) ;
#1198 = EDGE_CURVE ( 'NONE', #5390, #423, #2098, .T. ) ;
#1199 = PLANE ( 'NONE',  #4939 ) ;
#1200 = EDGE_CURVE ( 'NONE', #2887, #5048, #3785, .T. ) ;
#1202 = VERTEX_POINT ( 'NONE', #3010 ) ;
#1201 = DIRECTION ( 'NONE',  ( -1.000000000000000000, 0.000000000000000000, 2.710505431213760592E-16 ) ) ;
#1203 = CARTESIAN_POINT ( 'NONE',  ( -0.1000000000000000472, 0.4950000000000011058, -0.4724999999999995315 ) ) ;
#1204 = AXIS2_PLACEMENT_3D ( 'NONE', #2251, #4145, #2281 ) ;
#1205 = VECTOR ( 'NONE', #373, 1000.000000000000000 ) ;
#1206 = DIRECTION ( 'NONE',  ( -1.000000000000000000, 0.000000000000000000, 0.000000000000000000 ) ) ;
#1207 = VERTEX_POINT ( 'NONE', #5260 ) ;
#1208 = DIRECTION ( 'NONE',  ( 0.000000000000000000, 0.000000000000000000, -1.000000000000000000 ) ) ;
#1209 = PLANE ( 'NONE',  #2387 ) ;
#1210 = DIRECTION ( 'NONE',  ( -1.000000000000000000, -0.000000000000000000, -0.000000000000000000 ) ) ;
#1211 = FACE_OUTER_BOUND ( 'NONE', #3937, .T. ) ;
#1212 = ORIENTED_EDGE ( 'NONE', *, *, #5699, .F. ) ;
#1213 = FACE_OUTER_BOUND ( 'NONE', #5867, .T. ) ;
#1214 = CARTESIAN_POINT ( 'NONE',  ( -0.3250000000000000666, 0.000000000000000000, 0.4000000000000000777 ) ) ;
#1215 = AXIS2_PLACEMENT_3D ( 'NONE', #3259, #608, #637 ) ;
#1216 = AXIS2_PLACEMENT_3D ( 'NONE', #3852, #5653, #2778 ) ;
#1217 = ORIENTED_EDGE ( 'NONE', *, *, #3173, .T. ) ;
#1218 = DIRECTION ( 'NONE',  ( -1.000000000000000000, -0.000000000000000000, -0.000000000000000000 ) ) ;
#1219 = LINE ( 'NONE', #3042, #5396 ) ;
#1221 = ORIENTED_EDGE ( 'NONE', *, *, #4779, .F. ) ;
#1220 = LINE ( 'NONE', #4382, #1334 ) ;
#1222 = CARTESIAN_POINT ( 'NONE',  ( 0.3250000000000000111, 0.000000000000000000, 0.4000000000000000777 ) ) ;
#1223 = VECTOR ( 'NONE', #530, 1000.000000000000000 ) ;
#1224 = VECTOR ( 'NONE', #1107, 1000.000000000000000 ) ;
#1225 = VECTOR ( 'NONE', #4634, 1000.000000000000000 ) ;
#1226 = DIRECTION ( 'NONE',  ( 0.000000000000000000, 0.000000000000000000, 1.000000000000000000 ) ) ;
#1227 = VERTEX_POINT ( 'NONE', #1646 ) ;
#1228 = ORIENTED_EDGE ( 'NONE', *, *, #752, .F. ) ;
#1229 = LINE ( 'NONE', #2999, #2442 ) ;
#1230 = ORIENTED_EDGE ( 'NONE', *, *, #3109, .T. ) ;
#1231 = LINE ( 'NONE', #5332, #2965 ) ;
#1232 = DIRECTION ( 'NONE',  ( -0.000000000000000000, 0.000000000000000000, 1.000000000000000000 ) ) ;
#1233 = CARTESIAN_POINT ( 'NONE',  ( -0.3250000000000000666, 0.5225000000000000755, -0.2500000000000000000 ) ) ;
#1234 = VERTEX_POINT ( 'NONE', #5707 ) ;
#1235 = CARTESIAN_POINT ( 'NONE',  ( 0.9000000000000000222, 2.081899558550501081E-17, -0.2000000000000000111 ) ) ;
#1236 = DIRECTION ( 'NONE',  ( -1.000000000000000000, 0.000000000000000000, 1.084202172485504064E-16 ) ) ;
#1237 = VECTOR ( 'NONE', #4113, 1000.000000000000000 ) ;
#1238 = VECTOR ( 'NONE', #4696, 1000.000000000000000 ) ;
#1239 = CARTESIAN_POINT ( 'NONE',  ( 0.1749999999999999611, 0.000000000000000000, -0.4000000000000000222 ) ) ;
#1240 = EDGE_CURVE ( 'NONE', #5508, #3549, #1196, .T. ) ;
#1241 = ORIENTED_EDGE ( 'NONE', *, *, #4347, .F. ) ;
#1242 = CARTESIAN_POINT ( 'NONE',  ( 0.3999999999999999667, 0.5225000000000000755, -0.2500000000000000000 ) ) ;
#1243 = VECTOR ( 'NONE', #3356, 1000.000000000000000 ) ;
#1244 = CARTESIAN_POINT ( 'NONE',  ( 0.6750000000000000444, 0.000000000000000000, -0.4000000000000000222 ) ) ;
#1245 = EDGE_CURVE ( 'NONE', #3534, #1525, #4698, .T. ) ;
#1246 = EDGE_CURVE ( 'NONE', #4704, #5553, #1101, .T. ) ;
#1248 = ORIENTED_EDGE ( 'NONE', *, *, #1754, .T. ) ;
#1247 = PLANE ( 'NONE',  #3148 ) ;
#1249 = LINE ( 'NONE', #724, #4744 ) ;
#1250 = DIRECTION ( 'NONE',  ( 1.000000000000000000, 0.000000000000000000, 0.000000000000000000 ) ) ;
#1251 = ADVANCED_FACE ( 'NONE', ( #5615 ), #5104, .F. ) ;
#1252 = FACE_OUTER_BOUND ( 'NONE', #5741, .T. ) ;
#1253 = VERTEX_POINT ( 'NONE', #4199 ) ;
#1254 = ORIENTED_EDGE ( 'NONE', *, *, #5226, .T. ) ;
#1255 = ORIENTED_EDGE ( 'NONE', *, *, #1724, .F. ) ;
#1256 = LINE ( 'NONE', #2630, #2333 ) ;
#1257 = ORIENTED_EDGE ( 'NONE', *, *, #2548, .T. ) ;
#1258 = DIRECTION ( 'NONE',  ( -0.000000000000000000, 1.000000000000000000, -0.000000000000000000 ) ) ;
#1259 = ADVANCED_FACE ( 'NONE', ( #1039 ), #2036, .F. ) ;
#1260 = CARTESIAN_POINT ( 'NONE',  ( -0.1000000000000000472, 0.4950000000000011058, 0.4724999999999995315 ) ) ;
#1261 = ORIENTED_EDGE ( 'NONE', *, *, #2913, .F. ) ;
#1262 = ADVANCED_FACE ( 'NONE', ( #621 ), #655, .F. ) ;
#1263 = LINE ( 'NONE', #735, #1675 ) ;
#1264 = EDGE_CURVE ( 'NONE', #1462, #61, #5642, .T. ) ;
#1265 = DIRECTION ( 'NONE',  ( 0.000000000000000000, -0.000000000000000000, -1.000000000000000000 ) ) ;
#1266 = DIRECTION ( 'NONE',  ( -1.000000000000000000, -0.000000000000000000, -0.000000000000000000 ) ) ;
#1267 = UNCERTAINTY_MEASURE_WITH_UNIT (LENGTH_MEASURE( 1.000000000000000082E-05 ), #1693, 'distance_accuracy_value', 'NONE');
#1268 = DIRECTION ( 'NONE',  ( 0.000000000000000000, 0.000000000000000000, 1.000000000000000000 ) ) ;
#1269 = ORIENTED_EDGE ( 'NONE', *, *, #5626, .F. ) ;
#1270 = LINE ( 'NONE', #3747, #3825 ) ;
#1271 = VECTOR ( 'NONE', #4595, 1000.000000000000000 ) ;
#1272 = ORIENTED_EDGE ( 'NONE', *, *, #5134, .F. ) ;
#1273 = DIRECTION ( 'NONE',  ( -1.000000000000000000, 0.000000000000000000, 0.000000000000000000 ) ) ;
#1275 = ORIENTED_EDGE ( 'NONE', *, *, #1534, .F. ) ;
#1274 = DIRECTION ( 'NONE',  ( 0.000000000000000000, 0.000000000000000000, 1.000000000000000000 ) ) ;
#1276 = EDGE_CURVE ( 'NONE', #3013, #4463, #1582, .T. ) ;
#1277 = PLANE ( 'NONE',  #5587 ) ;
#1278 = AXIS2_PLACEMENT_3D ( 'NONE', #5673, #142, #3867 ) ;
#1279 = CARTESIAN_POINT ( 'NONE',  ( 0.9725000000000002531, 0.5225000000000000755, 0.3000000000000000444 ) ) ;
#1280 = FACE_OUTER_BOUND ( 'NONE', #5684, .T. ) ;
#1281 = LINE ( 'NONE', #3021, #261 ) ;
#1282 = EDGE_LOOP ( 'NONE', ( #3088, #2841, #3377, #3171 ) ) ;
#1283 = ORIENTED_EDGE ( 'NONE', *, *, #5355, .F. ) ;
#1284 = VERTEX_POINT ( 'NONE', #5170 ) ;
#1285 = DIRECTION ( 'NONE',  ( 0.000000000000000000, -1.592040838891557123E-16, 1.000000000000000000 ) ) ;
#1286 = AXIS2_PLACEMENT_3D ( 'NONE', #3707, #872, #1764 ) ;
#1287 = ORIENTED_EDGE ( 'NONE', *, *, #4870, .F. ) ;
#1288 = DIRECTION ( 'NONE',  ( -0.000000000000000000, 1.000000000000000000, -0.000000000000000000 ) ) ;
#1289 = VECTOR ( 'NONE', #5512, 1000.000000000000000 ) ;
#1290 = CARTESIAN_POINT ( 'NONE',  ( -0.9725000000000004752, 0.5499999999999999334, 0.2816666666666667318 ) ) ;
#1291 = ORIENTED_EDGE ( 'NONE', *, *, #2321, .F. ) ;
#1292 = CARTESIAN_POINT ( 'NONE',  ( 0.3999999999999999667, 0.000000000000000000, -0.3000000000000000444 ) ) ;
#1293 = EDGE_CURVE ( 'NONE', #5164, #645, #2419, .T. ) ;
#1294 = VECTOR ( 'NONE', #2626, 1000.000000000000000 ) ;
#1295 = LINE ( 'NONE', #3145, #1853 ) ;
#1296 = EDGE_CURVE ( 'NONE', #423, #5727, #236, .T. ) ;
#1297 = DIRECTION ( 'NONE',  ( 0.000000000000000000, -0.000000000000000000, 1.000000000000000000 ) ) ;
#1298 = FILL_AREA_STYLE_COLOUR ( '', #4822 ) ;
#1299 = ORIENTED_EDGE ( 'NONE', *, *, #2947, .T. ) ;
#1300 = CARTESIAN_POINT ( 'NONE',  ( 0.6750000000000000444, 0.02750000000000000361, -0.4724999999999995315 ) ) ;
#1301 = VECTOR ( 'NONE', #4231, 1000.000000000000000 ) ;
#1302 = VECTOR ( 'NONE', #4513, 1000.000000000000000 ) ;
#1303 = DIRECTION ( 'NONE',  ( -0.000000000000000000, 0.000000000000000000, -1.000000000000000000 ) ) ;
#1305 = VERTEX_POINT ( 'NONE', #2060 ) ;
#1304 = DIRECTION ( 'NONE',  ( -1.000000000000000000, 0.000000000000000000, 0.000000000000000000 ) ) ;
#1306 = DIRECTION ( 'NONE',  ( -0.000000000000000000, 0.000000000000000000, 1.000000000000000000 ) ) ;
#1307 = CARTESIAN_POINT ( 'NONE',  ( 0.1000000000000000472, -1.592040838891558417E-17, 0.5000000000000000000 ) ) ;
#1308 = CARTESIAN_POINT ( 'NONE',  ( 0.3999999999999999667, 0.02750000000000000361, -0.4724999999999995315 ) ) ;
#1309 = CARTESIAN_POINT ( 'NONE',  ( 0.1000000000000000472, 2.081899558550501081E-17, 0.2000000000000000111 ) ) ;
#1310 = ORIENTED_EDGE ( 'NONE', *, *, #1694, .F. ) ;
#1311 = VERTEX_POINT ( 'NONE', #2454 ) ;
#1312 = ORIENTED_EDGE ( 'NONE', *, *, #317, .F. ) ;
#1313 = CARTESIAN_POINT ( 'NONE',  ( -0.6750000000000000444, 0.000000000000000000, 0.4000000000000000777 ) ) ;
#1314 = EDGE_CURVE ( 'NONE', #3795, #4052, #4258, .T. ) ;
#1315 = VECTOR ( 'NONE', #2053, 1000.000000000000000 ) ;
#1316 = ORIENTED_EDGE ( 'NONE', *, *, #2797, .F. ) ;
#1317 = CARTESIAN_POINT ( 'NONE',  ( -0.8249999999999999556, 0.02750000000000000361, -0.4000000000000000222 ) ) ;
#1318 = VECTOR ( 'NONE', #765, 1000.000000000000000 ) ;
#1319 = VECTOR ( 'NONE', #2069, 1000.000000000000000 ) ;
#1320 = CARTESIAN_POINT ( 'NONE',  ( -0.6750000000000000444, 0.000000000000000000, -0.4000000000000000222 ) ) ;
#1321 = VERTEX_POINT ( 'NONE', #5200 ) ;
#1322 = VECTOR ( 'NONE', #3374, 1000.000000000000000 ) ;
#1323 = EDGE_CURVE ( 'NONE', #481, #2780, #3272, .T. ) ;
#1324 = VECTOR ( 'NONE', #2311, 1000.000000000000000 ) ;
#1325 = DIRECTION ( 'NONE',  ( 0.000000000000000000, 1.000000000000000000, -1.224646799147352961E-16 ) ) ;
#1326 = ORIENTED_EDGE ( 'NONE', *, *, #3177, .F. ) ;
#1327 = DIRECTION ( 'NONE',  ( -0.000000000000000000, -0.000000000000000000, 1.000000000000000000 ) ) ;
#1328 = ADVANCED_FACE ( 'NONE', ( #3370 ), #5070, .F. ) ;
#1329 = VERTEX_POINT ( 'NONE', #1519 ) ;
#1330 = FILL_AREA_STYLE_COLOUR ( '', #5482 ) ;
#1331 = AXIS2_PLACEMENT_3D ( 'NONE', #229, #5604, #3294 ) ;
#1332 = ORIENTED_EDGE ( 'NONE', *, *, #3122, .F. ) ;
#1333 = ORIENTED_EDGE ( 'NONE', *, *, #3828, .T. ) ;
#1334 = VECTOR ( 'NONE', #2128, 1000.000000000000000 ) ;
#1335 = VECTOR ( 'NONE', #2034, 1000.000000000000000 ) ;
#1336 = DIRECTION ( 'NONE',  ( 0.000000000000000000, 0.000000000000000000, -1.000000000000000000 ) ) ;
#1338 = EDGE_LOOP ( 'NONE', ( #5523, #4053, #3916, #4482, #992, #2769, #3199, #5479, #5159, #5447, #1633, #1817, #13, #2911, #1532, #2740, #524, #3879, #439, #1430, #1715, #413, #3851, #5714, #595, #4475, #5532, #5003 ) ) ;
#1337 = DIRECTION ( 'NONE',  ( 0.000000000000000000, 0.000000000000000000, 1.000000000000000000 ) ) ;
#1339 = FACE_OUTER_BOUND ( 'NONE', #926, .T. ) ;
#1340 = EDGE_CURVE ( 'NONE', #5045, #3724, #556, .T. ) ;
#1341 = PLANE ( 'NONE',  #5513 ) ;
#1342 = DIRECTION ( 'NONE',  ( 0.000000000000000000, 0.000000000000000000, 1.000000000000000000 ) ) ;
#1343 = LINE ( 'NONE', #1373, #3216 ) ;
#1344 = VERTEX_POINT ( 'NONE', #1007 ) ;
#1345 = VERTEX_POINT ( 'NONE', #2386 ) ;
#1346 = VERTEX_POINT ( 'NONE', #2828 ) ;
#1347 = DIRECTION ( 'NONE',  ( 0.000000000000000000, -1.000000000000000000, 0.000000000000000000 ) ) ;
#1348 = EDGE_LOOP ( 'NONE', ( #3497, #871, #2616, #491 ) ) ;
#1349 = LINE ( 'NONE', #3165, #4381 ) ;
#1350 = EDGE_CURVE ( 'NONE', #5462, #5372, #3750, .T. ) ;
#1351 = DIRECTION ( 'NONE',  ( -1.000000000000000000, -0.000000000000000000, 0.000000000000000000 ) ) ;
#1352 = ORIENTED_EDGE ( 'NONE', *, *, #1813, .T. ) ;
#1353 = DIRECTION ( 'NONE',  ( 0.000000000000000000, 0.000000000000000000, -1.000000000000000000 ) ) ;
#1354 = PRODUCT_DEFINITION ( 'UNKNOWN', '', #1766, #1778 ) ;
#1355 = LINE ( 'NONE', #1934, #3475 ) ;
#1356 = ORIENTED_EDGE ( 'NONE', *, *, #2136, .T. ) ;
#1357 = LINE ( 'NONE', #3241, #4075 ) ;
#1358 = EDGE_CURVE ( 'NONE', #3703, #1665, #5547, .T. ) ;
#1359 = EDGE_LOOP ( 'NONE', ( #3138, #271, #804, #5845, #5063, #300, #452, #2893 ) ) ;
#1360 = EDGE_CURVE ( 'NONE', #5831, #2198, #4275, .T. ) ;
#1361 = DIRECTION ( 'NONE',  ( 0.000000000000000000, 0.000000000000000000, 1.000000000000000000 ) ) ;
#1362 = VERTEX_POINT ( 'NONE', #130 ) ;
#1363 = EDGE_LOOP ( 'NONE', ( #4193, #2197, #3929, #1522 ) ) ;
#1364 = CARTESIAN_POINT ( 'NONE',  ( 1.000000000000000222, -3.673940397442076138E-18, -0.4000000000000002442 ) ) ;
#1365 = EDGE_LOOP ( 'NONE', ( #2291, #4005, #3902, #3491 ) ) ;
#1366 = CARTESIAN_POINT ( 'NONE',  ( 0.3250000000000000111, 0.4950000000000009948, 0.2500000000000000000 ) ) ;
#1367 = EDGE_CURVE ( 'NONE', #4826, #1311, #190, .T. ) ;
#1368 = ORIENTED_EDGE ( 'NONE', *, *, #2738, .T. ) ;
#1369 = CARTESIAN_POINT ( 'NONE',  ( 0.6000000000000000888, 0.02750000000000000361, 0.4724999999999995315 ) ) ;
#1370 = EDGE_CURVE ( 'NONE', #4222, #2112, #1888, .T. ) ;
#1371 = DIRECTION ( 'NONE',  ( 0.000000000000000000, 0.000000000000000000, -1.000000000000000000 ) ) ;
#1372 = VECTOR ( 'NONE', #10, 1000.000000000000000 ) ;
#1373 = CARTESIAN_POINT ( 'NONE',  ( -0.1000000000000000472, 2.081899558550501081E-17, 0.2000000000000000111 ) ) ;
#1374 = ORIENTED_EDGE ( 'NONE', *, *, #3119, .T. ) ;
#1375 = EDGE_LOOP ( 'NONE', ( #989, #138, #4002, #4023 ) ) ;
#1376 = ORIENTED_EDGE ( 'NONE', *, *, #3458, .F. ) ;
#1377 = CARTESIAN_POINT ( 'NONE',  ( 1.000000000000000222, 2.707018309146649315, 0.4724999999999995315 ) ) ;
#1378 = ORIENTED_EDGE ( 'NONE', *, *, #4156, .T. ) ;
#1379 = PLANE ( 'NONE',  #2657 ) ;
#1380 = VERTEX_POINT ( 'NONE', #537 ) ;
#1381 = ORIENTED_EDGE ( 'NONE', *, *, #2988, .F. ) ;
#1382 = CARTESIAN_POINT ( 'NONE',  ( -0.1000000000000000472, 0.000000000000000000, 0.4000000000000000777 ) ) ;
#1383 = VERTEX_POINT ( 'NONE', #2335 ) ;
#1384 = FILL_AREA_STYLE ('',( #2790 ) ) ;
#1385 = CARTESIAN_POINT ( 'NONE',  ( 0.6750000000000000444, 0.02750000000000000361, 0.2000000000000000666 ) ) ;
#1386 = CARTESIAN_POINT ( 'NONE',  ( -1.000000000000000444, 0.4950000000000002176, 0.4724999999999993650 ) ) ;
#1387 = VECTOR ( 'NONE', #5043, 1000.000000000000000 ) ;
#1388 = VECTOR ( 'NONE', #5157, 1000.000000000000000 ) ;
#1389 = ORIENTED_EDGE ( 'NONE', *, *, #1891, .F. ) ;
#1390 = EDGE_CURVE ( 'NONE', #2185, #2400, #4616, .T. ) ;
#1391 = VERTEX_POINT ( 'NONE', #3732 ) ;
#1392 =( NAMED_UNIT ( * ) SI_UNIT ( $, .STERADIAN. ) SOLID_ANGLE_UNIT ( ) );
#1393 = CARTESIAN_POINT ( 'NONE',  ( 0.6000000000000000888, 0.02750000000000018055, -0.4724999999999995315 ) ) ;
#1394 = ORIENTED_EDGE ( 'NONE', *, *, #752, .T. ) ;
#1395 = VECTOR ( 'NONE', #4115, 1000.000000000000000 ) ;
#1396 = ORIENTED_EDGE ( 'NONE', *, *, #2086, .F. ) ;
#1397 = CARTESIAN_POINT ( 'NONE',  ( -0.1750000000000000167, 0.02750000000000000361, -0.2000000000000000389 ) ) ;
#1398 = ORIENTED_EDGE ( 'NONE', *, *, #5593, .T. ) ;
#1399 = FACE_OUTER_BOUND ( 'NONE', #2162, .T. ) ;
#1400 = VERTEX_POINT ( 'NONE', #4713 ) ;
#1401 = LINE ( 'NONE', #2244, #4667 ) ;
#1402 = AXIS2_PLACEMENT_3D ( 'NONE', #1239, #2615, #3120 ) ;
#1403 = AXIS2_PLACEMENT_3D ( 'NONE', #3670, #1733, #5469 ) ;
#1404 = EDGE_CURVE ( 'NONE', #4072, #2295, #5119, .T. ) ;
#1405 = LINE ( 'NONE', #3659, #4905 ) ;
#1406 = CARTESIAN_POINT ( 'NONE',  ( -0.1750000000000000167, 0.000000000000000000, 0.2000000000000000111 ) ) ;
#1407 = CARTESIAN_POINT ( 'NONE',  ( -0.3999999999999999667, 0.4950000000000011058, -0.4000000000000000222 ) ) ;
#1408 = AXIS2_PLACEMENT_3D ( 'NONE', #4651, #2436, #5630 ) ;
#1409 = EDGE_LOOP ( 'NONE', ( #4085, #174, #1996, #4796 ) ) ;
#1410 = LINE ( 'NONE', #484, #2252 ) ;
#1411 = VERTEX_POINT ( 'NONE', #3285 ) ;
#1412 = DIRECTION ( 'NONE',  ( 1.000000000000000000, 0.000000000000000000, 0.000000000000000000 ) ) ;
#1413 = ORIENTED_EDGE ( 'NONE', *, *, #4326, .T. ) ;
#1414 = CARTESIAN_POINT ( 'NONE',  ( 0.000000000000000000, 0.4950000000000001066, -0.3000000000000000444 ) ) ;
#1415 = ORIENTED_EDGE ( 'NONE', *, *, #1643, .T. ) ;
#1416 = DIRECTION ( 'NONE',  ( -0.000000000000000000, 1.000000000000000000, -0.000000000000000000 ) ) ;
#1417 = AXIS2_PLACEMENT_3D ( 'NONE', #3797, #996, #5571 ) ;
#1418 = CARTESIAN_POINT ( 'NONE',  ( -0.6000000000000000888, -3.673940397442049175E-18, -0.4000000000000000222 ) ) ;
#1419 = DIRECTION ( 'NONE',  ( -1.000000000000000000, 0.000000000000000000, 1.084202172485503941E-16 ) ) ;
#1420 = CARTESIAN_POINT ( 'NONE',  ( -0.1000000000000000472, 0.5225000000000000755, 0.2500000000000000000 ) ) ;
#1421 = AXIS2_PLACEMENT_3D ( 'NONE', #2186, #5343, #2213 ) ;
#1422 = VECTOR ( 'NONE', #1663, 1000.000000000000000 ) ;
#1423 = AXIS2_PLACEMENT_3D ( 'NONE', #2923, #1069, #209 ) ;
#1424 = VERTEX_POINT ( 'NONE', #3256 ) ;
#1425 = FILL_AREA_STYLE_COLOUR ( '', #3323 ) ;
#1426 = LINE ( 'NONE', #4978, #4062 ) ;
#1427 = ORIENTED_EDGE ( 'NONE', *, *, #369, .T. ) ;
#1428 = DIRECTION ( 'NONE',  ( -1.000000000000000000, 0.000000000000000000, 0.000000000000000000 ) ) ;
#1429 = EDGE_CURVE ( 'NONE', #3297, #5877, #2019, .T. ) ;
#1430 = ORIENTED_EDGE ( 'NONE', *, *, #3470, .F. ) ;
#1431 = DIRECTION ( 'NONE',  ( -1.000000000000000000, 0.000000000000000000, 0.000000000000000000 ) ) ;
#1432 = ORIENTED_EDGE ( 'NONE', *, *, #3476, .T. ) ;
#1433 = CARTESIAN_POINT ( 'NONE',  ( 0.1749999999999999611, 0.02750000000000000361, -0.4000000000000000222 ) ) ;
#1434 = AXIS2_PLACEMENT_3D ( 'NONE', #866, #4046, #2688 ) ;
#1435 = ADVANCED_FACE ( 'NONE', ( #2435 ), #4211, .F. ) ;
#1436 = ADVANCED_FACE ( 'NONE', ( #3827 ), #1502, .F. ) ;
#1437 = DIRECTION ( 'NONE',  ( 0.000000000000000000, 1.000000000000000000, 0.000000000000000000 ) ) ;
#1438 = LINE ( 'NONE', #4518, #3877 ) ;
#1439 = ORIENTED_EDGE ( 'NONE', *, *, #2764, .T. ) ;
#1440 = DIRECTION ( 'NONE',  ( 1.000000000000000000, 0.000000000000000000, 7.228014483236719235E-16 ) ) ;
#1441 = EDGE_LOOP ( 'NONE', ( #4574, #3713, #5050, #2378 ) ) ;
#1442 = PLANE ( 'NONE',  #4253 ) ;
#1443 = EDGE_CURVE ( 'NONE', #2826, #2394, #3386, .T. ) ;
#1444 = ORIENTED_EDGE ( 'NONE', *, *, #237, .F. ) ;
#1445 = VECTOR ( 'NONE', #2002, 1000.000000000000000 ) ;
#1446 = CARTESIAN_POINT ( 'NONE',  ( 1.602515559965051795, 0.5316666666666668428, -0.2816666666666667318 ) ) ;
#1447 = ORIENTED_EDGE ( 'NONE', *, *, #3235, .T. ) ;
#1448 = LINE ( 'NONE', #1867, #3572 ) ;
#1449 = EDGE_LOOP ( 'NONE', ( #3154, #2248, #3961, #1389 ) ) ;
#1450 = CARTESIAN_POINT ( 'NONE',  ( 0.1749999999999999611, 0.02750000000000000361, 0.4000000000000000777 ) ) ;
#1451 = ADVANCED_FACE ( 'NONE', ( #58 ), #1981, .F. ) ;
#1452 = DIRECTION ( 'NONE',  ( 0.000000000000000000, 1.000000000000000000, 0.000000000000000000 ) ) ;
#1453 = PLANE ( 'NONE',  #5620 ) ;
#1454 = EDGE_CURVE ( 'NONE', #1852, #5251, #2907, .T. ) ;
#1455 = DIRECTION ( 'NONE',  ( 1.000000000000000000, -0.000000000000000000, 1.084202172485503941E-16 ) ) ;
#1456 = ADVANCED_FACE ( 'NONE', ( #1117 ), #4242, .F. ) ;
#1457 = FACE_OUTER_BOUND ( 'NONE', #2720, .T. ) ;
#1458 = VERTEX_POINT ( 'NONE', #1023 ) ;
#1459 = FILL_AREA_STYLE ('',( #1330 ) ) ;
#1460 = CARTESIAN_POINT ( 'NONE',  ( 0.3250000000000000111, 0.000000000000000000, -0.4000000000000000222 ) ) ;
#1461 = ORIENTED_EDGE ( 'NONE', *, *, #2678, .T. ) ;
#1462 = VERTEX_POINT ( 'NONE', #3700 ) ;
#1463 = CARTESIAN_POINT ( 'NONE',  ( 0.1749999999999999611, 0.000000000000000000, 0.4000000000000000777 ) ) ;
#1464 = VERTEX_POINT ( 'NONE', #5598 ) ;
#1465 = CARTESIAN_POINT ( 'NONE',  ( -0.1000000000000000472, -1.592040838891558417E-17, -0.5000000000000000000 ) ) ;
#1466 = EDGE_LOOP ( 'NONE', ( #500, #3016, #4487, #1879, #2453, #2306, #4257, #5382 ) ) ;
#1467 = DIRECTION ( 'NONE',  ( 0.000000000000000000, 0.000000000000000000, -1.000000000000000000 ) ) ;
#1468 = EDGE_CURVE ( 'NONE', #2409, #3258, #2846, .T. ) ;
#1469 = DIRECTION ( 'NONE',  ( 1.000000000000000000, 0.000000000000000000, 0.000000000000000000 ) ) ;
#1470 = LINE ( 'NONE', #4747, #2464 ) ;
#1471 = ORIENTED_EDGE ( 'NONE', *, *, #3307, .T. ) ;
#1472 = DIRECTION ( 'NONE',  ( -7.228014483236719235E-16, 0.000000000000000000, 1.000000000000000000 ) ) ;
#1473 = ORIENTED_EDGE ( 'NONE', *, *, #5610, .T. ) ;
#1474 =( LENGTH_UNIT ( ) NAMED_UNIT ( * ) SI_UNIT ( .MILLI., .METRE. ) );
#1475 = ORIENTED_EDGE ( 'NONE', *, *, #3488, .T. ) ;
#1476 = SURFACE_STYLE_USAGE ( .BOTH. , #544 ) ;
#1477 = VECTOR ( 'NONE', #5393, 1000.000000000000000 ) ;
#1478 = DIRECTION ( 'NONE',  ( -0.000000000000000000, 1.000000000000000000, -0.000000000000000000 ) ) ;
#1479 = VERTEX_POINT ( 'NONE', #2405 ) ;
#1480 = CARTESIAN_POINT ( 'NONE',  ( -0.8249999999999999556, 0.000000000000000000, -0.4000000000000000222 ) ) ;
#1481 = ORIENTED_EDGE ( 'NONE', *, *, #4099, .T. ) ;
#1482 = CARTESIAN_POINT ( 'NONE',  ( 0.9000000000000001332, 0.4950000000000009948, -0.4000000000000001887 ) ) ;
#1483 = VECTOR ( 'NONE', #3945, 1000.000000000000000 ) ;
#1484 = CARTESIAN_POINT ( 'NONE',  ( 0.9725000000000002531, 0.4950000000000012168, -0.2500000000000000000 ) ) ;
#1485 = PLANE ( 'NONE',  #5416 ) ;
#1486 = ORIENTED_EDGE ( 'NONE', *, *, #1847, .F. ) ;
#1487 = ADVANCED_FACE ( 'NONE', ( #2369 ), #3761, .F. ) ;
#1488 = CARTESIAN_POINT ( 'NONE',  ( 0.1000000000000001027, 0.000000000000000000, -0.3000000000000000444 ) ) ;
#1489 = CARTESIAN_POINT ( 'NONE',  ( -1.000000000000000444, 0.02750000000000000361, 0.4724999999999993650 ) ) ;
#1490 = VERTEX_POINT ( 'NONE', #1085 ) ;
#1491 = CARTESIAN_POINT ( 'NONE',  ( 0.6000000000000000888, 0.4950000000000009948, -0.2500000000000000000 ) ) ;
#1492 = LINE ( 'NONE', #2833, #3038 ) ;
#1493 = VERTEX_POINT ( 'NONE', #275 ) ;
#1494 = VECTOR ( 'NONE', #622, 1000.000000000000000 ) ;
#1495 = EDGE_LOOP ( 'NONE', ( #5459, #1895, #604, #4493 ) ) ;
#1496 = ORIENTED_EDGE ( 'NONE', *, *, #5323, .T. ) ;
#1497 = CARTESIAN_POINT ( 'NONE',  ( -0.1000000000000000472, 0.4950000000000009948, -0.4000000000000000222 ) ) ;
#1498 = LINE ( 'NONE', #2430, #5286 ) ;
#1499 = VECTOR ( 'NONE', #5269, 1000.000000000000000 ) ;
#1500 = ORIENTED_EDGE ( 'NONE', *, *, #4953, .T. ) ;
#1501 = CARTESIAN_POINT ( 'NONE',  ( -0.3999999999999999667, 0.02750000000000000361, -0.4724999999999995315 ) ) ;
#1502 = PLANE ( 'NONE',  #696 ) ;
#1503 = CARTESIAN_POINT ( 'NONE',  ( 0.000000000000000000, 0.02750000000000000361, 0.000000000000000000 ) ) ;
#1504 = FACE_OUTER_BOUND ( 'NONE', #3179, .T. ) ;
#1505 = ORIENTED_EDGE ( 'NONE', *, *, #3032, .T. ) ;
#1506 = DIRECTION ( 'NONE',  ( -1.000000000000000000, -0.000000000000000000, -0.000000000000000000 ) ) ;
#1507 = CARTESIAN_POINT ( 'NONE',  ( -0.6000000000000000888, 0.4950000000000009948, -0.4000000000000000222 ) ) ;
#1508 = VERTEX_POINT ( 'NONE', #700 ) ;
#1509 =( GEOMETRIC_REPRESENTATION_CONTEXT ( 3 ) GLOBAL_UNCERTAINTY_ASSIGNED_CONTEXT ( ( #1267 ) ) GLOBAL_UNIT_ASSIGNED_CONTEXT ( ( #1693, #2021, #2644 ) ) REPRESENTATION_CONTEXT ( 'NONE', 'WORKASPACE' ) );
#1510 = VECTOR ( 'NONE', #3247, 1000.000000000000000 ) ;
#1511 = LINE ( 'NONE', #615, #3410 ) ;
#1512 = ADVANCED_FACE ( 'NONE', ( #5263 ), #2106, .F. ) ;
#1513 = ORIENTED_EDGE ( 'NONE', *, *, #3316, .F. ) ;
#1514 = CARTESIAN_POINT ( 'NONE',  ( -0.1000000000000000472, 0.02750000000000000361, -0.4724999999999995315 ) ) ;
#1515 = DIRECTION ( 'NONE',  ( 0.000000000000000000, 0.000000000000000000, -1.000000000000000000 ) ) ;
#1516 = LINE ( 'NONE', #3892, #721 ) ;
#1517 = VERTEX_POINT ( 'NONE', #4799 ) ;
#1518 = EDGE_CURVE ( 'NONE', #348, #4410, #299, .T. ) ;
#1519 = CARTESIAN_POINT ( 'NONE',  ( -1.000000000000000444, -3.673940397442066894E-18, 0.4000000000000001332 ) ) ;
#1520 = CARTESIAN_POINT ( 'NONE',  ( -0.6000000000000000888, -1.592040838891558417E-17, 0.5000000000000000000 ) ) ;
#1521 = CARTESIAN_POINT ( 'NONE',  ( -0.1000000000000000472, 0.000000000000000000, -0.3000000000000000444 ) ) ;
#1522 = ORIENTED_EDGE ( 'NONE', *, *, #4163, .F. ) ;
#1523 = DIRECTION ( 'NONE',  ( 0.000000000000000000, -1.000000000000000000, 0.000000000000000000 ) ) ;
#1524 = DIRECTION ( 'NONE',  ( 0.000000000000000000, 0.000000000000000000, 1.000000000000000000 ) ) ;
#1525 = VERTEX_POINT ( 'NONE', #772 ) ;
#1526 = VECTOR ( 'NONE', #5192, 1000.000000000000000 ) ;
#1527 = ADVANCED_FACE ( 'NONE', ( #5713 ), #224, .F. ) ;
#1528 = VECTOR ( 'NONE', #1266, 1000.000000000000000 ) ;
#1529 = CARTESIAN_POINT ( 'NONE',  ( 0.3250000000000000111, 0.000000000000000000, 0.2000000000000000111 ) ) ;
#1530 = LINE ( 'NONE', #3350, #2639 ) ;
#1531 = AXIS2_PLACEMENT_3D ( 'NONE', #2057, #309, #784 ) ;
#1532 = ORIENTED_EDGE ( 'NONE', *, *, #3104, .F. ) ;
#1533 = DIRECTION ( 'NONE',  ( 0.000000000000000000, 0.000000000000000000, 1.000000000000000000 ) ) ;
#1534 = EDGE_CURVE ( 'NONE', #825, #481, #3882, .T. ) ;
#1535 = CARTESIAN_POINT ( 'NONE',  ( -0.3250000000000000666, 0.000000000000000000, -0.4000000000000000222 ) ) ;
#1536 = CARTESIAN_POINT ( 'NONE',  ( -0.6000000000000000888, 2.081899558550501081E-17, 0.2000000000000000111 ) ) ;
#1537 = ORIENTED_EDGE ( 'NONE', *, *, #37, .F. ) ;
#1538 = CARTESIAN_POINT ( 'NONE',  ( -1.000000000000000444, 0.02750000000000000361, -0.3999999999999999667 ) ) ;
#1539 = VECTOR ( 'NONE', #1250, 1000.000000000000000 ) ;
#1540 = VERTEX_POINT ( 'NONE', #4745 ) ;
#1541 = PLANE ( 'NONE',  #1331 ) ;
#1542 = DIRECTION ( 'NONE',  ( 0.000000000000000000, 0.000000000000000000, 1.000000000000000000 ) ) ;
#1543 = ORIENTED_EDGE ( 'NONE', *, *, #2138, .F. ) ;
#1544 = VECTOR ( 'NONE', #985, 1000.000000000000000 ) ;
#1545 = CARTESIAN_POINT ( 'NONE',  ( -0.1000000000000000472, 0.02750000000000000361, 0.4000000000000000777 ) ) ;
#1546 = VECTOR ( 'NONE', #1648, 1000.000000000000000 ) ;
#1547 = ORIENTED_EDGE ( 'NONE', *, *, #4077, .F. ) ;
#1548 = PLANE ( 'NONE',  #4600 ) ;
#1549 = DIRECTION ( 'NONE',  ( -0.000000000000000000, -0.000000000000000000, 1.000000000000000000 ) ) ;
#1550 = LINE ( 'NONE', #3456, #1238 ) ;
#1551 = ADVANCED_FACE ( 'NONE', ( #5288 ), #1593, .F. ) ;
#1552 = VERTEX_POINT ( 'NONE', #2049 ) ;
#1553 = DIRECTION ( 'NONE',  ( -0.000000000000000000, -6.285229985423231545E-16, -1.000000000000000000 ) ) ;
#1554 = EDGE_CURVE ( 'NONE', #4215, #4457, #324, .T. ) ;
#1555 = DIRECTION ( 'NONE',  ( 0.000000000000000000, -1.000000000000000000, 0.000000000000000000 ) ) ;
#1556 = FACE_OUTER_BOUND ( 'NONE', #5433, .T. ) ;
#1557 = ORIENTED_EDGE ( 'NONE', *, *, #475, .F. ) ;
#1558 = LINE ( 'NONE', #5141, #3591 ) ;
#1559 = LINE ( 'NONE', #3347, #1800 ) ;
#1560 = VERTEX_POINT ( 'NONE', #4818 ) ;
#1561 = VECTOR ( 'NONE', #4650, 1000.000000000000000 ) ;
#1562 = DIRECTION ( 'NONE',  ( -0.000000000000000000, -2.168404344971009115E-16, 1.000000000000000000 ) ) ;
#1563 = EDGE_CURVE ( 'NONE', #5778, #3123, #1669, .T. ) ;
#1564 = LINE ( 'NONE', #3727, #2555 ) ;
#1565 = ORIENTED_EDGE ( 'NONE', *, *, #5554, .F. ) ;
#1566 = CARTESIAN_POINT ( 'NONE',  ( -0.6000000000000000888, 0.02750000000000000361, 0.4724999999999995315 ) ) ;
#1567 = ADVANCED_FACE ( 'NONE', ( #3856 ), #1247, .F. ) ;
#1568 = CARTESIAN_POINT ( 'NONE',  ( -0.3999999999999999667, 2.707018309146649315, -0.4724999999999994205 ) ) ;
#1569 = LINE ( 'NONE', #2497, #2735 ) ;
#1570 = ADVANCED_FACE ( 'NONE', ( #5764 ), #2589, .F. ) ;
#1571 = FACE_OUTER_BOUND ( 'NONE', #3997, .T. ) ;
#1572 = ORIENTED_EDGE ( 'NONE', *, *, #4746, .T. ) ;
#1573 = CARTESIAN_POINT ( 'NONE',  ( 0.6750000000000000444, 0.000000000000000000, -0.1999999999999999833 ) ) ;
#1574 = FACE_OUTER_BOUND ( 'NONE', #2212, .T. ) ;
#1575 = FACE_OUTER_BOUND ( 'NONE', #1123, .T. ) ;
#1576 = ORIENTED_EDGE ( 'NONE', *, *, #2309, .T. ) ;
#1577 = DIRECTION ( 'NONE',  ( 0.000000000000000000, 1.000000000000000000, 0.000000000000000000 ) ) ;
#1578 = CARTESIAN_POINT ( 'NONE',  ( -0.1000000000000000472, 0.02750000000000000361, 0.4724999999999995315 ) ) ;
#1579 = VECTOR ( 'NONE', #4725, 1000.000000000000000 ) ;
#1580 = PLANE ( 'NONE',  #1278 ) ;
#1581 = EDGE_LOOP ( 'NONE', ( #1572, #5378, #1845, #2313, #63, #5550, #2602, #1038 ) ) ;
#1582 = LINE ( 'NONE', #687, #674 ) ;
#1583 = DIRECTION ( 'NONE',  ( 0.000000000000000000, 0.000000000000000000, 1.000000000000000000 ) ) ;
#1584 = LINE ( 'NONE', #4346, #2336 ) ;
#1585 = ORIENTED_EDGE ( 'NONE', *, *, #1367, .T. ) ;
#1586 = DIRECTION ( 'NONE',  ( -0.000000000000000000, 0.000000000000000000, -1.000000000000000000 ) ) ;
#1587 = VERTEX_POINT ( 'NONE', #2496 ) ;
#1588 = CARTESIAN_POINT ( 'NONE',  ( -0.6000000000000000888, -1.592040838891558417E-17, -0.5000000000000000000 ) ) ;
#1589 = LINE ( 'NONE', #4301, #5682 ) ;
#1590 = VECTOR ( 'NONE', #4292, 1000.000000000000000 ) ;
#1591 = ORIENTED_EDGE ( 'NONE', *, *, #3382, .F. ) ;
#1592 = DIRECTION ( 'NONE',  ( -1.000000000000000000, 0.000000000000000000, 0.000000000000000000 ) ) ;
#1593 = PLANE ( 'NONE',  #293 ) ;
#1594 = VECTOR ( 'NONE', #2550, 1000.000000000000000 ) ;
#1595 = SHAPE_REPRESENTATION ( 'Resistor_Array_YC_AF_xxx_YC124-FR-0759RL', ( #4343 ), #255 ) ;
#1596 = CARTESIAN_POINT ( 'NONE',  ( 0.3999999999999999667, 2.707018309146649315, -0.4724999999999995315 ) ) ;
#1597 = SURFACE_SIDE_STYLE ('',( #193 ) ) ;
#1598 = SURFACE_STYLE_FILL_AREA ( #5664 ) ;
#1599 = EDGE_CURVE ( 'NONE', #690, #29, #5216, .T. ) ;
#1600 = ORIENTED_EDGE ( 'NONE', *, *, #3235, .F. ) ;
#1601 = FACE_OUTER_BOUND ( 'NONE', #1661, .T. ) ;
#1602 = CARTESIAN_POINT ( 'NONE',  ( 0.6000000000000000888, 0.000000000000000000, 0.000000000000000000 ) ) ;
#1603 = LINE ( 'NONE', #5701, #5833 ) ;
#1604 = VECTOR ( 'NONE', #2051, 1000.000000000000000 ) ;
#1605 = VECTOR ( 'NONE', #4640, 1000.000000000000000 ) ;
#1606 = CARTESIAN_POINT ( 'NONE',  ( 1.602515559965051795, 0.5225000000000000755, 0.2500000000000000000 ) ) ;
#1607 = EDGE_CURVE ( 'NONE', #5772, #3191, #1220, .T. ) ;
#1608 = LINE ( 'NONE', #3432, #2074 ) ;
#1609 = CARTESIAN_POINT ( 'NONE',  ( 0.3999999999999999667, 0.4950000000000001066, 0.000000000000000000 ) ) ;
#1610 = VERTEX_POINT ( 'NONE', #5246 ) ;
#1611 = CARTESIAN_POINT ( 'NONE',  ( 0.9725000000000002531, 0.5316666666666667318, 0.2816666666666667318 ) ) ;
#1612 = CLOSED_SHELL ( 'NONE', ( #1527, #1262, #8, #5148, #3048, #5742, #5810, #2468, #2131, #2520, #2077, #3739, #2795, #1451, #4180, #5836, #407, #392 ) ) ;
#1613 = LINE ( 'NONE', #715, #5868 ) ;
#1614 = ORIENTED_EDGE ( 'NONE', *, *, #4104, .F. ) ;
#1615 = DIRECTION ( 'NONE',  ( 0.000000000000000000, 0.000000000000000000, 1.000000000000000000 ) ) ;
#1616 = VECTOR ( 'NONE', #862, 1000.000000000000000 ) ;
#1617 = ORIENTED_EDGE ( 'NONE', *, *, #2939, .F. ) ;
#1618 = VECTOR ( 'NONE', #1962, 1000.000000000000000 ) ;
#1619 = FACE_OUTER_BOUND ( 'NONE', #5130, .T. ) ;
#1620 = ORIENTED_EDGE ( 'NONE', *, *, #1080, .F. ) ;
#1621 = EDGE_CURVE ( 'NONE', #4816, #4441, #4845, .T. ) ;
#1622 = AXIS2_PLACEMENT_3D ( 'NONE', #3502, #3868, #4883 ) ;
#1623 = DIRECTION ( 'NONE',  ( 0.000000000000000000, 0.000000000000000000, 1.000000000000000000 ) ) ;
#1624 = EDGE_CURVE ( 'NONE', #4110, #1170, #4401, .T. ) ;
#1625 = CARTESIAN_POINT ( 'NONE',  ( -0.6750000000000000444, 0.000000000000000000, 0.2000000000000000111 ) ) ;
#1626 = AXIS2_PLACEMENT_3D ( 'NONE', #513, #2665, #5832 ) ;
#1627 = SHAPE_DEFINITION_REPRESENTATION ( #3593, #3440 ) ;
#1628 = EDGE_CURVE ( 'NONE', #1458, #2765, #2153, .T. ) ;
#1629 = ADVANCED_FACE ( 'NONE', ( #2971 ), #1177, .F. ) ;
#1630 = CARTESIAN_POINT ( 'NONE',  ( -0.9725000000000004752, 0.4950000000000012168, -0.2500000000000000000 ) ) ;
#1631 = DIRECTION ( 'NONE',  ( -1.000000000000000000, 0.000000000000000000, 1.084202172485503941E-16 ) ) ;
#1632 = ADVANCED_FACE ( 'NONE', ( #77 ), #558, .F. ) ;
#1633 = ORIENTED_EDGE ( 'NONE', *, *, #5038, .F. ) ;
#1634 = ADVANCED_FACE ( 'NONE', ( #2240 ), #2214, .F. ) ;
#1635 = VECTOR ( 'NONE', #3450, 1000.000000000000000 ) ;
#1636 = CARTESIAN_POINT ( 'NONE',  ( 0.9000000000000000222, 2.081899558550501081E-17, -0.2000000000000000111 ) ) ;
#1637 = DIRECTION ( 'NONE',  ( -1.000000000000000000, 0.000000000000000000, 1.084202172485503941E-16 ) ) ;
#1638 = DIRECTION ( 'NONE',  ( 0.000000000000000000, 1.000000000000000000, 1.971276677246371124E-15 ) ) ;
#1639 = AXIS2_PLACEMENT_3D ( 'NONE', #4328, #1592, #3415 ) ;
#1640 = CARTESIAN_POINT ( 'NONE',  ( 0.6750000000000000444, 0.000000000000000000, 0.4000000000000000777 ) ) ;
#1641 = PLANE ( 'NONE',  #160 ) ;
#1642 = DIRECTION ( 'NONE',  ( 0.000000000000000000, -1.971276677246373097E-15, -1.000000000000000000 ) ) ;
#1643 = EDGE_CURVE ( 'NONE', #5828, #4029, #4015, .T. ) ;
#1644 = FACE_OUTER_BOUND ( 'NONE', #4434, .T. ) ;
#1645 = ADVANCED_FACE ( 'NONE', ( #2388 ), #387, .F. ) ;
#1646 = CARTESIAN_POINT ( 'NONE',  ( -0.6000000000000000888, 0.000000000000000000, 0.4000000000000000777 ) ) ;
#1647 = ORIENTED_EDGE ( 'NONE', *, *, #5324, .F. ) ;
#1648 = DIRECTION ( 'NONE',  ( -0.000000000000000000, 1.000000000000000000, -0.000000000000000000 ) ) ;
#1650 = ORIENTED_EDGE ( 'NONE', *, *, #3119, .F. ) ;
#1649 = DIRECTION ( 'NONE',  ( 0.000000000000000000, 0.000000000000000000, -1.000000000000000000 ) ) ;
#1651 = CARTESIAN_POINT ( 'NONE',  ( -0.1000000000000000472, 0.5225000000000000755, 0.5000000000000000000 ) ) ;
#1652 = VECTOR ( 'NONE', #5847, 1000.000000000000000 ) ;
#1653 = CARTESIAN_POINT ( 'NONE',  ( -0.6750000000000000444, 0.4950000000000009948, 0.4000000000000000777 ) ) ;
#1654 = CARTESIAN_POINT ( 'NONE',  ( -0.6750000000000000444, 0.5225000000000000755, -0.4000000000000000222 ) ) ;
#1655 = VERTEX_POINT ( 'NONE', #5548 ) ;
#1656 = CARTESIAN_POINT ( 'NONE',  ( -0.8249999999999999556, 0.5225000000000000755, -0.2500000000000000000 ) ) ;
#1657 = CARTESIAN_POINT ( 'NONE',  ( 1.000000000000000222, 2.707018309146649315, 0.4724999999999995315 ) ) ;
#1658 = DIRECTION ( 'NONE',  ( 1.000000000000000000, 0.000000000000000000, -7.228014483236719235E-16 ) ) ;
#1659 = CARTESIAN_POINT ( 'NONE',  ( -0.6000000000000000888, -1.592040838891558417E-17, 0.5000000000000000000 ) ) ;
#1660 = LINE ( 'NONE', #5749, #4514 ) ;
#1661 = EDGE_LOOP ( 'NONE', ( #2692, #4443, #5873, #4542 ) ) ;
#1662 = DIRECTION ( 'NONE',  ( 0.000000000000000000, -0.000000000000000000, 1.000000000000000000 ) ) ;
#1663 = DIRECTION ( 'NONE',  ( 1.000000000000000000, 0.000000000000000000, 0.000000000000000000 ) ) ;
#1664 = VECTOR ( 'NONE', #1662, 1000.000000000000000 ) ;
#1665 = VERTEX_POINT ( 'NONE', #3567 ) ;
#1666 = DIRECTION ( 'NONE',  ( 1.084202172485504064E-16, -0.000000000000000000, 1.000000000000000000 ) ) ;
#1667 = ORIENTED_EDGE ( 'NONE', *, *, #2777, .T. ) ;
#1668 = CARTESIAN_POINT ( 'NONE',  ( 0.8250000000000001776, 0.02750000000000000361, 0.2000000000000000666 ) ) ;
#1670 = ORIENTED_EDGE ( 'NONE', *, *, #4357, .T. ) ;
#1669 = LINE ( 'NONE', #250, #5708 ) ;
#1671 = FACE_OUTER_BOUND ( 'NONE', #1113, .T. ) ;
#1672 = DIRECTION ( 'NONE',  ( 1.000000000000000000, 0.000000000000000000, 0.000000000000000000 ) ) ;
#1673 =( LENGTH_UNIT ( ) NAMED_UNIT ( * ) SI_UNIT ( .MILLI., .METRE. ) );
#1674 =( GEOMETRIC_REPRESENTATION_CONTEXT ( 3 ) GLOBAL_UNCERTAINTY_ASSIGNED_CONTEXT ( ( #4037 ) ) GLOBAL_UNIT_ASSIGNED_CONTEXT ( ( #5267, #832, #1179 ) ) REPRESENTATION_CONTEXT ( 'NONE', 'WORKASPACE' ) );
#1675 = VECTOR ( 'NONE', #3082, 1000.000000000000000 ) ;
#1676 = CARTESIAN_POINT ( 'NONE',  ( -1.000000000000000444, 0.02750000000000000361, -0.4724999999999995315 ) ) ;
#1677 = ORIENTED_EDGE ( 'NONE', *, *, #5324, .T. ) ;
#1678 = LINE ( 'NONE', #3054, #36 ) ;
#1679 = AXIS2_PLACEMENT_3D ( 'NONE', #2130, #3933, #5737 ) ;
#1680 = CARTESIAN_POINT ( 'NONE',  ( -0.9725000000000004752, 2.707018309146649315, 0.4724999999999993650 ) ) ;
#1681 = ADVANCED_FACE ( 'NONE', ( #5071 ), #3070, .F. ) ;
#1682 = DIRECTION ( 'NONE',  ( -0.000000000000000000, 1.000000000000000000, -0.000000000000000000 ) ) ;
#1683 = CARTESIAN_POINT ( 'NONE',  ( -0.1000000000000000472, 0.000000000000000000, 0.000000000000000000 ) ) ;
#1684 = ORIENTED_EDGE ( 'NONE', *, *, #2962, .T. ) ;
#1685 = PLANE ( 'NONE',  #421 ) ;
#1686 = LINE ( 'NONE', #3461, #565 ) ;
#1687 = PRESENTATION_LAYER_ASSIGNMENT (  '', '', ( #4531 ) ) ;
#1688 = VECTOR ( 'NONE', #2463, 1000.000000000000000 ) ;
#1689 = ADVANCED_FACE ( 'NONE', ( #3539 ), #1008, .F. ) ;
#1690 = EDGE_CURVE ( 'NONE', #5491, #3635, #523, .T. ) ;
#1691 = UNCERTAINTY_MEASURE_WITH_UNIT (LENGTH_MEASURE( 1.000000000000000082E-05 ), #460, 'distance_accuracy_value', 'NONE');
#1692 = VECTOR ( 'NONE', #1857, 1000.000000000000000 ) ;
#1693 =( LENGTH_UNIT ( ) NAMED_UNIT ( * ) SI_UNIT ( .MILLI., .METRE. ) );
#1694 = EDGE_CURVE ( 'NONE', #5098, #3184, #2187, .T. ) ;
#1695 = VERTEX_POINT ( 'NONE', #2684 ) ;
#1696 = DIRECTION ( 'NONE',  ( -0.000000000000000000, -0.000000000000000000, 1.000000000000000000 ) ) ;
#1697 = DIRECTION ( 'NONE',  ( -0.000000000000000000, -1.000000000000000000, 0.000000000000000000 ) ) ;
#1699 = ORIENTED_EDGE ( 'NONE', *, *, #5667, .T. ) ;
#1698 = CARTESIAN_POINT ( 'NONE',  ( 0.3250000000000000111, 0.5225000000000000755, 0.5000000000000000000 ) ) ;
#1700 = DIRECTION ( 'NONE',  ( 1.000000000000000000, 0.000000000000000000, 0.000000000000000000 ) ) ;
#1701 = EDGE_CURVE ( 'NONE', #2664, #4182, #5406, .T. ) ;
#1702 = DIRECTION ( 'NONE',  ( 0.000000000000000000, 0.000000000000000000, 1.000000000000000000 ) ) ;
#1703 = EDGE_CURVE ( 'NONE', #5025, #3765, #4462, .T. ) ;
#1704 = EDGE_CURVE ( 'NONE', #4563, #1400, #796, .T. ) ;
#1705 = AXIS2_PLACEMENT_3D ( 'NONE', #80, #3722, #5522 ) ;
#1706 = AXIS2_PLACEMENT_3D ( 'NONE', #2014, #154, #5592 ) ;
#1707 = DIRECTION ( 'NONE',  ( 1.000000000000000000, 0.000000000000000000, -0.000000000000000000 ) ) ;
#1708 = ORIENTED_EDGE ( 'NONE', *, *, #1795, .F. ) ;
#1709 = VERTEX_POINT ( 'NONE', #4433 ) ;
#1710 = ORIENTED_EDGE ( 'NONE', *, *, #5340, .T. ) ;
#1711 = CARTESIAN_POINT ( 'NONE',  ( 1.000000000000000222, -1.592040838891558417E-17, 0.5000000000000000000 ) ) ;
#1712 = ORIENTED_EDGE ( 'NONE', *, *, #4961, .T. ) ;
#1713 = PLANE ( 'NONE',  #1911 ) ;
#1714 = DIRECTION ( 'NONE',  ( 0.000000000000000000, 0.000000000000000000, -1.000000000000000000 ) ) ;
#1715 = ORIENTED_EDGE ( 'NONE', *, *, #3855, .F. ) ;
#1716 = CARTESIAN_POINT ( 'NONE',  ( 1.000000000000000222, 0.02750000000000000361, 0.4724999999999995315 ) ) ;
#1717 = DIRECTION ( 'NONE',  ( 1.000000000000000000, 0.000000000000000000, -2.710505431213758620E-16 ) ) ;
#1718 = CARTESIAN_POINT ( 'NONE',  ( 0.3999999999999999667, 0.02750000000000000361, -0.4724999999999995315 ) ) ;
#1719 = VECTOR ( 'NONE', #3638, 1000.000000000000000 ) ;
#1720 = ADVANCED_FACE ( 'NONE', ( #1457 ), #976, .F. ) ;
#1721 = LINE ( 'NONE', #5339, #5380 ) ;
#1722 = ORIENTED_EDGE ( 'NONE', *, *, #3731, .T. ) ;
#1723 = CARTESIAN_POINT ( 'NONE',  ( 0.1749999999999999611, 0.000000000000000000, 0.4000000000000000777 ) ) ;
#1724 = EDGE_CURVE ( 'NONE', #1833, #3050, #863, .T. ) ;
#1725 = VERTEX_POINT ( 'NONE', #2355 ) ;
#1726 = CARTESIAN_POINT ( 'NONE',  ( 0.1000000000000000472, -1.592040838891558417E-17, -0.5000000000000000000 ) ) ;
#1728 = ORIENTED_EDGE ( 'NONE', *, *, #3842, .F. ) ;
#1727 = CARTESIAN_POINT ( 'NONE',  ( 0.9000000000000000222, -1.592040838891558417E-17, -0.5000000000000000000 ) ) ;
#1729 = CARTESIAN_POINT ( 'NONE',  ( -0.6000000000000000888, 0.000000000000000000, 0.4000000000000000777 ) ) ;
#1730 = APPLICATION_PROTOCOL_DEFINITION ( 'draft international standard', 'automotive_design', 1998, #5030 ) ;
#1731 = PLANE ( 'NONE',  #3351 ) ;
#1732 = EDGE_CURVE ( 'NONE', #5819, #780, #4158, .T. ) ;
#1733 = DIRECTION ( 'NONE',  ( -0.000000000000000000, 0.000000000000000000, 1.000000000000000000 ) ) ;
#1734 = EDGE_CURVE ( 'NONE', #3534, #2756, #3092, .T. ) ;
#1735 = DIRECTION ( 'NONE',  ( 0.000000000000000000, 1.000000000000000000, -0.000000000000000000 ) ) ;
#1736 = EDGE_LOOP ( 'NONE', ( #1471, #894, #126, #1378 ) ) ;
#1737 = ORIENTED_EDGE ( 'NONE', *, *, #3385, .F. ) ;
#1738 = ORIENTED_EDGE ( 'NONE', *, *, #2687, .F. ) ;
#1739 = LINE ( 'NONE', #4471, #4801 ) ;
#1740 = VERTEX_POINT ( 'NONE', #5201 ) ;
#1741 = CARTESIAN_POINT ( 'NONE',  ( 0.1749999999999999611, 0.5225000000000000755, 0.2500000000000000000 ) ) ;
#1742 = DIRECTION ( 'NONE',  ( 0.000000000000000000, -1.224646799147352961E-16, -1.000000000000000000 ) ) ;
#1743 = ORIENTED_EDGE ( 'NONE', *, *, #5475, .T. ) ;
#1744 = DIRECTION ( 'NONE',  ( 0.000000000000000000, 0.000000000000000000, -1.000000000000000000 ) ) ;
#1745 = DIRECTION ( 'NONE',  ( 0.000000000000000000, 0.000000000000000000, -1.000000000000000000 ) ) ;
#1746 = LINE ( 'NONE', #4422, #2562 ) ;
#1747 = ORIENTED_EDGE ( 'NONE', *, *, #3701, .F. ) ;
#1748 = DIRECTION ( 'NONE',  ( -1.000000000000000000, -0.000000000000000000, -0.000000000000000000 ) ) ;
#1749 = VECTOR ( 'NONE', #5744, 1000.000000000000000 ) ;
#1750 = ORIENTED_EDGE ( 'NONE', *, *, #2587, .T. ) ;
#1751 = CARTESIAN_POINT ( 'NONE',  ( 0.3999999999999999667, 0.000000000000000000, 0.000000000000000000 ) ) ;
#1753 = ORIENTED_EDGE ( 'NONE', *, *, #1599, .F. ) ;
#1752 = DIRECTION ( 'NONE',  ( -1.000000000000000000, 0.000000000000000000, 0.000000000000000000 ) ) ;
#1754 = EDGE_CURVE ( 'NONE', #1234, #4182, #4228, .T. ) ;
#1755 = LINE ( 'NONE', #5849, #2844 ) ;
#1756 = VECTOR ( 'NONE', #4229, 1000.000000000000000 ) ;
#1757 = CARTESIAN_POINT ( 'NONE',  ( 0.3999999999999999667, 0.4950000000000009948, 0.3000000000000000444 ) ) ;
#1758 = EDGE_CURVE ( 'NONE', #348, #1362, #4732, .T. ) ;
#1759 = PLANE ( 'NONE',  #3964 ) ;
#1760 = DIRECTION ( 'NONE',  ( 0.000000000000000000, -1.000000000000000000, 0.000000000000000000 ) ) ;
#1761 = EDGE_LOOP ( 'NONE', ( #5627, #1940, #937, #2516, #1890, #3509, #1576, #3864 ) ) ;
#1762 = VERTEX_POINT ( 'NONE', #4259 ) ;
#1763 = ORIENTED_EDGE ( 'NONE', *, *, #3738, .F. ) ;
#1764 = DIRECTION ( 'NONE',  ( 0.000000000000000000, 0.000000000000000000, -1.000000000000000000 ) ) ;
#1765 = EDGE_CURVE ( 'NONE', #4290, #1012, #3777, .T. ) ;
#1766 = PRODUCT_DEFINITION_FORMATION_WITH_SPECIFIED_SOURCE ( 'ANY', '', #934, .NOT_KNOWN. ) ;
#1767 = ORIENTED_EDGE ( 'NONE', *, *, #5281, .F. ) ;
#1768 = DIRECTION ( 'NONE',  ( 0.000000000000000000, 0.000000000000000000, 1.000000000000000000 ) ) ;
#1769 = VECTOR ( 'NONE', #4344, 1000.000000000000000 ) ;
#1770 = DIRECTION ( 'NONE',  ( 0.000000000000000000, 1.000000000000000000, -0.000000000000000000 ) ) ;
#1771 = EDGE_LOOP ( 'NONE', ( #5352, #5426, #201, #807 ) ) ;
#1772 = SURFACE_STYLE_USAGE ( .BOTH. , #5863 ) ;
#1773 = VECTOR ( 'NONE', #5250, 1000.000000000000000 ) ;
#1774 = CARTESIAN_POINT ( 'NONE',  ( 0.1000000000000000472, 0.4950000000000009948, 0.2500000000000000000 ) ) ;
#1775 = PLANE ( 'NONE',  #192 ) ;
#1776 = EDGE_CURVE ( 'NONE', #5803, #5098, #2954, .T. ) ;
#1777 = PRESENTATION_STYLE_ASSIGNMENT (( #2703 ) ) ;
#1778 = PRODUCT_DEFINITION_CONTEXT ( 'detailed design', #184, 'design' ) ;
#1779 = VERTEX_POINT ( 'NONE', #2061 ) ;
#1780 = DIRECTION ( 'NONE',  ( 1.000000000000000000, 0.000000000000000000, 0.000000000000000000 ) ) ;
#1781 = EDGE_LOOP ( 'NONE', ( #5076, #400, #2296, #2127 ) ) ;
#1782 = VECTOR ( 'NONE', #831, 1000.000000000000000 ) ;
#1783 = CARTESIAN_POINT ( 'NONE',  ( -0.6000000000000000888, 0.000000000000000000, 0.4000000000000000777 ) ) ;
#1785 = VERTEX_POINT ( 'NONE', #146 ) ;
#1784 = CARTESIAN_POINT ( 'NONE',  ( -0.1000000000000000472, 0.4950000000000011058, 0.4724999999999995315 ) ) ;
#1786 = DIRECTION ( 'NONE',  ( -2.710505431213758620E-16, 0.000000000000000000, -1.000000000000000000 ) ) ;
#1787 = ADVANCED_FACE ( 'NONE', ( #3371 ), #5675, .F. ) ;
#1788 = DIRECTION ( 'NONE',  ( -1.000000000000000000, 0.000000000000000000, -0.000000000000000000 ) ) ;
#1789 = ADVANCED_FACE ( 'NONE', ( #1966 ), #2484, .F. ) ;
#1790 = LINE ( 'NONE', #3607, #5209 ) ;
#1791 = DIRECTION ( 'NONE',  ( -0.000000000000000000, -0.000000000000000000, 1.000000000000000000 ) ) ;
#1792 = VERTEX_POINT ( 'NONE', #1489 ) ;
#1793 = EDGE_LOOP ( 'NONE', ( #2705, #5525, #5883, #2385 ) ) ;
#1794 = ORIENTED_EDGE ( 'NONE', *, *, #5430, .F. ) ;
#1795 = EDGE_CURVE ( 'NONE', #563, #5234, #5582, .T. ) ;
#1796 = CARTESIAN_POINT ( 'NONE',  ( 0.3999999999999999667, 0.5225000000000000755, 0.2500000000000000000 ) ) ;
#1797 = VECTOR ( 'NONE', #3250, 1000.000000000000000 ) ;
#1798 = ORIENTED_EDGE ( 'NONE', *, *, #3586, .T. ) ;
#1799 =( NAMED_UNIT ( * ) SI_UNIT ( $, .STERADIAN. ) SOLID_ANGLE_UNIT ( ) );
#1800 = VECTOR ( 'NONE', #3376, 1000.000000000000000 ) ;
#1801 = VECTOR ( 'NONE', #3462, 1000.000000000000000 ) ;
#1802 = EDGE_CURVE ( 'NONE', #645, #3190, #238, .T. ) ;
#1803 = DIRECTION ( 'NONE',  ( 0.000000000000000000, 1.000000000000000000, -1.224646799147352961E-16 ) ) ;
#1804 = ORIENTED_EDGE ( 'NONE', *, *, #2764, .F. ) ;
#1805 = VECTOR ( 'NONE', #1351, 1000.000000000000000 ) ;
#1806 = MECHANICAL_DESIGN_GEOMETRIC_PRESENTATION_REPRESENTATION (  '', ( #2865 ), #5228 ) ;
#1807 = CARTESIAN_POINT ( 'NONE',  ( -0.6750000000000000444, 0.5225000000000000755, 0.5000000000000000000 ) ) ;
#1808 = CARTESIAN_POINT ( 'NONE',  ( 1.602515559965051795, 0.5225000000000000755, 0.3000000000000000444 ) ) ;
#1809 = VERTEX_POINT ( 'NONE', #2420 ) ;
#1810 = EDGE_CURVE ( 'NONE', #3265, #4506, #2866, .T. ) ;
#1811 = ORIENTED_EDGE ( 'NONE', *, *, #2835, .F. ) ;
#1812 = CARTESIAN_POINT ( 'NONE',  ( -1.000000000000000444, 0.02750000000000000361, 0.4724999999999995315 ) ) ;
#1813 = EDGE_CURVE ( 'NONE', #5505, #1383, #2535, .T. ) ;
#1814 =( GEOMETRIC_REPRESENTATION_CONTEXT ( 3 ) GLOBAL_UNCERTAINTY_ASSIGNED_CONTEXT ( ( #4921 ) ) GLOBAL_UNIT_ASSIGNED_CONTEXT ( ( #1673, #5248, #2996 ) ) REPRESENTATION_CONTEXT ( 'NONE', 'WORKASPACE' ) );
#1815 = CARTESIAN_POINT ( 'NONE',  ( 0.3250000000000000111, 0.02750000000000000361, -0.4724999999999995315 ) ) ;
#1816 = ORIENTED_EDGE ( 'NONE', *, *, #2, .T. ) ;
#1817 = ORIENTED_EDGE ( 'NONE', *, *, #4504, .T. ) ;
#1818 = AXIS2_PLACEMENT_3D ( 'NONE', #1242, #4866, #4924 ) ;
#1819 = CARTESIAN_POINT ( 'NONE',  ( -0.1000000000000000472, 0.02750000000000000361, 0.4000000000000000777 ) ) ;
#1820 = EDGE_LOOP ( 'NONE', ( #3205, #3788, #2125, #2850 ) ) ;
#1821 = ORIENTED_EDGE ( 'NONE', *, *, #1468, .T. ) ;
#1822 = CARTESIAN_POINT ( 'NONE',  ( 0.6000000000000000888, 0.4950000000000001066, -0.3000000000000000444 ) ) ;
#1823 = CARTESIAN_POINT ( 'NONE',  ( -0.6000000000000000888, 0.000000000000000000, -0.4000000000000000222 ) ) ;
#1824 = CARTESIAN_POINT ( 'NONE',  ( -0.8249999999999999556, 0.000000000000000000, -0.4000000000000000222 ) ) ;
#1825 = CARTESIAN_POINT ( 'NONE',  ( -0.3999999999999999667, 0.02750000000000000361, 0.4000000000000000777 ) ) ;
#1826 = ORIENTED_EDGE ( 'NONE', *, *, #931, .F. ) ;
#1827 = ORIENTED_EDGE ( 'NONE', *, *, #1468, .F. ) ;
#1828 = EDGE_LOOP ( 'NONE', ( #3536, #4144, #5853, #1176 ) ) ;
#1829 = PLANE ( 'NONE',  #529 ) ;
#1830 = EDGE_LOOP ( 'NONE', ( #3967, #3405, #3160, #5514, #3822, #4201, #2300, #4922 ) ) ;
#1831 = EDGE_CURVE ( 'NONE', #5045, #2887, #176, .T. ) ;
#1832 =( LENGTH_UNIT ( ) NAMED_UNIT ( * ) SI_UNIT ( .MILLI., .METRE. ) );
#1833 = VERTEX_POINT ( 'NONE', #4762 ) ;
#1834 = VERTEX_POINT ( 'NONE', #2003 ) ;
#1835 = LINE ( 'NONE', #1414, #3339 ) ;
#1836 = ORIENTED_EDGE ( 'NONE', *, *, #3009, .T. ) ;
#1837 = DIRECTION ( 'NONE',  ( 0.000000000000000000, 0.000000000000000000, -1.000000000000000000 ) ) ;
#1838 = DIRECTION ( 'NONE',  ( -1.000000000000000000, -0.000000000000000000, 0.000000000000000000 ) ) ;
#1839 = FACE_OUTER_BOUND ( 'NONE', #2013, .T. ) ;
#1840 = AXIS2_PLACEMENT_3D ( 'NONE', #1784, #1912, #4635 ) ;
#1841 = VERTEX_POINT ( 'NONE', #2511 ) ;
#1842 = ORIENTED_EDGE ( 'NONE', *, *, #5155, .F. ) ;
#1843 = FILL_AREA_STYLE ('',( #1425 ) ) ;
#1844 = DIRECTION ( 'NONE',  ( 0.000000000000000000, 0.000000000000000000, -1.000000000000000000 ) ) ;
#1845 = ORIENTED_EDGE ( 'NONE', *, *, #1960, .F. ) ;
#1846 = ADVANCED_FACE ( 'NONE', ( #265 ), #4670, .F. ) ;
#1847 = EDGE_CURVE ( 'NONE', #780, #1975, #1608, .T. ) ;
#1848 = DIRECTION ( 'NONE',  ( 0.000000000000000000, 1.000000000000000000, -0.000000000000000000 ) ) ;
#1849 = VERTEX_POINT ( 'NONE', #597 ) ;
#1850 = ORIENTED_EDGE ( 'NONE', *, *, #1971, .F. ) ;
#1851 = CARTESIAN_POINT ( 'NONE',  ( 0.6000000000000000888, 0.4950000000000011058, -0.4000000000000000222 ) ) ;
#1852 = VERTEX_POINT ( 'NONE', #1040 ) ;
#1853 = VECTOR ( 'NONE', #852, 1000.000000000000000 ) ;
#1854 = DIRECTION ( 'NONE',  ( 1.084202172485504064E-16, -0.000000000000000000, 1.000000000000000000 ) ) ;
#1855 = DIRECTION ( 'NONE',  ( -0.000000000000000000, 1.000000000000000000, -0.000000000000000000 ) ) ;
#1856 = VECTOR ( 'NONE', #4293, 1000.000000000000000 ) ;
#1857 = DIRECTION ( 'NONE',  ( -1.000000000000000000, -0.000000000000000000, 0.000000000000000000 ) ) ;
#1858 = ORIENTED_EDGE ( 'NONE', *, *, #5259, .T. ) ;
#1859 = CARTESIAN_POINT ( 'NONE',  ( 0.1000000000000000472, 2.081899558550501081E-17, -0.2000000000000000111 ) ) ;
#1860 = ORIENTED_EDGE ( 'NONE', *, *, #641, .F. ) ;
#1861 = DIRECTION ( 'NONE',  ( -2.710505431213760592E-16, 0.000000000000000000, -1.000000000000000000 ) ) ;
#1862 = ORIENTED_EDGE ( 'NONE', *, *, #2429, .T. ) ;
#1863 = CARTESIAN_POINT ( 'NONE',  ( -0.6000000000000000888, 0.5225000000000000755, 0.4000000000000000777 ) ) ;
#1864 = ORIENTED_EDGE ( 'NONE', *, *, #3667, .T. ) ;
#1865 = CARTESIAN_POINT ( 'NONE',  ( -0.1000000000000000472, 2.081899558550501081E-17, -0.2000000000000000111 ) ) ;
#1866 = EDGE_LOOP ( 'NONE', ( #1127, #1929, #5056, #1376 ) ) ;
#1867 = CARTESIAN_POINT ( 'NONE',  ( 0.1000000000000000472, 2.707018309146649315, -0.4724999999999994760 ) ) ;
#1868 = CARTESIAN_POINT ( 'NONE',  ( 1.000000000000000222, 0.000000000000000000, 0.3999999999999999112 ) ) ;
#1869 = AXIS2_PLACEMENT_3D ( 'NONE', #5256, #3478, #4419 ) ;
#1870 = LINE ( 'NONE', #4975, #3433 ) ;
#1871 = EDGE_CURVE ( 'NONE', #620, #5511, #5232, .T. ) ;
#1872 = VECTOR ( 'NONE', #4486, 1000.000000000000000 ) ;
#1873 = STYLED_ITEM ( 'NONE', ( #2917 ), #2124 ) ;
#1874 = ORIENTED_EDGE ( 'NONE', *, *, #4886, .F. ) ;
#1875 = CARTESIAN_POINT ( 'NONE',  ( 0.6750000000000000444, 0.02750000000000000361, 0.4724999999999995315 ) ) ;
#1876 = EDGE_CURVE ( 'NONE', #3220, #1834, #2982, .T. ) ;
#1877 = EDGE_CURVE ( 'NONE', #1391, #3253, #3811, .T. ) ;
#1878 = CARTESIAN_POINT ( 'NONE',  ( -0.1000000000000000472, 0.5225000000000000755, 0.3000000000000000444 ) ) ;
#1879 = ORIENTED_EDGE ( 'NONE', *, *, #639, .T. ) ;
#1880 = PLANE ( 'NONE',  #5221 ) ;
#1882 = EDGE_CURVE ( 'NONE', #4687, #2210, #787, .T. ) ;
#1881 = ORIENTED_EDGE ( 'NONE', *, *, #2000, .T. ) ;
#1883 = CARTESIAN_POINT ( 'NONE',  ( 0.1749999999999999611, 0.02750000000000000361, 0.2000000000000000666 ) ) ;
#1884 = EDGE_LOOP ( 'NONE', ( #4166, #297, #4869, #416 ) ) ;
#1885 = CARTESIAN_POINT ( 'NONE',  ( 0.6000000000000000888, 0.02750000000000000361, 0.000000000000000000 ) ) ;
#1886 = VECTOR ( 'NONE', #525, 1000.000000000000000 ) ;
#1887 = VECTOR ( 'NONE', #5210, 1000.000000000000000 ) ;
#1888 = LINE ( 'NONE', #5501, #3254 ) ;
#1889 = DIRECTION ( 'NONE',  ( 1.000000000000000000, -0.000000000000000000, 0.000000000000000000 ) ) ;
#1890 = ORIENTED_EDGE ( 'NONE', *, *, #1443, .F. ) ;
#1891 = EDGE_CURVE ( 'NONE', #4448, #5129, #4371, .T. ) ;
#1892 = ORIENTED_EDGE ( 'NONE', *, *, #5400, .F. ) ;
#1893 = STYLED_ITEM ( 'NONE', ( #3532 ), #108 ) ;
#1894 = VECTOR ( 'NONE', #2524, 1000.000000000000000 ) ;
#1895 = ORIENTED_EDGE ( 'NONE', *, *, #5042, .T. ) ;
#1896 = FACE_OUTER_BOUND ( 'NONE', #5712, .T. ) ;
#1897 = EDGE_CURVE ( 'NONE', #929, #3253, #1112, .T. ) ;
#1898 = ORIENTED_EDGE ( 'NONE', *, *, #1776, .T. ) ;
#1899 = PLANE ( 'NONE',  #4923 ) ;
#1900 = EDGE_CURVE ( 'NONE', #1944, #3801, #3503, .T. ) ;
#1901 = PLANE ( 'NONE',  #82 ) ;
#1902 = VERTEX_POINT ( 'NONE', #3113 ) ;
#1903 = FACE_OUTER_BOUND ( 'NONE', #2201, .T. ) ;
#1904 = EDGE_LOOP ( 'NONE', ( #5865, #4938, #4303, #840, #2786, #5857, #457, #4484 ) ) ;
#1905 = VECTOR ( 'NONE', #5846, 1000.000000000000000 ) ;
#1906 = CARTESIAN_POINT ( 'NONE',  ( -0.3999999999999999667, 0.5225000000000000755, -0.5000000000000000000 ) ) ;
#1907 = VECTOR ( 'NONE', #72, 1000.000000000000000 ) ;
#1908 = PLANE ( 'NONE',  #4286 ) ;
#1909 = CARTESIAN_POINT ( 'NONE',  ( 1.000000000000000222, 0.4950000000000002176, -0.4724999999999995315 ) ) ;
#1910 = VECTOR ( 'NONE', #1165, 1000.000000000000000 ) ;
#1911 = AXIS2_PLACEMENT_3D ( 'NONE', #5357, #2632, #4807 ) ;
#1912 = DIRECTION ( 'NONE',  ( -0.000000000000000000, 0.000000000000000000, 1.000000000000000000 ) ) ;
#1913 = ORIENTED_EDGE ( 'NONE', *, *, #1323, .T. ) ;
#1914 = CARTESIAN_POINT ( 'NONE',  ( -1.000000000000000444, -1.592040838891558417E-17, 0.5000000000000000000 ) ) ;
#1915 = DIRECTION ( 'NONE',  ( -0.000000000000000000, -0.000000000000000000, 1.000000000000000000 ) ) ;
#1916 = VERTEX_POINT ( 'NONE', #3059 ) ;
#1917 = EDGE_CURVE ( 'NONE', #3414, #3610, #2169, .T. ) ;
#1918 = EDGE_LOOP ( 'NONE', ( #1614, #3618, #907, #2361 ) ) ;
#1919 = CARTESIAN_POINT ( 'NONE',  ( 0.6750000000000000444, 0.000000000000000000, -0.4000000000000000222 ) ) ;
#1920 = PLANE ( 'NONE',  #5109 ) ;
#1921 = ORIENTED_EDGE ( 'NONE', *, *, #4849, .T. ) ;
#1922 = CARTESIAN_POINT ( 'NONE',  ( 0.6750000000000000444, 0.5225000000000000755, 0.4000000000000000777 ) ) ;
#1923 = DIRECTION ( 'NONE',  ( -1.000000000000000000, 0.000000000000000000, -0.000000000000000000 ) ) ;
#1924 = CARTESIAN_POINT ( 'NONE',  ( 0.1000000000000000472, 0.000000000000000000, 0.4000000000000000777 ) ) ;
#1925 = ORIENTED_EDGE ( 'NONE', *, *, #3051, .F. ) ;
#1926 = FACE_OUTER_BOUND ( 'NONE', #2324, .T. ) ;
#1927 = ORIENTED_EDGE ( 'NONE', *, *, #5013, .T. ) ;
#1928 = EDGE_CURVE ( 'NONE', #3715, #5527, #312, .T. ) ;
#1929 = ORIENTED_EDGE ( 'NONE', *, *, #2566, .F. ) ;
#1930 = FACE_OUTER_BOUND ( 'NONE', #332, .T. ) ;
#1931 = FACE_OUTER_BOUND ( 'NONE', #1359, .T. ) ;
#1932 = ORIENTED_EDGE ( 'NONE', *, *, #216, .F. ) ;
#1933 = EDGE_LOOP ( 'NONE', ( #485, #107, #3600, #4042 ) ) ;
#1934 = CARTESIAN_POINT ( 'NONE',  ( -0.6000000000000000888, 0.4950000000000011058, -0.4724999999999995315 ) ) ;
#1935 = CARTESIAN_POINT ( 'NONE',  ( 0.6750000000000000444, 0.02750000000000000361, 0.4000000000000000777 ) ) ;
#1936 = CARTESIAN_POINT ( 'NONE',  ( -0.1750000000000000167, 0.000000000000000000, -0.4000000000000000222 ) ) ;
#1937 = VERTEX_POINT ( 'NONE', #2669 ) ;
#1938 = DIRECTION ( 'NONE',  ( 0.000000000000000000, 1.000000000000000000, 0.000000000000000000 ) ) ;
#1939 = DIRECTION ( 'NONE',  ( -1.000000000000000000, -0.000000000000000000, 0.000000000000000000 ) ) ;
#1940 = ORIENTED_EDGE ( 'NONE', *, *, #5817, .T. ) ;
#1941 = CARTESIAN_POINT ( 'NONE',  ( 0.6000000000000000888, 0.02750000000000000361, -0.4724999999999995315 ) ) ;
#1942 = ORIENTED_EDGE ( 'NONE', *, *, #208, .F. ) ;
#1943 = LINE ( 'NONE', #1017, #842 ) ;
#1944 = VERTEX_POINT ( 'NONE', #5276 ) ;
#1945 = DIRECTION ( 'NONE',  ( 1.000000000000000000, -0.000000000000000000, 0.000000000000000000 ) ) ;
#1946 = ORIENTED_EDGE ( 'NONE', *, *, #3392, .F. ) ;
#1947 = LINE ( 'NONE', #1885, #2674 ) ;
#1948 = ADVANCED_FACE ( 'NONE', ( #4006 ), #4885, .F. ) ;
#1949 = CARTESIAN_POINT ( 'NONE',  ( 0.3999999999999999667, 0.4950000000000009948, 0.4000000000000000777 ) ) ;
#1950 = DIRECTION ( 'NONE',  ( -1.000000000000000000, -0.000000000000000000, -0.000000000000000000 ) ) ;
#1951 = DIRECTION ( 'NONE',  ( 0.000000000000000000, 1.000000000000000000, -1.224646799147352961E-16 ) ) ;
#1952 = ADVANCED_FACE ( 'NONE', ( #4912 ), #1641, .F. ) ;
#1953 = VERTEX_POINT ( 'NONE', #4476 ) ;
#1954 = DIRECTION ( 'NONE',  ( -1.000000000000000000, -0.000000000000000000, -0.000000000000000000 ) ) ;
#1955 = VECTOR ( 'NONE', #5638, 1000.000000000000000 ) ;
#1956 = LINE ( 'NONE', #166, #5014 ) ;
#1957 = ORIENTED_EDGE ( 'NONE', *, *, #5112, .T. ) ;
#1958 = LINE ( 'NONE', #4662, #5841 ) ;
#1959 = EDGE_LOOP ( 'NONE', ( #3074, #1667, #212, #2408, #5415, #1326, #860, #2359 ) ) ;
#1960 = EDGE_CURVE ( 'NONE', #1174, #1916, #1660, .T. ) ;
#1961 = CARTESIAN_POINT ( 'NONE',  ( 0.9000000000000000222, 0.02750000000000000361, 0.2000000000000000666 ) ) ;
#1962 = DIRECTION ( 'NONE',  ( 0.000000000000000000, -0.000000000000000000, 1.000000000000000000 ) ) ;
#1963 = FACE_OUTER_BOUND ( 'NONE', #1933, .T. ) ;
#1964 = VERTEX_POINT ( 'NONE', #762 ) ;
#1965 = DIRECTION ( 'NONE',  ( -0.000000000000000000, 1.000000000000000000, 1.224646799147352961E-16 ) ) ;
#1966 = FACE_OUTER_BOUND ( 'NONE', #5106, .T. ) ;
#1967 = DIRECTION ( 'NONE',  ( 0.000000000000000000, 0.000000000000000000, -1.000000000000000000 ) ) ;
#1968 = ORIENTED_EDGE ( 'NONE', *, *, #4347, .T. ) ;
#1969 = DIRECTION ( 'NONE',  ( -1.000000000000000000, 0.000000000000000000, 0.000000000000000000 ) ) ;
#1970 = ORIENTED_EDGE ( 'NONE', *, *, #2181, .T. ) ;
#1971 = EDGE_CURVE ( 'NONE', #4380, #1953, #288, .T. ) ;
#1972 = CIRCLE ( 'NONE', #1286, 0.01833333333333325363 ) ;
#1973 = ADVANCED_FACE ( 'NONE', ( #1211 ), #4393, .F. ) ;
#1974 = AXIS2_PLACEMENT_3D ( 'NONE', #1683, #815, #5726 ) ;
#1975 = VERTEX_POINT ( 'NONE', #1716 ) ;
#1976 = ORIENTED_EDGE ( 'NONE', *, *, #5295, .F. ) ;
#1977 = LINE ( 'NONE', #667, #5018 ) ;
#1978 = DIRECTION ( 'NONE',  ( 0.000000000000000000, 0.000000000000000000, -1.000000000000000000 ) ) ;
#1979 = ORIENTED_EDGE ( 'NONE', *, *, #1443, .T. ) ;
#1980 = DIRECTION ( 'NONE',  ( -0.000000000000000000, 0.000000000000000000, -1.000000000000000000 ) ) ;
#1981 = PLANE ( 'NONE',  #217 ) ;
#1982 = DIRECTION ( 'NONE',  ( -7.228014483236719235E-16, 0.000000000000000000, 1.000000000000000000 ) ) ;
#1983 = CARTESIAN_POINT ( 'NONE',  ( -0.6000000000000000888, 0.4950000000000009948, 0.2500000000000000000 ) ) ;
#1984 =( LENGTH_UNIT ( ) NAMED_UNIT ( * ) SI_UNIT ( .MILLI., .METRE. ) );
#1985 = EDGE_CURVE ( 'NONE', #4511, #3, #3973, .T. ) ;
#1986 = VECTOR ( 'NONE', #79, 1000.000000000000000 ) ;
#1987 = AXIS2_PLACEMENT_3D ( 'NONE', #4740, #2874, #982 ) ;
#1988 = ORIENTED_EDGE ( 'NONE', *, *, #940, .T. ) ;
#1989 = CARTESIAN_POINT ( 'NONE',  ( -0.6000000000000000888, -1.592040838891558417E-17, -0.5000000000000000000 ) ) ;
#1990 = PLANE ( 'NONE',  #1417 ) ;
#1991 = ORIENTED_EDGE ( 'NONE', *, *, #908, .F. ) ;
#1992 = AXIS2_PLACEMENT_3D ( 'NONE', #2437, #5631, #3087 ) ;
#1993 = VECTOR ( 'NONE', #5408, 1000.000000000000000 ) ;
#1994 = LINE ( 'NONE', #1545, #4624 ) ;
#1995 = EDGE_CURVE ( 'NONE', #1311, #1411, #3459, .T. ) ;
#1996 = ORIENTED_EDGE ( 'NONE', *, *, #1200, .F. ) ;
#1997 = LINE ( 'NONE', #4755, #1098 ) ;
#1998 = LINE ( 'NONE', #2949, #1618 ) ;
#1999 = DIRECTION ( 'NONE',  ( -1.000000000000000000, -0.000000000000000000, -0.000000000000000000 ) ) ;
#2000 = EDGE_CURVE ( 'NONE', #1095, #5367, #2607, .T. ) ;
#2001 = ORIENTED_EDGE ( 'NONE', *, *, #3121, .F. ) ;
#2002 = DIRECTION ( 'NONE',  ( 0.000000000000000000, 0.000000000000000000, 1.000000000000000000 ) ) ;
#2003 = CARTESIAN_POINT ( 'NONE',  ( -0.8249999999999999556, 0.4950000000000009948, -0.4000000000000000222 ) ) ;
#2004 = CARTESIAN_POINT ( 'NONE',  ( 1.602515559965051795, 0.5316666666666667318, 0.2816666666666667318 ) ) ;
#2005 = ORIENTED_EDGE ( 'NONE', *, *, #4585, .T. ) ;
#2006 = DIRECTION ( 'NONE',  ( 0.000000000000000000, 1.000000000000000000, -1.971276677246373097E-15 ) ) ;
#2007 = LINE ( 'NONE', #2870, #5498 ) ;
#2008 = ORIENTED_EDGE ( 'NONE', *, *, #3104, .T. ) ;
#2009 = VECTOR ( 'NONE', #884, 1000.000000000000000 ) ;
#2010 = EDGE_CURVE ( 'NONE', #220, #1391, #3484, .T. ) ;
#2011 = VECTOR ( 'NONE', #151, 1000.000000000000000 ) ;
#2012 = EDGE_CURVE ( 'NONE', #1809, #2789, #1263, .T. ) ;
#2013 = EDGE_LOOP ( 'NONE', ( #4235, #4472, #3840, #4069 ) ) ;
#2014 = CARTESIAN_POINT ( 'NONE',  ( 0.6000000000000000888, 0.000000000000000000, -0.5000000000000002220 ) ) ;
#2015 = ADVANCED_FACE ( 'NONE', ( #2205 ), #3557, .F. ) ;
#2016 = DIRECTION ( 'NONE',  ( -0.000000000000000000, 1.000000000000000000, -0.000000000000000000 ) ) ;
#2017 = VERTEX_POINT ( 'NONE', #4030 ) ;
#2018 = DIRECTION ( 'NONE',  ( -1.000000000000000000, 0.000000000000000000, -0.000000000000000000 ) ) ;
#2019 = LINE ( 'NONE', #159, #1243 ) ;
#2020 = LINE ( 'NONE', #5055, #5768 ) ;
#2021 =( NAMED_UNIT ( * ) PLANE_ANGLE_UNIT ( ) SI_UNIT ( $, .RADIAN. ) );
#2022 = CARTESIAN_POINT ( 'NONE',  ( 0.000000000000000000, 0.000000000000000000, 0.000000000000000000 ) ) ;
#2023 = VECTOR ( 'NONE', #5468, 1000.000000000000000 ) ;
#2024 = ORIENTED_EDGE ( 'NONE', *, *, #561, .T. ) ;
#2025 = DIRECTION ( 'NONE',  ( 1.000000000000000000, 0.000000000000000000, 7.228014483236698528E-16 ) ) ;
#2026 = CARTESIAN_POINT ( 'NONE',  ( 0.6000000000000000888, 0.000000000000000000, -0.3000000000000000444 ) ) ;
#2027 = FILL_AREA_STYLE ('',( #5223 ) ) ;
#2028 = VECTOR ( 'NONE', #5101, 1000.000000000000000 ) ;
#2029 = ORIENTED_EDGE ( 'NONE', *, *, #4876, .F. ) ;
#2030 = PLANE ( 'NONE',  #5549 ) ;
#2031 = EDGE_CURVE ( 'NONE', #4622, #3123, #2725, .T. ) ;
#2032 = CARTESIAN_POINT ( 'NONE',  ( -1.000000000000000444, 0.4950000000000011058, -0.3999999999999999667 ) ) ;
#2033 = VECTOR ( 'NONE', #3810, 1000.000000000000000 ) ;
#2034 = DIRECTION ( 'NONE',  ( 0.000000000000000000, 0.000000000000000000, -1.000000000000000000 ) ) ;
#2035 = EDGE_LOOP ( 'NONE', ( #1439, #4282, #3150, #459 ) ) ;
#2036 = PLANE ( 'NONE',  #1423 ) ;
#2037 = CARTESIAN_POINT ( 'NONE',  ( -0.8249999999999999556, 0.5225000000000000755, -0.5000000000000000000 ) ) ;
#2038 = DIRECTION ( 'NONE',  ( 2.710505431213760592E-16, -0.000000000000000000, 1.000000000000000000 ) ) ;
#2039 = VERTEX_POINT ( 'NONE', #3266 ) ;
#2040 = FACE_OUTER_BOUND ( 'NONE', #3779, .T. ) ;
#2041 = PLANE ( 'NONE',  #4756 ) ;
#2042 = ORIENTED_EDGE ( 'NONE', *, *, #5579, .T. ) ;
#2043 = CARTESIAN_POINT ( 'NONE',  ( -0.8249999999999999556, 0.000000000000000000, 0.4000000000000000777 ) ) ;
#2044 = DIRECTION ( 'NONE',  ( 0.000000000000000000, -1.000000000000000000, 1.971276677246373097E-15 ) ) ;
#2045 = EDGE_CURVE ( 'NONE', #1391, #2901, #4564, .T. ) ;
#2046 = MANIFOLD_SOLID_BREP ( 'Boss-Extrude5[1]', #3215 ) ;
#2047 = ORIENTED_EDGE ( 'NONE', *, *, #4708, .T. ) ;
#2048 = LINE ( 'NONE', #4797, #2878 ) ;
#2049 = CARTESIAN_POINT ( 'NONE',  ( 0.3250000000000000111, 0.02750000000000000361, 0.4000000000000000777 ) ) ;
#2050 = CARTESIAN_POINT ( 'NONE',  ( 0.8250000000000001776, 0.000000000000000000, 0.3999999999999998557 ) ) ;
#2051 = DIRECTION ( 'NONE',  ( -1.000000000000000000, -0.000000000000000000, -0.000000000000000000 ) ) ;
#2052 = LINE ( 'NONE', #2942, #5240 ) ;
#2053 = DIRECTION ( 'NONE',  ( -1.000000000000000000, -0.000000000000000000, 0.000000000000000000 ) ) ;
#2054 = FILL_AREA_STYLE ('',( #2476 ) ) ;
#2055 = ORIENTED_EDGE ( 'NONE', *, *, #4717, .F. ) ;
#2056 = CARTESIAN_POINT ( 'NONE',  ( -0.3250000000000000666, 0.000000000000000000, 0.4000000000000000777 ) ) ;
#2057 = CARTESIAN_POINT ( 'NONE',  ( -0.6000000000000000888, 0.02750000000000000361, 0.4724999999999995315 ) ) ;
#2058 = AXIS2_PLACEMENT_3D ( 'NONE', #3031, #1717, #2636 ) ;
#2059 = CARTESIAN_POINT ( 'NONE',  ( 0.9725000000000002531, 0.5225000000000001865, -0.2500000000000000000 ) ) ;
#2060 = CARTESIAN_POINT ( 'NONE',  ( -0.6000000000000000888, 0.02750000000000000361, -0.3000000000000000444 ) ) ;
#2061 = CARTESIAN_POINT ( 'NONE',  ( 0.1000000000000001582, 0.02750000000000000361, 0.3000000000000001554 ) ) ;
#2062 = VECTOR ( 'NONE', #2117, 1000.000000000000000 ) ;
#2063 = CARTESIAN_POINT ( 'NONE',  ( -0.8249999999999999556, 0.02750000000000000361, 0.4000000000000000777 ) ) ;
#2064 = EDGE_LOOP ( 'NONE', ( #5345, #706, #5827, #1513 ) ) ;
#2065 = CARTESIAN_POINT ( 'NONE',  ( -0.1750000000000000167, 0.02750000000000000361, -0.2000000000000000666 ) ) ;
#2066 = EDGE_CURVE ( 'NONE', #2756, #1321, #1448, .T. ) ;
#2067 = LINE ( 'NONE', #4703, #1224 ) ;
#2068 = ORIENTED_EDGE ( 'NONE', *, *, #878, .T. ) ;
#2069 = DIRECTION ( 'NONE',  ( -1.000000000000000000, 0.000000000000000000, 0.000000000000000000 ) ) ;
#2070 = EDGE_CURVE ( 'NONE', #3123, #729, #5001, .T. ) ;
#2071 = EDGE_CURVE ( 'NONE', #4066, #5251, #969, .T. ) ;
#2072 = AXIS2_PLACEMENT_3D ( 'NONE', #195, #581, #2526 ) ;
#2073 = MANIFOLD_SOLID_BREP ( 'Cut-Extrude2[4]', #833 ) ;
#2074 = VECTOR ( 'NONE', #3895, 1000.000000000000000 ) ;
#2075 = ORIENTED_EDGE ( 'NONE', *, *, #2594, .F. ) ;
#2076 = DIRECTION ( 'NONE',  ( 0.000000000000000000, 0.000000000000000000, -1.000000000000000000 ) ) ;
#2077 = ADVANCED_FACE ( 'NONE', ( #1903 ), #69, .F. ) ;
#2078 = EDGE_CURVE ( 'NONE', #3650, #1610, #2260, .T. ) ;
#2079 = DIRECTION ( 'NONE',  ( 0.000000000000000000, 0.000000000000000000, -1.000000000000000000 ) ) ;
#2080 = VECTOR ( 'NONE', #1631, 1000.000000000000000 ) ;
#2081 = DIRECTION ( 'NONE',  ( 0.000000000000000000, -1.000000000000000000, 0.000000000000000000 ) ) ;
#2082 = DIRECTION ( 'NONE',  ( 1.000000000000000000, 0.000000000000000000, 0.000000000000000000 ) ) ;
#2083 = LINE ( 'NONE', #3913, #2293 ) ;
#2084 = EDGE_CURVE ( 'NONE', #4718, #3274, #589, .T. ) ;
#2085 = DIRECTION ( 'NONE',  ( 1.000000000000000000, 0.000000000000000000, -0.000000000000000000 ) ) ;
#2086 = EDGE_CURVE ( 'NONE', #518, #4976, #1958, .T. ) ;
#2087 = ORIENTED_EDGE ( 'NONE', *, *, #2502, .T. ) ;
#2088 = CARTESIAN_POINT ( 'NONE',  ( 0.6000000000000001998, 2.707018309146649315, 0.4724999999999995315 ) ) ;
#2089 = ADVANCED_FACE ( 'NONE', ( #1575 ), #2888, .F. ) ;
#2090 = DIRECTION ( 'NONE',  ( 1.000000000000000000, -0.000000000000000000, 0.000000000000000000 ) ) ;
#2091 = CARTESIAN_POINT ( 'NONE',  ( 0.6750000000000000444, 0.000000000000000000, -0.4000000000000000222 ) ) ;
#2092 = VECTOR ( 'NONE', #599, 1000.000000000000000 ) ;
#2093 = VECTOR ( 'NONE', #2016, 1000.000000000000000 ) ;
#2094 = CARTESIAN_POINT ( 'NONE',  ( -0.1750000000000000167, 0.000000000000000000, 0.4000000000000000777 ) ) ;
#2095 = CARTESIAN_POINT ( 'NONE',  ( 0.1000000000000000472, 0.5225000000000000755, 0.5000000000000000000 ) ) ;
#2096 = DIRECTION ( 'NONE',  ( 0.000000000000000000, -1.000000000000000000, 1.971276677246373097E-15 ) ) ;
#2097 = CARTESIAN_POINT ( 'NONE',  ( 0.1749999999999999611, 0.02750000000000000361, 0.2000000000000000389 ) ) ;
#2098 = LINE ( 'NONE', #1047, #2860 ) ;
#2099 = AXIS2_PLACEMENT_3D ( 'NONE', #1446, #5605, #1542 ) ;
#2100 = MANIFOLD_SOLID_BREP ( 'Boss-Extrude5[2]', #2642 ) ;
#2101 = ORIENTED_EDGE ( 'NONE', *, *, #5536, .T. ) ;
#2102 = VECTOR ( 'NONE', #4263, 1000.000000000000000 ) ;
#2103 = LINE ( 'NONE', #248, #2119 ) ;
#2104 = VECTOR ( 'NONE', #2539, 1000.000000000000000 ) ;
#2105 = AXIS2_PLACEMENT_3D ( 'NONE', #5748, #5255, #5702 ) ;
#2107 = VERTEX_POINT ( 'NONE', #1063 ) ;
#2106 = PLANE ( 'NONE',  #3624 ) ;
#2108 = DIRECTION ( 'NONE',  ( 1.000000000000000000, 0.000000000000000000, -1.084202172485504064E-16 ) ) ;
#2109 = VECTOR ( 'NONE', #2553, 1000.000000000000000 ) ;
#2110 = CARTESIAN_POINT ( 'NONE',  ( -0.1000000000000000472, 0.000000000000000000, -0.3000000000000000444 ) ) ;
#2111 = LINE ( 'NONE', #5350, #2354 ) ;
#2112 = VERTEX_POINT ( 'NONE', #1480 ) ;
#2113 = VECTOR ( 'NONE', #1467, 1000.000000000000000 ) ;
#2114 = CARTESIAN_POINT ( 'NONE',  ( -0.6000000000000000888, 0.4950000000000009948, -0.3000000000000000444 ) ) ;
#2115 = EDGE_CURVE ( 'NONE', #5503, #3641, #646, .T. ) ;
#2116 = DIRECTION ( 'NONE',  ( 0.000000000000000000, 0.000000000000000000, -1.000000000000000000 ) ) ;
#2117 = DIRECTION ( 'NONE',  ( 1.000000000000000000, -0.000000000000000000, 1.084202172485504064E-16 ) ) ;
#2118 = AXIS2_PLACEMENT_3D ( 'NONE', #2523, #2079, #3954 ) ;
#2119 = VECTOR ( 'NONE', #2543, 1000.000000000000000 ) ;
#2120 = CARTESIAN_POINT ( 'NONE',  ( 0.3250000000000000111, 0.5225000000000000755, 0.2500000000000000000 ) ) ;
#2121 = CARTESIAN_POINT ( 'NONE',  ( -0.6000000000000000888, 0.4950000000000011058, 0.4724999999999995315 ) ) ;
#2122 = DIRECTION ( 'NONE',  ( 7.228014483236719235E-16, 0.000000000000000000, 1.000000000000000000 ) ) ;
#2123 = CARTESIAN_POINT ( 'NONE',  ( 0.9000000000000000222, 0.5225000000000000755, 0.4000000000000000777 ) ) ;
#2124 = MANIFOLD_SOLID_BREP ( 'Cut-Extrude2[3]', #4273 ) ;
#2125 = ORIENTED_EDGE ( 'NONE', *, *, #3470, .T. ) ;
#2126 = CARTESIAN_POINT ( 'NONE',  ( 0.6750000000000000444, 0.4950000000000009948, 0.4000000000000000777 ) ) ;
#2127 = ORIENTED_EDGE ( 'NONE', *, *, #3425, .T. ) ;
#2129 = VERTEX_POINT ( 'NONE', #5096 ) ;
#2128 = DIRECTION ( 'NONE',  ( 0.000000000000000000, 1.000000000000000000, -0.000000000000000000 ) ) ;
#2130 = CARTESIAN_POINT ( 'NONE',  ( 0.6750000000000000444, 0.000000000000000000, 0.4000000000000000777 ) ) ;
#2131 = ADVANCED_FACE ( 'NONE', ( #1093 ), #1033, .F. ) ;
#2132 = DIRECTION ( 'NONE',  ( 1.000000000000000000, 0.000000000000000000, 0.000000000000000000 ) ) ;
#2133 = LINE ( 'NONE', #257, #5197 ) ;
#2134 = ORIENTED_EDGE ( 'NONE', *, *, #313, .T. ) ;
#2135 = ORIENTED_EDGE ( 'NONE', *, *, #5308, .F. ) ;
#2136 = EDGE_CURVE ( 'NONE', #1517, #5869, #1511, .T. ) ;
#2137 = DIRECTION ( 'NONE',  ( 1.000000000000000000, 0.000000000000000000, -0.000000000000000000 ) ) ;
#2138 = EDGE_CURVE ( 'NONE', #1346, #2295, #1994, .T. ) ;
#2139 = CARTESIAN_POINT ( 'NONE',  ( 0.6750000000000000444, 0.5225000000000000755, -0.4000000000000000222 ) ) ;
#2140 = LINE ( 'NONE', #5231, #1910 ) ;
#2141 = EDGE_CURVE ( 'NONE', #5476, #1424, #280, .T. ) ;
#2142 = CARTESIAN_POINT ( 'NONE',  ( -0.6000000000000000888, 0.02750000000000000361, 0.4000000000000000777 ) ) ;
#2143 = VERTEX_POINT ( 'NONE', #4407 ) ;
#2144 = CARTESIAN_POINT ( 'NONE',  ( 0.3999999999999999667, 2.081899558550501081E-17, 0.2000000000000000111 ) ) ;
#2145 = FACE_OUTER_BOUND ( 'NONE', #5102, .T. ) ;
#2146 = VECTOR ( 'NONE', #2319, 1000.000000000000000 ) ;
#2147 = FACE_OUTER_BOUND ( 'NONE', #580, .T. ) ;
#2148 = EDGE_CURVE ( 'NONE', #1762, #2307, #3518, .T. ) ;
#2149 = EDGE_CURVE ( 'NONE', #1953, #2400, #777, .T. ) ;
#2150 = ORIENTED_EDGE ( 'NONE', *, *, #4727, .T. ) ;
#2151 = FACE_OUTER_BOUND ( 'NONE', #3452, .T. ) ;
#2152 = PLANE ( 'NONE',  #5597 ) ;
#2154 = VERTEX_POINT ( 'NONE', #305 ) ;
#2153 = LINE ( 'NONE', #5660, #4397 ) ;
#2155 = PLANE ( 'NONE',  #827 ) ;
#2156 = CARTESIAN_POINT ( 'NONE',  ( -0.9725000000000004752, 0.5225000000000000755, 0.3000000000000000444 ) ) ;
#2157 = AXIS2_PLACEMENT_3D ( 'NONE', #3273, #353, #4927 ) ;
#2158 = VECTOR ( 'NONE', #1137, 1000.000000000000000 ) ;
#2159 = FACE_OUTER_BOUND ( 'NONE', #745, .T. ) ;
#2160 = ORIENTED_EDGE ( 'NONE', *, *, #4959, .F. ) ;
#2161 = EDGE_CURVE ( 'NONE', #2278, #4880, #2133, .T. ) ;
#2162 = EDGE_LOOP ( 'NONE', ( #4093, #1881, #3161, #5440 ) ) ;
#2163 = EDGE_LOOP ( 'NONE', ( #3248, #5848, #5854, #455 ) ) ;
#2164 = DIRECTION ( 'NONE',  ( -0.000000000000000000, 0.000000000000000000, -1.000000000000000000 ) ) ;
#2165 = ADVANCED_FACE ( 'NONE', ( #4337 ), #4851, .F. ) ;
#2166 = ORIENTED_EDGE ( 'NONE', *, *, #2161, .T. ) ;
#2167 = LINE ( 'NONE', #2531, #4836 ) ;
#2168 = CARTESIAN_POINT ( 'NONE',  ( -0.6750000000000000444, 0.5225000000000000755, 0.4000000000000000777 ) ) ;
#2169 = LINE ( 'NONE', #1292, #5466 ) ;
#2170 = ORIENTED_EDGE ( 'NONE', *, *, #3978, .T. ) ;
#2171 = CARTESIAN_POINT ( 'NONE',  ( 0.1000000000000000472, 0.5225000000000000755, -0.4000000000000000777 ) ) ;
#2172 = ORIENTED_EDGE ( 'NONE', *, *, #4606, .F. ) ;
#2173 = EDGE_CURVE ( 'NONE', #2107, #5048, #4437, .T. ) ;
#2174 = CARTESIAN_POINT ( 'NONE',  ( 0.9000000000000000222, 0.02750000000000000361, 0.4724999999999995315 ) ) ;
#2175 = VECTOR ( 'NONE', #5399, 1000.000000000000000 ) ;
#2176 = VECTOR ( 'NONE', #4988, 1000.000000000000000 ) ;
#2177 = UNCERTAINTY_MEASURE_WITH_UNIT (LENGTH_MEASURE( 1.000000000000000082E-05 ), #1832, 'distance_accuracy_value', 'NONE');
#2178 = COLOUR_RGB ( '',1.000000000000000000, 1.000000000000000000, 1.000000000000000000 ) ;
#2179 = VECTOR ( 'NONE', #1700, 1000.000000000000000 ) ;
#2180 = CARTESIAN_POINT ( 'NONE',  ( -0.3250000000000000666, 0.000000000000000000, -0.4000000000000000222 ) ) ;
#2181 = EDGE_CURVE ( 'NONE', #4052, #2916, #3914, .T. ) ;
#2182 = ORIENTED_EDGE ( 'NONE', *, *, #582, .F. ) ;
#2183 = ADVANCED_FACE ( 'NONE', ( #5296 ), #3888, .T. ) ;
#2184 = DIRECTION ( 'NONE',  ( -1.000000000000000000, 0.000000000000000000, 0.000000000000000000 ) ) ;
#2185 = VERTEX_POINT ( 'NONE', #3101 ) ;
#2186 = CARTESIAN_POINT ( 'NONE',  ( 1.602515559965051795, 0.5225000000000001865, -0.2500000000000000000 ) ) ;
#2188 = EDGE_LOOP ( 'NONE', ( #1827, #1065, #5328, #4209, #4626, #5283, #5444, #2582 ) ) ;
#2187 = LINE ( 'NONE', #2649, #3676 ) ;
#2189 = VECTOR ( 'NONE', #2803, 1000.000000000000000 ) ;
#2190 = CARTESIAN_POINT ( 'NONE',  ( -0.3250000000000000666, 0.000000000000000000, -0.1999999999999999833 ) ) ;
#2191 = AXIS2_PLACEMENT_3D ( 'NONE', #5679, #2424, #1969 ) ;
#2192 = DIRECTION ( 'NONE',  ( -0.000000000000000000, 0.000000000000000000, 1.000000000000000000 ) ) ;
#2193 = VECTOR ( 'NONE', #3080, 1000.000000000000000 ) ;
#2194 = VECTOR ( 'NONE', #4452, 1000.000000000000000 ) ;
#2195 = PLANE ( 'NONE',  #5856 ) ;
#2196 = CARTESIAN_POINT ( 'NONE',  ( -0.3999999999999999667, 0.000000000000000000, 0.000000000000000000 ) ) ;
#2197 = ORIENTED_EDGE ( 'NONE', *, *, #3730, .F. ) ;
#2198 = VERTEX_POINT ( 'NONE', #1181 ) ;
#2199 = ORIENTED_EDGE ( 'NONE', *, *, #5215, .F. ) ;
#2200 = DIRECTION ( 'NONE',  ( 0.000000000000000000, 0.000000000000000000, 1.000000000000000000 ) ) ;
#2201 = EDGE_LOOP ( 'NONE', ( #1015, #4084, #3485, #2774 ) ) ;
#2202 = DIRECTION ( 'NONE',  ( 0.000000000000000000, 1.224646799147352961E-16, 1.000000000000000000 ) ) ;
#2203 = CARTESIAN_POINT ( 'NONE',  ( 0.3999999999999999667, 0.4950000000000011058, -0.4724999999999995315 ) ) ;
#2204 = ORIENTED_EDGE ( 'NONE', *, *, #2148, .T. ) ;
#2205 = FACE_OUTER_BOUND ( 'NONE', #2693, .T. ) ;
#2206 = DIRECTION ( 'NONE',  ( 0.000000000000000000, 0.000000000000000000, -1.000000000000000000 ) ) ;
#2207 = LINE ( 'NONE', #2613, #5600 ) ;
#2208 = AXIS2_PLACEMENT_3D ( 'NONE', #5029, #965, #165 ) ;
#2209 = EDGE_CURVE ( 'NONE', #4852, #3164, #4804, .T. ) ;
#2210 = VERTEX_POINT ( 'NONE', #5740 ) ;
#2211 = CARTESIAN_POINT ( 'NONE',  ( 0.1000000000000000472, 0.02750000000000000361, -0.4724999999999995315 ) ) ;
#2212 = EDGE_LOOP ( 'NONE', ( #2770, #2283, #2834, #1312 ) ) ;
#2213 = DIRECTION ( 'NONE',  ( 0.000000000000000000, -0.000000000000000000, 1.000000000000000000 ) ) ;
#2215 = ORIENTED_EDGE ( 'NONE', *, *, #4821, .F. ) ;
#2214 = PLANE ( 'NONE',  #310 ) ;
#2216 = EDGE_CURVE ( 'NONE', #2826, #1202, #2572, .T. ) ;
#2217 = LINE ( 'NONE', #4958, #451 ) ;
#2218 = DIRECTION ( 'NONE',  ( 1.000000000000000000, 0.000000000000000000, -1.084202172485504064E-16 ) ) ;
#2219 = DIRECTION ( 'NONE',  ( 0.000000000000000000, 0.000000000000000000, -1.000000000000000000 ) ) ;
#2220 = LINE ( 'NONE', #28, #1692 ) ;
#2221 = ORIENTED_EDGE ( 'NONE', *, *, #20, .T. ) ;
#2222 = EDGE_LOOP ( 'NONE', ( #3022, #2990, #1650, #2967 ) ) ;
#2223 = VERTEX_POINT ( 'NONE', #1654 ) ;
#2224 = LINE ( 'NONE', #2575, #515 ) ;
#2225 = EDGE_CURVE ( 'NONE', #2017, #1849, #5326, .T. ) ;
#2226 = ORIENTED_EDGE ( 'NONE', *, *, #4156, .F. ) ;
#2227 = PRESENTATION_STYLE_ASSIGNMENT (( #4560 ) ) ;
#2228 = CARTESIAN_POINT ( 'NONE',  ( 1.000000000000000222, 0.02750000000000000361, 0.4724999999999995315 ) ) ;
#2229 = ORIENTED_EDGE ( 'NONE', *, *, #494, .T. ) ;
#2230 = CARTESIAN_POINT ( 'NONE',  ( 0.1749999999999999611, 0.4950000000000009948, 0.2500000000000000000 ) ) ;
#2231 = CARTESIAN_POINT ( 'NONE',  ( 1.602515559965051795, 0.4950000000000012168, -0.2500000000000000000 ) ) ;
#2232 = CARTESIAN_POINT ( 'NONE',  ( 0.3999999999999999667, 0.5225000000000000755, 0.5000000000000000000 ) ) ;
#2233 = CARTESIAN_POINT ( 'NONE',  ( 0.1749999999999999611, 0.5225000000000000755, 0.2500000000000000000 ) ) ;
#2234 = ADVANCED_FACE ( 'NONE', ( #1252 ), #3469, .T. ) ;
#2235 = ORIENTED_EDGE ( 'NONE', *, *, #317, .T. ) ;
#2236 = DIRECTION ( 'NONE',  ( -0.000000000000000000, 1.000000000000000000, -0.000000000000000000 ) ) ;
#2237 = VECTOR ( 'NONE', #930, 1000.000000000000000 ) ;
#2238 = DIRECTION ( 'NONE',  ( 0.000000000000000000, 0.000000000000000000, 1.000000000000000000 ) ) ;
#2239 = EDGE_CURVE ( 'NONE', #1345, #1695, #4363, .T. ) ;
#2241 = ORIENTED_EDGE ( 'NONE', *, *, #1454, .T. ) ;
#2240 = FACE_OUTER_BOUND ( 'NONE', #509, .T. ) ;
#2242 = FACE_OUTER_BOUND ( 'NONE', #2481, .T. ) ;
#2243 = AXIS2_PLACEMENT_3D ( 'NONE', #4421, #3083, #1265 ) ;
#2245 = EDGE_CURVE ( 'NONE', #5234, #3795, #2111, .T. ) ;
#2244 = CARTESIAN_POINT ( 'NONE',  ( 0.3250000000000000111, 0.02750000000000000361, -0.2000000000000000666 ) ) ;
#2246 = LINE ( 'NONE', #2713, #5381 ) ;
#2247 = CARTESIAN_POINT ( 'NONE',  ( -0.6000000000000001998, 0.5225000000000000755, 0.3999999999999999112 ) ) ;
#2248 = ORIENTED_EDGE ( 'NONE', *, *, #4091, .T. ) ;
#2249 = ORIENTED_EDGE ( 'NONE', *, *, #5249, .F. ) ;
#2250 = ORIENTED_EDGE ( 'NONE', *, *, #3427, .T. ) ;
#2251 = CARTESIAN_POINT ( 'NONE',  ( 0.3999999999999999667, 0.4950000000000009948, 0.2500000000000000000 ) ) ;
#2252 = VECTOR ( 'NONE', #3229, 1000.000000000000000 ) ;
#2253 = ORIENTED_EDGE ( 'NONE', *, *, #2071, .T. ) ;
#2254 = DIRECTION ( 'NONE',  ( -1.000000000000000000, -0.000000000000000000, -0.000000000000000000 ) ) ;
#2255 = COLOUR_RGB ( '',0.7921568627450980005, 0.8196078431372548767, 0.9333333333333333481 ) ;
#2256 = EDGE_CURVE ( 'NONE', #3951, #3514, #1281, .T. ) ;
#2257 = LINE ( 'NONE', #5359, #2963 ) ;
#2258 = ORIENTED_EDGE ( 'NONE', *, *, #4792, .F. ) ;
#2259 = ADVANCED_FACE ( 'NONE', ( #2159 ), #4825, .F. ) ;
#2260 = LINE ( 'NONE', #5423, #1289 ) ;
#2261 = VECTOR ( 'NONE', #199, 1000.000000000000000 ) ;
#2262 = CARTESIAN_POINT ( 'NONE',  ( -0.1000000000000000472, 0.4950000000000009948, -0.3000000000000000444 ) ) ;
#2263 = ORIENTED_EDGE ( 'NONE', *, *, #5529, .F. ) ;
#2264 = DIRECTION ( 'NONE',  ( 0.000000000000000000, 0.000000000000000000, -1.000000000000000000 ) ) ;
#2265 = ORIENTED_EDGE ( 'NONE', *, *, #3173, .F. ) ;
#2266 = DIRECTION ( 'NONE',  ( 0.000000000000000000, 0.000000000000000000, -1.000000000000000000 ) ) ;
#2267 = CARTESIAN_POINT ( 'NONE',  ( -0.3999999999999999667, 0.5225000000000000755, 0.4000000000000000777 ) ) ;
#2268 = ORIENTED_EDGE ( 'NONE', *, *, #1563, .T. ) ;
#2269 = ORIENTED_EDGE ( 'NONE', *, *, #2743, .T. ) ;
#2270 = VECTOR ( 'NONE', #1019, 1000.000000000000000 ) ;
#2271 = LINE ( 'NONE', #4543, #1797 ) ;
#2272 = ORIENTED_EDGE ( 'NONE', *, *, #4063, .T. ) ;
#2273 = ORIENTED_EDGE ( 'NONE', *, *, #1871, .F. ) ;
#2274 = PLANE ( 'NONE',  #1134 ) ;
#2275 = DIRECTION ( 'NONE',  ( -0.000000000000000000, 0.000000000000000000, 1.000000000000000000 ) ) ;
#2276 = FACE_OUTER_BOUND ( 'NONE', #5327, .T. ) ;
#2277 = DIRECTION ( 'NONE',  ( 1.084202172485504064E-16, -0.000000000000000000, 1.000000000000000000 ) ) ;
#2278 = VERTEX_POINT ( 'NONE', #3049 ) ;
#2279 = VERTEX_POINT ( 'NONE', #5770 ) ;
#2280 = ORIENTED_EDGE ( 'NONE', *, *, #5590, .F. ) ;
#2281 = DIRECTION ( 'NONE',  ( 0.000000000000000000, -0.000000000000000000, 1.000000000000000000 ) ) ;
#2282 = VECTOR ( 'NONE', #1030, 1000.000000000000000 ) ;
#2283 = ORIENTED_EDGE ( 'NONE', *, *, #1246, .T. ) ;
#2284 = LINE ( 'NONE', #3142, #374 ) ;
#2285 = VECTOR ( 'NONE', #4736, 1000.000000000000000 ) ;
#2286 = LINE ( 'NONE', #2698, #757 ) ;
#2287 = ORIENTED_EDGE ( 'NONE', *, *, #633, .F. ) ;
#2288 =( NAMED_UNIT ( * ) SI_UNIT ( $, .STERADIAN. ) SOLID_ANGLE_UNIT ( ) );
#2289 = CARTESIAN_POINT ( 'NONE',  ( 0.9000000000000000222, 2.081899558550501081E-17, 0.2000000000000000111 ) ) ;
#2290 = LINE ( 'NONE', #974, #368 ) ;
#2291 = ORIENTED_EDGE ( 'NONE', *, *, #379, .F. ) ;
#2292 = LINE ( 'NONE', #1812, #445 ) ;
#2293 = VECTOR ( 'NONE', #5717, 1000.000000000000000 ) ;
#2294 = CARTESIAN_POINT ( 'NONE',  ( 0.9725000000000002531, 0.5225000000000001865, -0.2500000000000000000 ) ) ;
#2295 = VERTEX_POINT ( 'NONE', #1825 ) ;
#2296 = ORIENTED_EDGE ( 'NONE', *, *, #3823, .F. ) ;
#2297 = VECTOR ( 'NONE', #5844, 1000.000000000000000 ) ;
#2298 = LINE ( 'NONE', #4575, #464 ) ;
#2299 = ORIENTED_EDGE ( 'NONE', *, *, #3823, .T. ) ;
#2300 = ORIENTED_EDGE ( 'NONE', *, *, #1390, .F. ) ;
#2301 = CARTESIAN_POINT ( 'NONE',  ( 0.8249999999999999556, 0.02750000000000000361, -0.4724999999999995315 ) ) ;
#2302 = EDGE_LOOP ( 'NONE', ( #4968, #1461, #4524, #2465 ) ) ;
#2303 = LINE ( 'NONE', #1823, #1237 ) ;
#2304 = CARTESIAN_POINT ( 'NONE',  ( 0.6750000000000000444, 0.000000000000000000, 0.4000000000000000777 ) ) ;
#2305 = LINE ( 'NONE', #5377, #1395 ) ;
#2306 = ORIENTED_EDGE ( 'NONE', *, *, #3800, .F. ) ;
#2307 = VERTEX_POINT ( 'NONE', #449 ) ;
#2308 = PLANE ( 'NONE',  #4615 ) ;
#2309 = EDGE_CURVE ( 'NONE', #1202, #4839, #4554, .T. ) ;
#2310 = ORIENTED_EDGE ( 'NONE', *, *, #878, .F. ) ;
#2311 = DIRECTION ( 'NONE',  ( 0.000000000000000000, -1.000000000000000000, 0.000000000000000000 ) ) ;
#2312 = ORIENTED_EDGE ( 'NONE', *, *, #3699, .F. ) ;
#2313 = ORIENTED_EDGE ( 'NONE', *, *, #3626, .T. ) ;
#2314 = LINE ( 'NONE', #5861, #4920 ) ;
#2315 = ORIENTED_EDGE ( 'NONE', *, *, #660, .T. ) ;
#2316 = SURFACE_STYLE_USAGE ( .BOTH. , #3585 ) ;
#2317 = ADVANCED_FACE ( 'NONE', ( #2714 ), #4580, .F. ) ;
#2318 = EDGE_CURVE ( 'NONE', #4701, #664, #868, .T. ) ;
#2319 = DIRECTION ( 'NONE',  ( -0.000000000000000000, 1.000000000000000000, -0.000000000000000000 ) ) ;
#2320 = CARTESIAN_POINT ( 'NONE',  ( 0.9725000000000002531, 0.4950000000000011058, 0.2499999999999998890 ) ) ;
#2321 = EDGE_CURVE ( 'NONE', #3244, #29, #480, .T. ) ;
#2322 = VERTEX_POINT ( 'NONE', #1406 ) ;
#2323 = CARTESIAN_POINT ( 'NONE',  ( 0.1000000000000001582, 0.4950000000000002176, 0.4724999999999994760 ) ) ;
#2324 = EDGE_LOOP ( 'NONE', ( #3207, #4365, #243, #5812 ) ) ;
#2325 = EDGE_CURVE ( 'NONE', #1740, #1852, #1438, .T. ) ;
#2326 = EDGE_LOOP ( 'NONE', ( #2338, #2707, #1230, #5595, #823, #2882, #4146, #4297 ) ) ;
#2327 = DIRECTION ( 'NONE',  ( 0.000000000000000000, 0.000000000000000000, -1.000000000000000000 ) ) ;
#2328 = ADVANCED_FACE ( 'NONE', ( #959 ), #2691, .F. ) ;
#2329 = ORIENTED_EDGE ( 'NONE', *, *, #3905, .T. ) ;
#2330 = LINE ( 'NONE', #473, #4532 ) ;
#2331 = ADVANCED_FACE ( 'NONE', ( #2659 ), #2745, .F. ) ;
#2332 = ORIENTED_EDGE ( 'NONE', *, *, #2675, .T. ) ;
#2333 = VECTOR ( 'NONE', #4001, 1000.000000000000000 ) ;
#2334 = CARTESIAN_POINT ( 'NONE',  ( 0.000000000000000000, 0.4950000000000001066, 0.000000000000000000 ) ) ;
#2335 = CARTESIAN_POINT ( 'NONE',  ( 0.1000000000000000472, 0.5225000000000000755, 0.5000000000000000000 ) ) ;
#2336 = VECTOR ( 'NONE', #4763, 1000.000000000000000 ) ;
#2337 = DIRECTION ( 'NONE',  ( -0.000000000000000000, 0.000000000000000000, 1.000000000000000000 ) ) ;
#2338 = ORIENTED_EDGE ( 'NONE', *, *, #1876, .T. ) ;
#2339 = PLANE ( 'NONE',  #180 ) ;
#2340 = ORIENTED_EDGE ( 'NONE', *, *, #821, .F. ) ;
#2341 = PLANE ( 'NONE',  #1204 ) ;
#2342 = ORIENTED_EDGE ( 'NONE', *, *, #1080, .T. ) ;
#2343 = DIRECTION ( 'NONE',  ( -0.000000000000000000, 0.000000000000000000, -1.000000000000000000 ) ) ;
#2344 = VERTEX_POINT ( 'NONE', #5412 ) ;
#2345 = LINE ( 'NONE', #613, #4453 ) ;
#2346 = VERTEX_POINT ( 'NONE', #3576 ) ;
#2347 = EDGE_LOOP ( 'NONE', ( #1394, #4460, #2421, #3277 ) ) ;
#2348 = EDGE_CURVE ( 'NONE', #531, #2409, #5022, .T. ) ;
#2349 = CARTESIAN_POINT ( 'NONE',  ( 0.1749999999999999611, 0.000000000000000000, 0.4000000000000000777 ) ) ;
#2350 = VECTOR ( 'NONE', #4449, 1000.000000000000000 ) ;
#2351 = DIRECTION ( 'NONE',  ( -1.000000000000000000, 0.000000000000000000, 0.000000000000000000 ) ) ;
#2352 = CARTESIAN_POINT ( 'NONE',  ( 0.3999999999999999667, 0.000000000000000000, 0.4000000000000000777 ) ) ;
#2353 = AXIS2_PLACEMENT_3D ( 'NONE', #1796, #510, #62 ) ;
#2354 = VECTOR ( 'NONE', #1206, 1000.000000000000000 ) ;
#2355 = CARTESIAN_POINT ( 'NONE',  ( -0.6000000000000000888, 0.5225000000000000755, -0.4000000000000000222 ) ) ;
#2356 = ORIENTED_EDGE ( 'NONE', *, *, #4065, .F. ) ;
#2357 = DIRECTION ( 'NONE',  ( 1.000000000000000000, 0.000000000000000000, -7.228014483236698528E-16 ) ) ;
#2358 = CARTESIAN_POINT ( 'NONE',  ( -0.1750000000000000167, 0.5225000000000000755, -0.4000000000000000222 ) ) ;
#2359 = ORIENTED_EDGE ( 'NONE', *, *, #4717, .T. ) ;
#2360 = LINE ( 'NONE', #4169, #944 ) ;
#2361 = ORIENTED_EDGE ( 'NONE', *, *, #5294, .F. ) ;
#2362 = DIRECTION ( 'NONE',  ( 0.000000000000000000, 1.000000000000000000, -0.000000000000000000 ) ) ;
#2363 = EDGE_CURVE ( 'NONE', #1508, #4170, #5502, .T. ) ;
#2364 = EDGE_CURVE ( 'NONE', #2322, #5677, #1343, .T. ) ;
#2365 = ORIENTED_EDGE ( 'NONE', *, *, #582, .T. ) ;
#2366 = LINE ( 'NONE', #2433, #685 ) ;
#2367 = VECTOR ( 'NONE', #3874, 1000.000000000000000 ) ;
#2368 = VECTOR ( 'NONE', #5009, 1000.000000000000000 ) ;
#2369 = FACE_OUTER_BOUND ( 'NONE', #1363, .T. ) ;
#2370 = FACE_OUTER_BOUND ( 'NONE', #1348, .T. ) ;
#2371 = LINE ( 'NONE', #5024, #1141 ) ;
#2372 = CLOSED_SHELL ( 'NONE', ( #684, #88, #5103, #2862, #3449, #1188, #4646, #3353, #785, #5813, #1551, #4133, #3924, #3223, #4479, #3481, #1948, #5647 ) ) ;
#2373 = ORIENTED_EDGE ( 'NONE', *, *, #2671, .T. ) ;
#2374 = FACE_OUTER_BOUND ( 'NONE', #3141, .T. ) ;
#2375 = ORIENTED_EDGE ( 'NONE', *, *, #2325, .T. ) ;
#2376 = DIRECTION ( 'NONE',  ( 0.000000000000000000, 0.000000000000000000, 1.000000000000000000 ) ) ;
#2377 = CARTESIAN_POINT ( 'NONE',  ( -0.1750000000000000167, 0.000000000000000000, 0.4000000000000000777 ) ) ;
#2378 = ORIENTED_EDGE ( 'NONE', *, *, #5097, .F. ) ;
#2379 = EDGE_LOOP ( 'NONE', ( #3873, #5556, #4628, #4070 ) ) ;
#2380 = DIRECTION ( 'NONE',  ( 1.000000000000000000, -0.000000000000000000, -0.000000000000000000 ) ) ;
#2381 = VECTOR ( 'NONE', #3773, 1000.000000000000000 ) ;
#2382 = CARTESIAN_POINT ( 'NONE',  ( -0.3250000000000000666, 0.000000000000000000, -0.4000000000000000222 ) ) ;
#2383 = CARTESIAN_POINT ( 'NONE',  ( -0.6000000000000000888, 0.4950000000000001066, -0.3000000000000000444 ) ) ;
#2384 = VECTOR ( 'NONE', #2723, 1000.000000000000000 ) ;
#2385 = ORIENTED_EDGE ( 'NONE', *, *, #4612, .F. ) ;
#2386 = CARTESIAN_POINT ( 'NONE',  ( 1.000000000000000222, -1.592040838891558726E-17, 0.5000000000000000000 ) ) ;
#2387 = AXIS2_PLACEMENT_3D ( 'NONE', #1680, #2090, #3940 ) ;
#2388 = FACE_OUTER_BOUND ( 'NONE', #4499, .T. ) ;
#2389 = ORIENTED_EDGE ( 'NONE', *, *, #2216, .F. ) ;
#2390 = LINE ( 'NONE', #5678, #2092 ) ;
#2391 = EDGE_CURVE ( 'NONE', #2940, #4323, #3189, .T. ) ;
#2392 = FACE_OUTER_BOUND ( 'NONE', #950, .T. ) ;
#2393 = EDGE_LOOP ( 'NONE', ( #384, #598, #2001, #2732 ) ) ;
#2394 = VERTEX_POINT ( 'NONE', #395 ) ;
#2395 = LINE ( 'NONE', #4508, #3230 ) ;
#2396 = ORIENTED_EDGE ( 'NONE', *, *, #1014, .T. ) ;
#2397 = CARTESIAN_POINT ( 'NONE',  ( -0.6000000000000000888, 0.5225000000000000755, 0.3000000000000000444 ) ) ;
#2398 = AXIS2_PLACEMENT_3D ( 'NONE', #3098, #889, #835 ) ;
#2399 = EDGE_CURVE ( 'NONE', #5173, #5082, #2305, .T. ) ;
#2400 = VERTEX_POINT ( 'NONE', #2779 ) ;
#2401 = DIRECTION ( 'NONE',  ( -0.000000000000000000, 0.000000000000000000, -1.000000000000000000 ) ) ;
#2402 = VECTOR ( 'NONE', #1649, 1000.000000000000000 ) ;
#2403 = VECTOR ( 'NONE', #4597, 1000.000000000000000 ) ;
#2404 = EDGE_CURVE ( 'NONE', #4149, #2307, #2220, .T. ) ;
#2405 = CARTESIAN_POINT ( 'NONE',  ( 0.1000000000000001582, 0.4950000000000001066, 0.3000000000000001554 ) ) ;
#2406 = CARTESIAN_POINT ( 'NONE',  ( 0.6750000000000000444, 0.000000000000000000, 0.4000000000000000777 ) ) ;
#2407 = CARTESIAN_POINT ( 'NONE',  ( 0.1749999999999999611, 0.4950000000000009948, -0.2500000000000000000 ) ) ;
#2408 = ORIENTED_EDGE ( 'NONE', *, *, #5822, .T. ) ;
#2409 = VERTEX_POINT ( 'NONE', #5852 ) ;
#2410 = PRESENTATION_STYLE_ASSIGNMENT (( #1476 ) ) ;
#2411 = DIRECTION ( 'NONE',  ( -0.000000000000000000, -0.000000000000000000, 1.000000000000000000 ) ) ;
#2412 = ORIENTED_EDGE ( 'NONE', *, *, #2010, .F. ) ;
#2413 = EDGE_CURVE ( 'NONE', #4935, #4586, #3671, .T. ) ;
#2414 = ORIENTED_EDGE ( 'NONE', *, *, #4566, .T. ) ;
#2415 = DIRECTION ( 'NONE',  ( 0.000000000000000000, -1.000000000000000000, 0.000000000000000000 ) ) ;
#2416 = CARTESIAN_POINT ( 'NONE',  ( 0.3999999999999999667, 0.02750000000000018055, -0.4724999999999995315 ) ) ;
#2417 = CARTESIAN_POINT ( 'NONE',  ( 0.000000000000000000, 0.02750000000000000361, -0.3000000000000000444 ) ) ;
#2418 = ORIENTED_EDGE ( 'NONE', *, *, #2318, .T. ) ;
#2419 = LINE ( 'NONE', #145, #4834 ) ;
#2420 = CARTESIAN_POINT ( 'NONE',  ( 0.6750000000000000444, 0.4950000000000009948, -0.4000000000000000222 ) ) ;
#2421 = ORIENTED_EDGE ( 'NONE', *, *, #4217, .F. ) ;
#2422 = DIRECTION ( 'NONE',  ( -1.000000000000000000, 0.000000000000000000, -0.000000000000000000 ) ) ;
#2423 = AXIS2_PLACEMENT_3D ( 'NONE', #4041, #5818, #2830 ) ;
#2424 = DIRECTION ( 'NONE',  ( -0.000000000000000000, 0.000000000000000000, -1.000000000000000000 ) ) ;
#2425 = VERTEX_POINT ( 'NONE', #5826 ) ;
#2426 = ORIENTED_EDGE ( 'NONE', *, *, #381, .T. ) ;
#2427 = ORIENTED_EDGE ( 'NONE', *, *, #5666, .F. ) ;
#2428 = DIRECTION ( 'NONE',  ( -0.000000000000000000, 1.000000000000000000, -0.000000000000000000 ) ) ;
#2429 = EDGE_CURVE ( 'NONE', #3258, #4066, #3136, .T. ) ;
#2430 = CARTESIAN_POINT ( 'NONE',  ( -0.09999999999999993616, 0.4950000000000001066, 0.000000000000000000 ) ) ;
#2431 = EDGE_CURVE ( 'NONE', #4457, #4431, #422, .T. ) ;
#2432 = ORIENTED_EDGE ( 'NONE', *, *, #4798, .T. ) ;
#2433 = CARTESIAN_POINT ( 'NONE',  ( -0.3250000000000000666, 0.02750000000000000361, 0.2000000000000000666 ) ) ;
#2434 = ADVANCED_FACE ( 'NONE', ( #3159 ), #161, .F. ) ;
#2435 = FACE_OUTER_BOUND ( 'NONE', #4550, .T. ) ;
#2436 = DIRECTION ( 'NONE',  ( 0.000000000000000000, -1.971276677246373097E-15, -1.000000000000000000 ) ) ;
#2437 = CARTESIAN_POINT ( 'NONE',  ( 1.000000000000000222, 2.707018309146649315, 0.4724999999999995315 ) ) ;
#2438 = DIRECTION ( 'NONE',  ( -0.000000000000000000, 0.000000000000000000, 1.000000000000000000 ) ) ;
#2439 = EDGE_CURVE ( 'NONE', #1095, #1916, #1086, .T. ) ;
#2440 = EDGE_LOOP ( 'NONE', ( #2542, #2816, #2568, #901, #3360, #1100, #987, #1970 ) ) ;
#2441 = DIRECTION ( 'NONE',  ( 0.000000000000000000, 1.000000000000000000, -0.000000000000000000 ) ) ;
#2442 = VECTOR ( 'NONE', #2552, 1000.000000000000000 ) ;
#2443 = CARTESIAN_POINT ( 'NONE',  ( -0.3999999999999999667, 0.4950000000000011058, -0.4724999999999995315 ) ) ;
#2444 = VERTEX_POINT ( 'NONE', #3762 ) ;
#2445 = DIRECTION ( 'NONE',  ( 0.000000000000000000, 0.000000000000000000, -1.000000000000000000 ) ) ;
#2446 = ORIENTED_EDGE ( 'NONE', *, *, #973, .T. ) ;
#2447 = EDGE_CURVE ( 'NONE', #4826, #5505, #3387, .T. ) ;
#2448 = CARTESIAN_POINT ( 'NONE',  ( -0.6000000000000000888, 0.000000000000000000, -0.4000000000000000222 ) ) ;
#2449 = ADVANCED_FACE ( 'NONE', ( #131 ), #3792, .F. ) ;
#2450 = CARTESIAN_POINT ( 'NONE',  ( -0.5999999999999999778, 0.4950000000000001066, 0.3000000000000001554 ) ) ;
#2451 = DIRECTION ( 'NONE',  ( 1.000000000000000000, -0.000000000000000000, 0.000000000000000000 ) ) ;
#2452 = EDGE_CURVE ( 'NONE', #960, #763, #3733, .T. ) ;
#2453 = ORIENTED_EDGE ( 'NONE', *, *, #3097, .T. ) ;
#2454 = CARTESIAN_POINT ( 'NONE',  ( 0.1749999999999999611, 0.4950000000000009948, 0.4000000000000000777 ) ) ;
#2455 = DIRECTION ( 'NONE',  ( 0.000000000000000000, 0.000000000000000000, 1.000000000000000000 ) ) ;
#2456 = CARTESIAN_POINT ( 'NONE',  ( 0.6000000000000000888, 0.5225000000000000755, -0.4000000000000000777 ) ) ;
#2457 = ORIENTED_EDGE ( 'NONE', *, *, #3268, .F. ) ;
#2458 = LINE ( 'NONE', #3846, #1301 ) ;
#2459 = LINE ( 'NONE', #5588, #2102 ) ;
#2460 = ORIENTED_EDGE ( 'NONE', *, *, #2902, .F. ) ;
#2461 = MECHANICAL_DESIGN_GEOMETRIC_PRESENTATION_REPRESENTATION (  '', ( #4812 ), #5750 ) ;
#2462 = LINE ( 'NONE', #3318, #1319 ) ;
#2463 = DIRECTION ( 'NONE',  ( -1.000000000000000000, -0.000000000000000000, -7.228014483236698528E-16 ) ) ;
#2464 = VECTOR ( 'NONE', #4276, 1000.000000000000000 ) ;
#2465 = ORIENTED_EDGE ( 'NONE', *, *, #2959, .T. ) ;
#2466 = PLANE ( 'NONE',  #2975 ) ;
#2467 = CARTESIAN_POINT ( 'NONE',  ( -1.000000000000000444, 0.4950000000000011058, 0.4724999999999995315 ) ) ;
#2468 = ADVANCED_FACE ( 'NONE', ( #2937 ), #2908, .F. ) ;
#2469 = DIRECTION ( 'NONE',  ( 0.000000000000000000, 1.000000000000000000, 0.000000000000000000 ) ) ;
#2470 = VECTOR ( 'NONE', #4707, 1000.000000000000000 ) ;
#2471 = ORIENTED_EDGE ( 'NONE', *, *, #3121, .T. ) ;
#2472 = PLANE ( 'NONE',  #2499 ) ;
#2473 = PLANE ( 'NONE',  #5118 ) ;
#2474 = ORIENTED_EDGE ( 'NONE', *, *, #3385, .T. ) ;
#2475 = VECTOR ( 'NONE', #3287, 1000.000000000000000 ) ;
#2476 = FILL_AREA_STYLE_COLOUR ( '', #2255 ) ;
#2477 = ORIENTED_EDGE ( 'NONE', *, *, #447, .T. ) ;
#2478 = CARTESIAN_POINT ( 'NONE',  ( -0.1000000000000000472, 0.02750000000000000361, -0.4000000000000000222 ) ) ;
#2479 = LINE ( 'NONE', #593, #3342 ) ;
#2480 = FACE_OUTER_BOUND ( 'NONE', #19, .T. ) ;
#2481 = EDGE_LOOP ( 'NONE', ( #870, #5546, #4283, #1620 ) ) ;
#2482 = CARTESIAN_POINT ( 'NONE',  ( 0.3999999999999999667, 2.081899558550501081E-17, 0.2000000000000000111 ) ) ;
#2483 = EDGE_CURVE ( 'NONE', #5511, #1227, #4714, .T. ) ;
#2484 = PLANE ( 'NONE',  #4726 ) ;
#2485 = CARTESIAN_POINT ( 'NONE',  ( -0.1000000000000000472, 0.4950000000000001066, -0.3000000000000000444 ) ) ;
#2486 = ORIENTED_EDGE ( 'NONE', *, *, #1110, .F. ) ;
#2487 = DIRECTION ( 'NONE',  ( 0.000000000000000000, 0.000000000000000000, -1.000000000000000000 ) ) ;
#2488 = LINE ( 'NONE', #2960, #2285 ) ;
#2489 = ORIENTED_EDGE ( 'NONE', *, *, #1350, .F. ) ;
#2490 = VECTOR ( 'NONE', #4281, 1000.000000000000000 ) ;
#2491 = VECTOR ( 'NONE', #600, 1000.000000000000000 ) ;
#2492 = DIRECTION ( 'NONE',  ( 0.000000000000000000, 0.000000000000000000, -1.000000000000000000 ) ) ;
#2493 = PLANE ( 'NONE',  #1216 ) ;
#2494 = ORIENTED_EDGE ( 'NONE', *, *, #1074, .T. ) ;
#2495 = DIRECTION ( 'NONE',  ( 1.000000000000000000, 0.000000000000000000, 0.000000000000000000 ) ) ;
#2496 = CARTESIAN_POINT ( 'NONE',  ( 0.9725000000000003642, 0.4950000000000012168, -0.2500000000000000000 ) ) ;
#2497 = CARTESIAN_POINT ( 'NONE',  ( 1.000000000000000222, 0.02750000000000000361, 0.4724999999999995315 ) ) ;
#2498 = CARTESIAN_POINT ( 'NONE',  ( -0.8249999999999999556, 0.000000000000000000, -0.4000000000000000222 ) ) ;
#2499 = AXIS2_PLACEMENT_3D ( 'NONE', #1989, #2376, #3390 ) ;
#2500 = CARTESIAN_POINT ( 'NONE',  ( -0.1000000000000000472, 0.4950000000000009948, 0.2500000000000000000 ) ) ;
#2501 = PLANE ( 'NONE',  #5302 ) ;
#2502 = EDGE_CURVE ( 'NONE', #4170, #1517, #1470, .T. ) ;
#2503 = ORIENTED_EDGE ( 'NONE', *, *, #5144, .T. ) ;
#2504 = CARTESIAN_POINT ( 'NONE',  ( -0.1000000000000000472, -1.592040838891558417E-17, 0.5000000000000000000 ) ) ;
#2505 = FACE_OUTER_BOUND ( 'NONE', #4764, .T. ) ;
#2506 = VECTOR ( 'NONE', #4669, 1000.000000000000000 ) ;
#2507 = DIRECTION ( 'NONE',  ( -1.000000000000000000, 0.000000000000000000, -0.000000000000000000 ) ) ;
#2508 = ADVANCED_FACE ( 'NONE', ( #2370 ), #1054, .F. ) ;
#2509 = EDGE_CURVE ( 'NONE', #2765, #4238, #3857, .T. ) ;
#2510 = DIRECTION ( 'NONE',  ( 0.000000000000000000, 0.000000000000000000, 1.000000000000000000 ) ) ;
#2511 = CARTESIAN_POINT ( 'NONE',  ( 0.3999999999999999667, 0.5225000000000000755, -0.4000000000000000222 ) ) ;
#2512 = CARTESIAN_POINT ( 'NONE',  ( -0.6000000000000000888, 0.4950000000000009948, 0.4000000000000000777 ) ) ;
#2513 = VERTEX_POINT ( 'NONE', #4243 ) ;
#2514 = DIRECTION ( 'NONE',  ( -1.000000000000000000, 0.000000000000000000, 0.000000000000000000 ) ) ;
#2515 = DIRECTION ( 'NONE',  ( 0.000000000000000000, 0.000000000000000000, 1.000000000000000000 ) ) ;
#2516 = ORIENTED_EDGE ( 'NONE', *, *, #3020, .T. ) ;
#2517 = EDGE_CURVE ( 'NONE', #78, #5045, #2020, .T. ) ;
#2518 = DIRECTION ( 'NONE',  ( -1.000000000000000000, 0.000000000000000000, 0.000000000000000000 ) ) ;
#2519 = VERTEX_POINT ( 'NONE', #538 ) ;
#2520 = ADVANCED_FACE ( 'NONE', ( #5185 ), #986, .T. ) ;
#2521 = CARTESIAN_POINT ( 'NONE',  ( -0.3250000000000000666, 0.5225000000000000755, -0.2500000000000000000 ) ) ;
#2522 = ADVANCED_FACE ( 'NONE', ( #672 ), #5086, .F. ) ;
#2523 = CARTESIAN_POINT ( 'NONE',  ( 0.3999999999999999667, -1.592040838891558417E-17, 0.5000000000000000000 ) ) ;
#2524 = DIRECTION ( 'NONE',  ( -1.000000000000000000, 0.000000000000000000, 0.000000000000000000 ) ) ;
#2525 = FILL_AREA_STYLE_COLOUR ( '', #2178 ) ;
#2526 = DIRECTION ( 'NONE',  ( 1.000000000000000000, 0.000000000000000000, -0.000000000000000000 ) ) ;
#2527 = CARTESIAN_POINT ( 'NONE',  ( -0.8249999999999999556, 0.000000000000000000, -0.4000000000000000222 ) ) ;
#2528 = DIRECTION ( 'NONE',  ( -1.000000000000000000, -0.000000000000000000, -0.000000000000000000 ) ) ;
#2529 = ORIENTED_EDGE ( 'NONE', *, *, #2777, .F. ) ;
#2530 = DIRECTION ( 'NONE',  ( 0.000000000000000000, 0.000000000000000000, -1.000000000000000000 ) ) ;
#2531 = CARTESIAN_POINT ( 'NONE',  ( -0.6750000000000000444, 0.02750000000000000361, -0.2000000000000000666 ) ) ;
#2532 = VECTOR ( 'NONE', #5721, 1000.000000000000000 ) ;
#2533 = DIRECTION ( 'NONE',  ( 0.000000000000000000, 0.000000000000000000, -1.000000000000000000 ) ) ;
#2534 = FACE_OUTER_BOUND ( 'NONE', #2660, .T. ) ;
#2535 = LINE ( 'NONE', #2095, #2158 ) ;
#2536 = VECTOR ( 'NONE', #2610, 1000.000000000000000 ) ;
#2537 = DIRECTION ( 'NONE',  ( 1.000000000000000000, -0.000000000000000000, -0.000000000000000000 ) ) ;
#2538 = CARTESIAN_POINT ( 'NONE',  ( 0.9000000000000000222, 0.4950000000000009948, 0.4000000000000000777 ) ) ;
#2539 = DIRECTION ( 'NONE',  ( 0.000000000000000000, -1.000000000000000000, 0.000000000000000000 ) ) ;
#2540 =( GEOMETRIC_REPRESENTATION_CONTEXT ( 3 ) GLOBAL_UNCERTAINTY_ASSIGNED_CONTEXT ( ( #410 ) ) GLOBAL_UNIT_ASSIGNED_CONTEXT ( ( #1474, #3291, #4214 ) ) REPRESENTATION_CONTEXT ( 'NONE', 'WORKASPACE' ) );
#2541 = VECTOR ( 'NONE', #5303, 1000.000000000000000 ) ;
#2542 = ORIENTED_EDGE ( 'NONE', *, *, #23, .T. ) ;
#2543 = DIRECTION ( 'NONE',  ( 0.000000000000000000, 1.224646799147352961E-16, 1.000000000000000000 ) ) ;
#2544 = ADVANCED_FACE ( 'NONE', ( #2847 ), #607, .F. ) ;
#2545 = DIRECTION ( 'NONE',  ( 0.000000000000000000, -1.000000000000000000, 0.000000000000000000 ) ) ;
#2546 = AXIS2_PLACEMENT_3D ( 'NONE', #4388, #1226, #1707 ) ;
#2547 = DIRECTION ( 'NONE',  ( -0.000000000000000000, -0.000000000000000000, 1.000000000000000000 ) ) ;
#2548 = EDGE_CURVE ( 'NONE', #1792, #2887, #1569, .T. ) ;
#2549 = DIRECTION ( 'NONE',  ( 1.000000000000000000, 0.000000000000000000, -0.000000000000000000 ) ) ;
#2550 = DIRECTION ( 'NONE',  ( 0.000000000000000000, 0.000000000000000000, -1.000000000000000000 ) ) ;
#2551 = ORIENTED_EDGE ( 'NONE', *, *, #2309, .F. ) ;
#2552 = DIRECTION ( 'NONE',  ( -1.000000000000000000, -0.000000000000000000, -0.000000000000000000 ) ) ;
#2553 = DIRECTION ( 'NONE',  ( -0.000000000000000000, -1.000000000000000000, -0.000000000000000000 ) ) ;
#2554 = LINE ( 'NONE', #733, #2062 ) ;
#2555 = VECTOR ( 'NONE', #5051, 1000.000000000000000 ) ;
#2556 = PLANE ( 'NONE',  #5695 ) ;
#2557 = CARTESIAN_POINT ( 'NONE',  ( 0.9000000000000000222, 0.02750000000000000361, -0.2000000000000000666 ) ) ;
#2558 = LINE ( 'NONE', #432, #2807 ) ;
#2559 = PLANE ( 'NONE',  #3896 ) ;
#2560 = EDGE_CURVE ( 'NONE', #4816, #2634, #226, .T. ) ;
#2561 = ORIENTED_EDGE ( 'NONE', *, *, #1005, .T. ) ;
#2562 = VECTOR ( 'NONE', #3561, 1000.000000000000000 ) ;
#2563 = CARTESIAN_POINT ( 'NONE',  ( -0.3250000000000000666, 0.000000000000000000, 0.4000000000000000777 ) ) ;
#2564 = VERTEX_POINT ( 'NONE', #3516 ) ;
#2565 = VECTOR ( 'NONE', #1210, 1000.000000000000000 ) ;
#2566 = EDGE_CURVE ( 'NONE', #5732, #825, #1249, .T. ) ;
#2568 = ORIENTED_EDGE ( 'NONE', *, *, #3106, .F. ) ;
#2567 = DIRECTION ( 'NONE',  ( -1.000000000000000000, 0.000000000000000000, 0.000000000000000000 ) ) ;
#2569 = LINE ( 'NONE', #5217, #358 ) ;
#2570 = APPLICATION_PROTOCOL_DEFINITION ( 'draft international standard', 'automotive_design', 1998, #4748 ) ;
#2571 = EDGE_CURVE ( 'NONE', #3244, #514, #4359, .T. ) ;
#2572 = LINE ( 'NONE', #728, #1594 ) ;
#2573 = VERTEX_POINT ( 'NONE', #5320 ) ;
#2574 = AXIS2_PLACEMENT_3D ( 'NONE', #5220, #4436, #2549 ) ;
#2575 = CARTESIAN_POINT ( 'NONE',  ( 0.9000000000000000222, 0.02750000000000000361, 0.2000000000000000666 ) ) ;
#2576 = DIRECTION ( 'NONE',  ( 2.710505431213760592E-16, 0.000000000000000000, 1.000000000000000000 ) ) ;
#2577 = VECTOR ( 'NONE', #349, 1000.000000000000000 ) ;
#2578 = DIRECTION ( 'NONE',  ( -1.000000000000000000, 0.000000000000000000, 0.000000000000000000 ) ) ;
#2579 = ADVANCED_FACE ( 'NONE', ( #3417 ), #277, .F. ) ;
#2580 = CARTESIAN_POINT ( 'NONE',  ( -0.9725000000000004752, 0.5316666666666668428, -0.2816666666666667318 ) ) ;
#2581 = EDGE_CURVE ( 'NONE', #3228, #5367, #701, .T. ) ;
#2582 = ORIENTED_EDGE ( 'NONE', *, *, #2429, .F. ) ;
#2583 = FACE_OUTER_BOUND ( 'NONE', #137, .T. ) ;
#2584 = PLANE ( 'NONE',  #4372 ) ;
#2585 = EDGE_LOOP ( 'NONE', ( #1016, #100, #3312, #1432 ) ) ;
#2586 = CARTESIAN_POINT ( 'NONE',  ( 1.602515559965051795, 0.5500000000000001554, -0.2816666666666667318 ) ) ;
#2587 = EDGE_CURVE ( 'NONE', #5065, #3373, #251, .T. ) ;
#2588 = CARTESIAN_POINT ( 'NONE',  ( -0.1750000000000000167, 0.5225000000000000755, 0.2500000000000000000 ) ) ;
#2590 = ORIENTED_EDGE ( 'NONE', *, *, #5591, .F. ) ;
#2589 = PLANE ( 'NONE',  #588 ) ;
#2591 = EDGE_CURVE ( 'NONE', #86, #2513, #2569, .T. ) ;
#2592 = DIRECTION ( 'NONE',  ( -1.000000000000000000, 0.000000000000000000, 7.228014483236698528E-16 ) ) ;
#2593 = PRODUCT_CONTEXT ( 'NONE', #5030, 'mechanical' ) ;
#2594 = EDGE_CURVE ( 'NONE', #5869, #1362, #798, .T. ) ;
#2595 = VECTOR ( 'NONE', #4868, 1000.000000000000000 ) ;
#2596 = CARTESIAN_POINT ( 'NONE',  ( 0.1000000000000000472, 0.000000000000000000, -0.5000000000000002220 ) ) ;
#2597 = VECTOR ( 'NONE', #2455, 1000.000000000000000 ) ;
#2598 = CARTESIAN_POINT ( 'NONE',  ( -0.3999999999999999667, 0.000000000000000000, 0.000000000000000000 ) ) ;
#2599 = EDGE_LOOP ( 'NONE', ( #4607, #471, #543, #2661 ) ) ;
#2600 = EDGE_CURVE ( 'NONE', #1834, #4246, #1153, .T. ) ;
#2601 = ORIENTED_EDGE ( 'NONE', *, *, #5259, .F. ) ;
#2602 = ORIENTED_EDGE ( 'NONE', *, *, #122, .T. ) ;
#2603 = PLANE ( 'NONE',  #4974 ) ;
#2604 = ORIENTED_EDGE ( 'NONE', *, *, #2750, .T. ) ;
#2605 = CARTESIAN_POINT ( 'NONE',  ( 0.8249999999999999556, 0.02750000000000000361, -0.4000000000000002442 ) ) ;
#2606 = PLANE ( 'NONE',  #2105 ) ;
#2607 = LINE ( 'NONE', #4811, #4423 ) ;
#2608 = EDGE_CURVE ( 'NONE', #388, #3614, #4435, .T. ) ;
#2609 = ORIENTED_EDGE ( 'NONE', *, *, #2325, .F. ) ;
#2610 = DIRECTION ( 'NONE',  ( 0.000000000000000000, -1.000000000000000000, -1.971276677246373097E-15 ) ) ;
#2611 = ADVANCED_FACE ( 'NONE', ( #3467 ), #5265, .F. ) ;
#2612 = VECTOR ( 'NONE', #4285, 1000.000000000000000 ) ;
#2613 = CARTESIAN_POINT ( 'NONE',  ( -0.6000000000000000888, 0.02750000000000000361, 0.000000000000000000 ) ) ;
#2614 = VECTOR ( 'NONE', #3919, 1000.000000000000000 ) ;
#2615 = DIRECTION ( 'NONE',  ( -0.000000000000000000, 0.000000000000000000, -1.000000000000000000 ) ) ;
#2616 = ORIENTED_EDGE ( 'NONE', *, *, #4798, .F. ) ;
#2617 = CARTESIAN_POINT ( 'NONE',  ( 0.000000000000000000, 0.4950000000000001066, 0.3000000000000001554 ) ) ;
#2618 = ORIENTED_EDGE ( 'NONE', *, *, #2560, .F. ) ;
#2619 = DIRECTION ( 'NONE',  ( 0.000000000000000000, 1.000000000000000000, 0.000000000000000000 ) ) ;
#2621 = ORIENTED_EDGE ( 'NONE', *, *, #475, .T. ) ;
#2620 = CARTESIAN_POINT ( 'NONE',  ( 0.3999999999999999667, 0.4950000000000009948, -0.4000000000000000222 ) ) ;
#2622 = CARTESIAN_POINT ( 'NONE',  ( 0.1749999999999999611, 0.000000000000000000, -0.4000000000000000222 ) ) ;
#2623 = STYLED_ITEM ( 'NONE', ( #5392 ), #2046 ) ;
#2624 = DIRECTION ( 'NONE',  ( 0.000000000000000000, 0.000000000000000000, -1.000000000000000000 ) ) ;
#2625 = EDGE_CURVE ( 'NONE', #4429, #3634, #4800, .T. ) ;
#2626 = DIRECTION ( 'NONE',  ( 1.000000000000000000, -0.000000000000000000, 1.084202172485504064E-16 ) ) ;
#2627 = VERTEX_POINT ( 'NONE', #1625 ) ;
#2628 = VERTEX_POINT ( 'NONE', #1203 ) ;
#2629 = VERTEX_POINT ( 'NONE', #2190 ) ;
#2630 = CARTESIAN_POINT ( 'NONE',  ( -0.3999999999999999667, -1.592040838891558417E-17, 0.5000000000000000000 ) ) ;
#2631 = ORIENTED_EDGE ( 'NONE', *, *, #3106, .T. ) ;
#2632 = DIRECTION ( 'NONE',  ( -1.000000000000000000, 0.000000000000000000, -0.000000000000000000 ) ) ;
#2633 = FACE_OUTER_BOUND ( 'NONE', #1449, .T. ) ;
#2634 = VERTEX_POINT ( 'NONE', #3447 ) ;
#2635 = DIRECTION ( 'NONE',  ( 0.000000000000000000, 0.000000000000000000, -1.000000000000000000 ) ) ;
#2636 = DIRECTION ( 'NONE',  ( -2.710505431213758620E-16, 0.000000000000000000, -1.000000000000000000 ) ) ;
#2637 = LINE ( 'NONE', #906, #4454 ) ;
#2638 = PRESENTATION_LAYER_ASSIGNMENT (  '', '', ( #3884 ) ) ;
#2639 = VECTOR ( 'NONE', #4172, 1000.000000000000000 ) ;
#2640 = ADVANCED_FACE ( 'NONE', ( #3883 ), #3989, .F. ) ;
#2641 = ADVANCED_FACE ( 'NONE', ( #749 ), #2994, .F. ) ;
#2642 = CLOSED_SHELL ( 'NONE', ( #1645, #5152, #2544, #1512, #2015, #54, #2640, #935, #4299, #1789, #2641, #2508, #805, #5759, #1570, #3850, #1456, #2987 ) ) ;
#2643 = AXIS2_PLACEMENT_3D ( 'NONE', #5688, #4384, #302 ) ;
#2644 =( NAMED_UNIT ( * ) SI_UNIT ( $, .STERADIAN. ) SOLID_ANGLE_UNIT ( ) );
#2645 = ORIENTED_EDGE ( 'NONE', *, *, #5610, .F. ) ;
#2646 = CARTESIAN_POINT ( 'NONE',  ( 0.9725000000000002531, 0.5499999999999999334, 0.2816666666666667318 ) ) ;
#2647 = ORIENTED_EDGE ( 'NONE', *, *, #1094, .T. ) ;
#2648 = LINE ( 'NONE', #3598, #2652 ) ;
#2650 = VERTEX_POINT ( 'NONE', #1222 ) ;
#2649 = CARTESIAN_POINT ( 'NONE',  ( -0.6000000000000000888, 0.02750000000000000361, 0.3999999999999999112 ) ) ;
#2651 = ADVANCED_FACE ( 'NONE', ( #1671 ), #3492, .F. ) ;
#2652 = VECTOR ( 'NONE', #2619, 1000.000000000000000 ) ;
#2653 = LINE ( 'NONE', #4074, #3210 ) ;
#2654 = AXIS2_PLACEMENT_3D ( 'NONE', #979, #4204, #1361 ) ;
#2655 = DIRECTION ( 'NONE',  ( 0.000000000000000000, 1.000000000000000000, 0.000000000000000000 ) ) ;
#2656 = AXIS2_PLACEMENT_3D ( 'NONE', #5724, #5274, #1190 ) ;
#2657 = AXIS2_PLACEMENT_3D ( 'NONE', #933, #845, #1768 ) ;
#2658 = CARTESIAN_POINT ( 'NONE',  ( -1.000000000000000444, 0.02750000000000000361, -0.4724999999999993650 ) ) ;
#2659 = FACE_OUTER_BOUND ( 'NONE', #1495, .T. ) ;
#2660 = EDGE_LOOP ( 'NONE', ( #5206, #5801, #2680, #2668 ) ) ;
#2661 = ORIENTED_EDGE ( 'NONE', *, *, #1185, .F. ) ;
#2662 = EDGE_LOOP ( 'NONE', ( #4588, #1009, #5360, #1537, #4159, #570, #95, #2998 ) ) ;
#2663 = LINE ( 'NONE', #3966, #4033 ) ;
#2664 = VERTEX_POINT ( 'NONE', #4403 ) ;
#2665 = DIRECTION ( 'NONE',  ( 1.000000000000000000, 0.000000000000000000, 0.000000000000000000 ) ) ;
#2666 = ADVANCED_FACE ( 'NONE', ( #326 ), #2155, .F. ) ;
#2667 = CARTESIAN_POINT ( 'NONE',  ( 0.1749999999999999611, 0.5225000000000000755, -0.4000000000000000222 ) ) ;
#2668 = ORIENTED_EDGE ( 'NONE', *, *, #2941, .F. ) ;
#2669 = CARTESIAN_POINT ( 'NONE',  ( 0.3250000000000000111, 0.5225000000000000755, -0.2500000000000000000 ) ) ;
#2670 = COLOUR_RGB ( '',0.7921568627450980005, 0.8196078431372548767, 0.9333333333333333481 ) ;
#2671 = EDGE_CURVE ( 'NONE', #5869, #4410, #917, .T. ) ;
#2672 = CARTESIAN_POINT ( 'NONE',  ( 0.1000000000000000472, 0.4950000000000011058, -0.4724999999999995315 ) ) ;
#2673 = CARTESIAN_POINT ( 'NONE',  ( -0.1000000000000000472, 0.000000000000000000, 0.000000000000000000 ) ) ;
#2674 = VECTOR ( 'NONE', #3697, 1000.000000000000000 ) ;
#2675 = EDGE_CURVE ( 'NONE', #1227, #1944, #2773, .T. ) ;
#2676 = EDGE_CURVE ( 'NONE', #2664, #2223, #3541, .T. ) ;
#2677 = CARTESIAN_POINT ( 'NONE',  ( 0.4000000000000000777, 0.000000000000000000, 0.3000000000000001554 ) ) ;
#2678 = EDGE_CURVE ( 'NONE', #3904, #3715, #3219, .T. ) ;
#2679 = EDGE_CURVE ( 'NONE', #4112, #3249, #1755, .T. ) ;
#2680 = ORIENTED_EDGE ( 'NONE', *, *, #5816, .F. ) ;
#2681 = CARTESIAN_POINT ( 'NONE',  ( 1.000000000000000222, -3.673940397442076138E-18, -0.4000000000000002442 ) ) ;
#2682 = VERTEX_POINT ( 'NONE', #4017 ) ;
#2683 = LINE ( 'NONE', #4752, #5779 ) ;
#2685 = EDGE_LOOP ( 'NONE', ( #411, #1396, #1976, #625 ) ) ;
#2684 = CARTESIAN_POINT ( 'NONE',  ( 0.6000000000000000888, -1.592040838891558417E-17, 0.5000000000000000000 ) ) ;
#2686 = DIRECTION ( 'NONE',  ( 0.000000000000000000, 1.000000000000000000, -0.000000000000000000 ) ) ;
#2687 = EDGE_CURVE ( 'NONE', #1525, #1321, #5878, .T. ) ;
#2688 = DIRECTION ( 'NONE',  ( 0.000000000000000000, -1.224646799147352961E-16, 1.000000000000000000 ) ) ;
#2689 = EDGE_CURVE ( 'NONE', #3724, #5048, #3602, .T. ) ;
#2690 = DIRECTION ( 'NONE',  ( 0.000000000000000000, -1.000000000000000000, -1.971276677246373097E-15 ) ) ;
#2691 = PLANE ( 'NONE',  #1020 ) ;
#2692 = ORIENTED_EDGE ( 'NONE', *, *, #5579, .F. ) ;
#2693 = EDGE_LOOP ( 'NONE', ( #3443, #3848, #3818, #1000 ) ) ;
#2694 = ORIENTED_EDGE ( 'NONE', *, *, #3842, .T. ) ;
#2695 = DIRECTION ( 'NONE',  ( -0.000000000000000000, 0.000000000000000000, 1.000000000000000000 ) ) ;
#2696 = ORIENTED_EDGE ( 'NONE', *, *, #3122, .T. ) ;
#2697 = LINE ( 'NONE', #899, #1050 ) ;
#2698 = CARTESIAN_POINT ( 'NONE',  ( 0.3250000000000000111, 0.000000000000000000, 0.4000000000000000777 ) ) ;
#2699 = ORIENTED_EDGE ( 'NONE', *, *, #495, .T. ) ;
#2700 =( NAMED_UNIT ( * ) PLANE_ANGLE_UNIT ( ) SI_UNIT ( $, .RADIAN. ) );
#2701 = DIRECTION ( 'NONE',  ( 0.000000000000000000, -1.000000000000000000, 1.971276677246373097E-15 ) ) ;
#2702 = LINE ( 'NONE', #3653, #945 ) ;
#2703 = SURFACE_STYLE_USAGE ( .BOTH. , #3275 ) ;
#2704 = CARTESIAN_POINT ( 'NONE',  ( -1.000000000000000444, 0.02750000000000000361, 0.4000000000000001332 ) ) ;
#2705 = ORIENTED_EDGE ( 'NONE', *, *, #4609, .T. ) ;
#2706 = AXIS2_PLACEMENT_3D ( 'NONE', #1001, #2822, #109 ) ;
#2707 = ORIENTED_EDGE ( 'NONE', *, *, #2600, .T. ) ;
#2708 = LINE ( 'NONE', #1919, #189 ) ;
#2709 = ORIENTED_EDGE ( 'NONE', *, *, #478, .T. ) ;
#2710 = ORIENTED_EDGE ( 'NONE', *, *, #3538, .T. ) ;
#2711 = LINE ( 'NONE', #2301, #1302 ) ;
#2712 = DIRECTION ( 'NONE',  ( 0.000000000000000000, 1.000000000000000000, -1.971276677246373097E-15 ) ) ;
#2713 = CARTESIAN_POINT ( 'NONE',  ( -0.6750000000000000444, 0.000000000000000000, 0.4000000000000000777 ) ) ;
#2714 = FACE_OUTER_BOUND ( 'NONE', #1761, .T. ) ;
#2715 = VERTEX_POINT ( 'NONE', #502 ) ;
#2716 = VERTEX_POINT ( 'NONE', #1822 ) ;
#2717 = ORIENTED_EDGE ( 'NONE', *, *, #3699, .T. ) ;
#2718 = DIRECTION ( 'NONE',  ( -1.000000000000000000, 0.000000000000000000, -1.084202172485504064E-16 ) ) ;
#2719 = PRODUCT_DEFINITION_FORMATION_WITH_SPECIFIED_SOURCE ( 'ANY', '', #3166, .NOT_KNOWN. ) ;
#2720 = EDGE_LOOP ( 'NONE', ( #4957, #2784, #4556, #2798, #3628, #4877, #882, #3743 ) ) ;
#2721 = SURFACE_STYLE_FILL_AREA ( #4942 ) ;
#2722 = MECHANICAL_DESIGN_GEOMETRIC_PRESENTATION_REPRESENTATION (  '', ( #3772 ), #3871 ) ;
#2723 = DIRECTION ( 'NONE',  ( 0.000000000000000000, 0.000000000000000000, 1.000000000000000000 ) ) ;
#2724 = ORIENTED_EDGE ( 'NONE', *, *, #2399, .T. ) ;
#2725 = LINE ( 'NONE', #4972, #2930 ) ;
#2726 = CARTESIAN_POINT ( 'NONE',  ( -0.1000000000000000472, 0.02750000000000000361, 0.4724999999999995315 ) ) ;
#2727 = LINE ( 'NONE', #4502, #1907 ) ;
#2728 = ORIENTED_EDGE ( 'NONE', *, *, #994, .T. ) ;
#2729 = VECTOR ( 'NONE', #2006, 1000.000000000000000 ) ;
#2730 = VECTOR ( 'NONE', #3100, 1000.000000000000000 ) ;
#2731 = CARTESIAN_POINT ( 'NONE',  ( 0.6000000000000000888, 0.5225000000000000755, -0.5000000000000000000 ) ) ;
#2732 = ORIENTED_EDGE ( 'NONE', *, *, #4266, .F. ) ;
#2733 = ORIENTED_EDGE ( 'NONE', *, *, #5781, .T. ) ;
#2734 = AXIS2_PLACEMENT_3D ( 'NONE', #162, #2781, #4582 ) ;
#2735 = VECTOR ( 'NONE', #4306, 1000.000000000000000 ) ;
#2736 = DIRECTION ( 'NONE',  ( -0.000000000000000000, 1.000000000000000000, -0.000000000000000000 ) ) ;
#2737 = ORIENTED_EDGE ( 'NONE', *, *, #1624, .T. ) ;
#2738 = EDGE_CURVE ( 'NONE', #2400, #1493, #2330, .T. ) ;
#2739 = CARTESIAN_POINT ( 'NONE',  ( 0.1000000000000000472, 0.02750000000000018055, -0.4724999999999994760 ) ) ;
#2740 = ORIENTED_EDGE ( 'NONE', *, *, #4523, .T. ) ;
#2741 = LINE ( 'NONE', #3669, #4565 ) ;
#2742 = ADVANCED_FACE ( 'NONE', ( #1339 ), #4489, .F. ) ;
#2743 = EDGE_CURVE ( 'NONE', #403, #5622, #5795, .T. ) ;
#2744 = DIRECTION ( 'NONE',  ( 0.000000000000000000, 0.000000000000000000, -1.000000000000000000 ) ) ;
#2745 = PLANE ( 'NONE',  #5093 ) ;
#2746 = EDGE_LOOP ( 'NONE', ( #1108, #4038, #2926, #1055 ) ) ;
#2747 = ORIENTED_EDGE ( 'NONE', *, *, #999, .T. ) ;
#2748 = CARTESIAN_POINT ( 'NONE',  ( 0.9000000000000000222, 0.5225000000000000755, -0.5000000000000000000 ) ) ;
#2749 = VECTOR ( 'NONE', #1697, 1000.000000000000000 ) ;
#2750 = EDGE_CURVE ( 'NONE', #4642, #2198, #2653, .T. ) ;
#2751 = ORIENTED_EDGE ( 'NONE', *, *, #3637, .F. ) ;
#2752 = CARTESIAN_POINT ( 'NONE',  ( 0.6750000000000000444, 0.4950000000000009948, -0.2500000000000000000 ) ) ;
#2753 = VECTOR ( 'NONE', #790, 1000.000000000000000 ) ;
#2754 = AXIS2_PLACEMENT_3D ( 'NONE', #5113, #4300, #5207 ) ;
#2755 = ORIENTED_EDGE ( 'NONE', *, *, #3041, .T. ) ;
#2756 = VERTEX_POINT ( 'NONE', #2739 ) ;
#2757 = CARTESIAN_POINT ( 'NONE',  ( 0.4000000000000000777, 0.4950000000000001066, 0.000000000000000000 ) ) ;
#2758 = ORIENTED_EDGE ( 'NONE', *, *, #2066, .T. ) ;
#2759 = FILL_AREA_STYLE ('',( #941 ) ) ;
#2760 = LINE ( 'NONE', #4194, #5178 ) ;
#2761 = ADVANCED_FACE ( 'NONE', ( #2242 ), #1277, .F. ) ;
#2762 = CARTESIAN_POINT ( 'NONE',  ( 1.000000000000000222, 0.5225000000000000755, 0.5000000000000000000 ) ) ;
#2763 = EDGE_CURVE ( 'NONE', #3754, #1202, #5435, .T. ) ;
#2764 = EDGE_CURVE ( 'NONE', #2627, #2513, #2217, .T. ) ;
#2765 = VERTEX_POINT ( 'NONE', #5820 ) ;
#2766 = DIRECTION ( 'NONE',  ( -0.000000000000000000, 0.000000000000000000, 1.000000000000000000 ) ) ;
#2767 = AXIS2_PLACEMENT_3D ( 'NONE', #4985, #5375, #919 ) ;
#2768 = CARTESIAN_POINT ( 'NONE',  ( 0.1749999999999999611, 0.5225000000000000755, -0.2500000000000000000 ) ) ;
#2769 = ORIENTED_EDGE ( 'NONE', *, *, #648, .F. ) ;
#2770 = ORIENTED_EDGE ( 'NONE', *, *, #4592, .F. ) ;
#2771 = CARTESIAN_POINT ( 'NONE',  ( 1.000000000000000222, 2.707018309146649315, -0.4724999999999995315 ) ) ;
#2772 = ORIENTED_EDGE ( 'NONE', *, *, #5120, .F. ) ;
#2773 = LINE ( 'NONE', #1729, #4269 ) ;
#2774 = ORIENTED_EDGE ( 'NONE', *, *, #1367, .F. ) ;
#2775 = VECTOR ( 'NONE', #93, 1000.000000000000000 ) ;
#2776 = CARTESIAN_POINT ( 'NONE',  ( 1.000000000000000222, 2.707018309146649315, -0.4724999999999995315 ) ) ;
#2777 = EDGE_CURVE ( 'NONE', #3715, #3816, #2711, .T. ) ;
#2778 = DIRECTION ( 'NONE',  ( 0.000000000000000000, 0.000000000000000000, 1.000000000000000000 ) ) ;
#2779 = CARTESIAN_POINT ( 'NONE',  ( -1.000000000000000444, 0.4950000000000011058, 0.4724999999999995315 ) ) ;
#2780 = VERTEX_POINT ( 'NONE', #1366 ) ;
#2781 = DIRECTION ( 'NONE',  ( -0.000000000000000000, 0.000000000000000000, 1.000000000000000000 ) ) ;
#2782 = VERTEX_POINT ( 'NONE', #4111 ) ;
#2783 = CARTESIAN_POINT ( 'NONE',  ( -0.8249999999999999556, 0.02750000000000000361, 0.2000000000000000389 ) ) ;
#2784 = ORIENTED_EDGE ( 'NONE', *, *, #4612, .T. ) ;
#2785 = CARTESIAN_POINT ( 'NONE',  ( 0.3999999999999999667, 0.000000000000000000, -0.4000000000000000222 ) ) ;
#2786 = ORIENTED_EDGE ( 'NONE', *, *, #1882, .T. ) ;
#2787 = ADVANCED_FACE ( 'NONE', ( #443 ), #2274, .F. ) ;
#2788 = DIRECTION ( 'NONE',  ( -2.710505431213760592E-16, 0.000000000000000000, -1.000000000000000000 ) ) ;
#2789 = VERTEX_POINT ( 'NONE', #1851 ) ;
#2790 = FILL_AREA_STYLE_COLOUR ( '', #5665 ) ;
#2791 = ORIENTED_EDGE ( 'NONE', *, *, #5478, .T. ) ;
#2792 = LINE ( 'NONE', #876, #3388 ) ;
#2793 = DIRECTION ( 'NONE',  ( -1.000000000000000000, 0.000000000000000000, 2.710505431213760592E-16 ) ) ;
#2794 = DIRECTION ( 'NONE',  ( -0.000000000000000000, 0.000000000000000000, 1.000000000000000000 ) ) ;
#2795 = ADVANCED_FACE ( 'NONE', ( #1399 ), #3320, .F. ) ;
#2796 = DIRECTION ( 'NONE',  ( -0.000000000000000000, 0.000000000000000000, 1.000000000000000000 ) ) ;
#2797 = EDGE_CURVE ( 'NONE', #183, #664, #4208, .T. ) ;
#2798 = ORIENTED_EDGE ( 'NONE', *, *, #1276, .T. ) ;
#2799 = CARTESIAN_POINT ( 'NONE',  ( -0.3250000000000000666, 0.5225000000000000755, 0.4000000000000000777 ) ) ;
#2800 = DIRECTION ( 'NONE',  ( 1.000000000000000000, -0.000000000000000000, 1.084202172485503941E-16 ) ) ;
#2801 = ORIENTED_EDGE ( 'NONE', *, *, #1871, .T. ) ;
#2802 = EDGE_LOOP ( 'NONE', ( #1257, #5603, #947, #3293 ) ) ;
#2803 = DIRECTION ( 'NONE',  ( 0.000000000000000000, 1.224646799147352961E-16, 1.000000000000000000 ) ) ;
#2804 = VERTEX_POINT ( 'NONE', #5526 ) ;
#2805 = FACE_OUTER_BOUND ( 'NONE', #4620, .T. ) ;
#2806 = ORIENTED_EDGE ( 'NONE', *, *, #3858, .F. ) ;
#2807 = VECTOR ( 'NONE', #2701, 1000.000000000000000 ) ;
#2808 = LINE ( 'NONE', #5183, #2113 ) ;
#2809 = CARTESIAN_POINT ( 'NONE',  ( 0.1000000000000000472, 0.000000000000000000, 0.4000000000000000777 ) ) ;
#2810 = VECTOR ( 'NONE', #624, 1000.000000000000000 ) ;
#2811 = DIRECTION ( 'NONE',  ( -0.000000000000000000, 1.000000000000000000, -0.000000000000000000 ) ) ;
#2812 = ORIENTED_EDGE ( 'NONE', *, *, #2964, .F. ) ;
#2813 = CARTESIAN_POINT ( 'NONE',  ( -0.6000000000000000888, 0.4950000000000001066, 0.000000000000000000 ) ) ;
#2814 = ORIENTED_EDGE ( 'NONE', *, *, #3701, .T. ) ;
#2815 = DIRECTION ( 'NONE',  ( -1.000000000000000000, 0.000000000000000000, -7.228014483236698528E-16 ) ) ;
#2816 = ORIENTED_EDGE ( 'NONE', *, *, #1704, .T. ) ;
#2817 = CARTESIAN_POINT ( 'NONE',  ( 0.3250000000000000111, 0.4950000000000009948, -0.2500000000000000000 ) ) ;
#2818 = DIRECTION ( 'NONE',  ( -0.000000000000000000, 1.000000000000000000, -0.000000000000000000 ) ) ;
#2819 = ORIENTED_EDGE ( 'NONE', *, *, #1404, .F. ) ;
#2820 = ORIENTED_EDGE ( 'NONE', *, *, #1599, .T. ) ;
#2821 = COLOUR_RGB ( '',0.7921568627450980005, 0.8196078431372548767, 0.9333333333333333481 ) ;
#2822 = DIRECTION ( 'NONE',  ( 1.000000000000000000, 0.000000000000000000, 0.000000000000000000 ) ) ;
#2823 = PRESENTATION_LAYER_ASSIGNMENT (  '', '', ( #2623 ) ) ;
#2824 = CARTESIAN_POINT ( 'NONE',  ( 0.3999999999999999667, 0.02750000000000000361, -0.4000000000000000222 ) ) ;
#2825 = DIRECTION ( 'NONE',  ( 1.000000000000000000, 0.000000000000000000, 0.000000000000000000 ) ) ;
#2826 = VERTEX_POINT ( 'NONE', #53 ) ;
#2827 = EDGE_CURVE ( 'NONE', #4966, #1525, #3695, .T. ) ;
#2828 = CARTESIAN_POINT ( 'NONE',  ( -0.3250000000000000666, 0.02750000000000000361, 0.4000000000000000777 ) ) ;
#2829 = VECTOR ( 'NONE', #3996, 1000.000000000000000 ) ;
#2830 = DIRECTION ( 'NONE',  ( -1.000000000000000000, 0.000000000000000000, 0.000000000000000000 ) ) ;
#2831 = ORIENTED_EDGE ( 'NONE', *, *, #3381, .F. ) ;
#2832 = DIRECTION ( 'NONE',  ( -0.000000000000000000, -1.000000000000000000, -0.000000000000000000 ) ) ;
#2833 = CARTESIAN_POINT ( 'NONE',  ( -0.6000000000000000888, 0.5225000000000000755, 0.5000000000000000000 ) ) ;
#2834 = ORIENTED_EDGE ( 'NONE', *, *, #3306, .F. ) ;
#2835 = EDGE_CURVE ( 'NONE', #4008, #620, #3252, .T. ) ;
#2836 = ORIENTED_EDGE ( 'NONE', *, *, #3009, .F. ) ;
#2837 = ORIENTED_EDGE ( 'NONE', *, *, #1240, .T. ) ;
#2838 = CARTESIAN_POINT ( 'NONE',  ( -0.9725000000000004752, 0.5500000000000001554, -0.2816666666666667318 ) ) ;
#2839 = ORIENTED_EDGE ( 'NONE', *, *, #3826, .F. ) ;
#2840 = PLANE ( 'NONE',  #4440 ) ;
#2841 = ORIENTED_EDGE ( 'NONE', *, *, #5666, .T. ) ;
#2842 = CARTESIAN_POINT ( 'NONE',  ( -0.8249999999999999556, 0.5225000000000000755, 0.4000000000000000777 ) ) ;
#2843 = VECTOR ( 'NONE', #1523, 1000.000000000000000 ) ;
#2844 = VECTOR ( 'NONE', #5015, 1000.000000000000000 ) ;
#2845 = EDGE_CURVE ( 'NONE', #118, #1964, #5625, .T. ) ;
#2846 = LINE ( 'NONE', #2809, #1561 ) ;
#2847 = FACE_OUTER_BOUND ( 'NONE', #2302, .T. ) ;
#2848 = CARTESIAN_POINT ( 'NONE',  ( 0.1749999999999999611, 0.5225000000000000755, 0.4000000000000000777 ) ) ;
#2849 = EDGE_LOOP ( 'NONE', ( #5007, #5023, #1804, #5680, #56, #5414, #4676, #3642 ) ) ;
#2850 = ORIENTED_EDGE ( 'NONE', *, *, #4929, .F. ) ;
#2851 = CARTESIAN_POINT ( 'NONE',  ( -0.6000000000000000888, -1.592040838891558417E-17, -0.5000000000000000000 ) ) ;
#2852 = PLANE ( 'NONE',  #5691 ) ;
#2853 = ORIENTED_EDGE ( 'NONE', *, *, #1690, .F. ) ;
#2854 = DIRECTION ( 'NONE',  ( -1.000000000000000000, 0.000000000000000000, 0.000000000000000000 ) ) ;
#2855 = ORIENTED_EDGE ( 'NONE', *, *, #2141, .F. ) ;
#2856 = VECTOR ( 'NONE', #4981, 1000.000000000000000 ) ;
#2857 = CARTESIAN_POINT ( 'NONE',  ( 0.9725000000000002531, 0.5499999999999999334, 0.2816666666666667318 ) ) ;
#2858 = VECTOR ( 'NONE', #682, 1000.000000000000000 ) ;
#2859 = CARTESIAN_POINT ( 'NONE',  ( -0.1000000000000000472, 0.02750000000000000361, -0.4724999999999995315 ) ) ;
#2860 = VECTOR ( 'NONE', #2428, 1000.000000000000000 ) ;
#2861 = CARTESIAN_POINT ( 'NONE',  ( 0.000000000000000000, 0.4950000000000001066, 0.3000000000000001554 ) ) ;
#2862 = ADVANCED_FACE ( 'NONE', ( #4137 ), #1049, .F. ) ;
#2863 = AXIS2_PLACEMENT_3D ( 'NONE', #1865, #6, #3167 ) ;
#2864 = CARTESIAN_POINT ( 'NONE',  ( -0.1000000000000000472, 0.4950000000000009948, 0.3000000000000000444 ) ) ;
#2865 = STYLED_ITEM ( 'NONE', ( #2227 ), #3990 ) ;
#2866 = LINE ( 'NONE', #712, #1590 ) ;
#2867 = ORIENTED_EDGE ( 'NONE', *, *, #3231, .T. ) ;
#2868 = CARTESIAN_POINT ( 'NONE',  ( 0.1000000000000000472, 0.02750000000000000361, -0.4000000000000000222 ) ) ;
#2869 = EDGE_CURVE ( 'NONE', #1916, #3228, #5114, .T. ) ;
#2870 = CARTESIAN_POINT ( 'NONE',  ( 0.3999999999999999667, 0.02750000000000000361, 0.4724999999999995315 ) ) ;
#2871 = ORIENTED_EDGE ( 'NONE', *, *, #5654, .T. ) ;
#2872 = DIRECTION ( 'NONE',  ( 0.000000000000000000, 1.000000000000000000, 1.971276677246373097E-15 ) ) ;
#2873 = ADVANCED_FACE ( 'NONE', ( #4645 ), #1920, .F. ) ;
#2874 = DIRECTION ( 'NONE',  ( 0.000000000000000000, -1.000000000000000000, 0.000000000000000000 ) ) ;
#2875 = AXIS2_PLACEMENT_3D ( 'NONE', #4280, #5092, #197 ) ;
#2876 = VERTEX_POINT ( 'NONE', #5497 ) ;
#2877 = CARTESIAN_POINT ( 'NONE',  ( -0.1000000000000000472, 0.02750000000000018055, 0.4724999999999994760 ) ) ;
#2878 = VECTOR ( 'NONE', #3464, 1000.000000000000000 ) ;
#2879 = DIRECTION ( 'NONE',  ( -0.000000000000000000, -0.000000000000000000, -1.000000000000000000 ) ) ;
#2880 = CARTESIAN_POINT ( 'NONE',  ( 0.1000000000000000472, 0.000000000000000000, 0.000000000000000000 ) ) ;
#2881 = EDGE_CURVE ( 'NONE', #2425, #4378, #1564, .T. ) ;
#2882 = ORIENTED_EDGE ( 'NONE', *, *, #695, .T. ) ;
#2883 = ADVANCED_FACE ( 'NONE', ( #2805 ), #2840, .F. ) ;
#2884 = ORIENTED_EDGE ( 'NONE', *, *, #5374, .F. ) ;
#2885 = LINE ( 'NONE', #2851, #1057 ) ;
#2886 = LINE ( 'NONE', #586, #4545 ) ;
#2887 = VERTEX_POINT ( 'NONE', #124 ) ;
#2888 = PLANE ( 'NONE',  #4045 ) ;
#2889 = ORIENTED_EDGE ( 'NONE', *, *, #4413, .F. ) ;
#2890 = LINE ( 'NONE', #3865, #5266 ) ;
#2891 = LINE ( 'NONE', #1162, #673 ) ;
#2892 = LINE ( 'NONE', #4666, #5182 ) ;
#2893 = ORIENTED_EDGE ( 'NONE', *, *, #3109, .F. ) ;
#2894 = DIRECTION ( 'NONE',  ( 0.000000000000000000, -1.224646799147352961E-16, 1.000000000000000000 ) ) ;
#2895 = DIRECTION ( 'NONE',  ( 7.228014483236719235E-16, 0.000000000000000000, 1.000000000000000000 ) ) ;
#2896 = PLANE ( 'NONE',  #5358 ) ;
#2897 = ORIENTED_EDGE ( 'NONE', *, *, #1876, .F. ) ;
#2898 =( NAMED_UNIT ( * ) SI_UNIT ( $, .STERADIAN. ) SOLID_ANGLE_UNIT ( ) );
#2899 = VECTOR ( 'NONE', #1623, 1000.000000000000000 ) ;
#2900 = CARTESIAN_POINT ( 'NONE',  ( -1.000000000000000444, 0.5225000000000000755, -0.3999999999999999667 ) ) ;
#2901 = VERTEX_POINT ( 'NONE', #572 ) ;
#2902 = EDGE_CURVE ( 'NONE', #4709, #2444, #5560, .T. ) ;
#2903 = PLANE ( 'NONE',  #1156 ) ;
#2904 = CARTESIAN_POINT ( 'NONE',  ( 0.6000000000000000888, 0.000000000000000000, 0.4000000000000000777 ) ) ;
#2905 = ORIENTED_EDGE ( 'NONE', *, *, #4959, .T. ) ;
#2906 = DIRECTION ( 'NONE',  ( -2.710505431213760592E-16, 0.000000000000000000, -1.000000000000000000 ) ) ;
#2907 = LINE ( 'NONE', #5530, #1544 ) ;
#2908 = PLANE ( 'NONE',  #3203 ) ;
#2909 = LINE ( 'NONE', #961, #3691 ) ;
#2910 = LINE ( 'NONE', #1538, #3012 ) ;
#2911 = ORIENTED_EDGE ( 'NONE', *, *, #1621, .T. ) ;
#2912 = CARTESIAN_POINT ( 'NONE',  ( 0.3999999999999999667, 0.4950000000000011058, 0.4000000000000000777 ) ) ;
#2913 = EDGE_CURVE ( 'NONE', #1655, #5065, #5594, .T. ) ;
#2914 = VECTOR ( 'NONE', #3240, 1000.000000000000000 ) ;
#2915 = CARTESIAN_POINT ( 'NONE',  ( 1.000000000000000222, 0.4950000000000011058, 0.4724999999999995315 ) ) ;
#2916 = VERTEX_POINT ( 'NONE', #4678 ) ;
#2917 = PRESENTATION_STYLE_ASSIGNMENT (( #3835 ) ) ;
#2918 = EDGE_LOOP ( 'NONE', ( #2905, #4527, #2042, #5319, #4521, #2747, #4233, #1505 ) ) ;
#2919 = DIRECTION ( 'NONE',  ( 1.000000000000000000, -0.000000000000000000, -0.000000000000000000 ) ) ;
#2920 = LINE ( 'NONE', #5672, #3983 ) ;
#2921 = CARTESIAN_POINT ( 'NONE',  ( 0.6750000000000000444, 0.5225000000000000755, 0.5000000000000000000 ) ) ;
#2922 = ORIENTED_EDGE ( 'NONE', *, *, #2964, .T. ) ;
#2923 = CARTESIAN_POINT ( 'NONE',  ( 1.602515559965051795, 0.4950000000000011058, 0.2500000000000000000 ) ) ;
#2924 = CARTESIAN_POINT ( 'NONE',  ( 0.1749999999999999611, 0.5225000000000000755, -0.5000000000000000000 ) ) ;
#2925 = DIRECTION ( 'NONE',  ( -1.000000000000000000, 0.000000000000000000, -0.000000000000000000 ) ) ;
#2926 = ORIENTED_EDGE ( 'NONE', *, *, #200, .T. ) ;
#2927 = DIRECTION ( 'NONE',  ( 0.000000000000000000, 0.000000000000000000, -1.000000000000000000 ) ) ;
#2928 = CARTESIAN_POINT ( 'NONE',  ( 0.6000000000000001998, 0.02750000000000000361, 0.3000000000000001554 ) ) ;
#2929 = ORIENTED_EDGE ( 'NONE', *, *, #2988, .T. ) ;
#2930 = VECTOR ( 'NONE', #1353, 1000.000000000000000 ) ;
#2931 = CARTESIAN_POINT ( 'NONE',  ( -0.1000000000000000472, 2.081899558550501081E-17, -0.2000000000000000111 ) ) ;
#2932 = DIRECTION ( 'NONE',  ( -0.000000000000000000, -0.000000000000000000, 1.000000000000000000 ) ) ;
#2933 = ORIENTED_EDGE ( 'NONE', *, *, #1960, .T. ) ;
#2934 = PLANE ( 'NONE',  #1164 ) ;
#2935 = EDGE_CURVE ( 'NONE', #2634, #1610, #1498, .T. ) ;
#2936 = DIRECTION ( 'NONE',  ( 7.228014483236698528E-16, 0.000000000000000000, -1.000000000000000000 ) ) ;
#2937 = FACE_OUTER_BOUND ( 'NONE', #366, .T. ) ;
#2938 = VECTOR ( 'NONE', #3178, 1000.000000000000000 ) ;
#2939 = EDGE_CURVE ( 'NONE', #2112, #3962, #155, .T. ) ;
#2940 = VERTEX_POINT ( 'NONE', #4270 ) ;
#2941 = EDGE_CURVE ( 'NONE', #1540, #1902, #1530, .T. ) ;
#2942 = CARTESIAN_POINT ( 'NONE',  ( -0.1000000000000000472, 0.02750000000000000361, 0.4724999999999995315 ) ) ;
#2943 = LINE ( 'NONE', #4218, #1526 ) ;
#2944 = VECTOR ( 'NONE', #1950, 1000.000000000000000 ) ;
#2945 =( NAMED_UNIT ( * ) SI_UNIT ( $, .STERADIAN. ) SOLID_ANGLE_UNIT ( ) );
#2946 = ORIENTED_EDGE ( 'NONE', *, *, #4888, .T. ) ;
#2947 = EDGE_CURVE ( 'NONE', #3174, #1587, #5180, .T. ) ;
#2948 = CARTESIAN_POINT ( 'NONE',  ( 0.6000000000000000888, 0.000000000000000000, 0.4000000000000000777 ) ) ;
#2949 = CARTESIAN_POINT ( 'NONE',  ( 0.9725000000000002531, 0.5225000000000000755, 0.2500000000000000000 ) ) ;
#2950 = LINE ( 'NONE', #619, #5077 ) ;
#2951 = ORIENTED_EDGE ( 'NONE', *, *, #2581, .T. ) ;
#2952 = CARTESIAN_POINT ( 'NONE',  ( -0.6000000000000000888, 0.4950000000000011058, -0.4724999999999995315 ) ) ;
#2953 = VECTOR ( 'NONE', #51, 1000.000000000000000 ) ;
#2954 = LINE ( 'NONE', #3843, #2597 ) ;
#2955 = AXIS2_PLACEMENT_3D ( 'NONE', #4009, #854, #4396 ) ;
#2956 = CARTESIAN_POINT ( 'NONE',  ( 0.4000000000000000777, 0.000000000000000000, 0.3000000000000001554 ) ) ;
#2957 = ORIENTED_EDGE ( 'NONE', *, *, #2245, .F. ) ;
#2958 = PLANE ( 'NONE',  #3963 ) ;
#2959 = EDGE_CURVE ( 'NONE', #5527, #4051, #630, .T. ) ;
#2960 = CARTESIAN_POINT ( 'NONE',  ( -0.1000000000000000472, 2.081899558550501081E-17, 0.2000000000000000111 ) ) ;
#2961 = ORIENTED_EDGE ( 'NONE', *, *, #1454, .F. ) ;
#2962 = EDGE_CURVE ( 'NONE', #4234, #3050, #1589, .T. ) ;
#2963 = VECTOR ( 'NONE', #2788, 1000.000000000000000 ) ;
#2964 = EDGE_CURVE ( 'NONE', #4506, #690, #2968, .T. ) ;
#2965 = VECTOR ( 'NONE', #3056, 1000.000000000000000 ) ;
#2966 = LINE ( 'NONE', #2043, #3337 ) ;
#2967 = ORIENTED_EDGE ( 'NONE', *, *, #2939, .T. ) ;
#2968 = LINE ( 'NONE', #219, #1887 ) ;
#2969 = ORIENTED_EDGE ( 'NONE', *, *, #5069, .F. ) ;
#2970 = CARTESIAN_POINT ( 'NONE',  ( 0.1749999999999999611, 0.4950000000000009948, -0.4000000000000000222 ) ) ;
#2971 = FACE_OUTER_BOUND ( 'NONE', #5422, .T. ) ;
#2972 = DIRECTION ( 'NONE',  ( -1.000000000000000000, 0.000000000000000000, 0.000000000000000000 ) ) ;
#2973 = FACE_OUTER_BOUND ( 'NONE', #382, .T. ) ;
#2974 = SURFACE_STYLE_FILL_AREA ( #4308 ) ;
#2975 = AXIS2_PLACEMENT_3D ( 'NONE', #91, #3384, #670 ) ;
#2976 = PLANE ( 'NONE',  #4302 ) ;
#2977 = ORIENTED_EDGE ( 'NONE', *, *, #2935, .T. ) ;
#2978 = CARTESIAN_POINT ( 'NONE',  ( 0.6750000000000000444, 0.02750000000000000361, -0.2000000000000000389 ) ) ;
#2979 = LINE ( 'NONE', #5229, #3131 ) ;
#2980 = DIRECTION ( 'NONE',  ( 0.000000000000000000, 1.000000000000000000, -0.000000000000000000 ) ) ;
#2981 = LINE ( 'NONE', #1640, #3439 ) ;
#2982 = LINE ( 'NONE', #4699, #1494 ) ;
#2983 = CARTESIAN_POINT ( 'NONE',  ( 0.3999999999999999667, 0.02750000000000000361, -0.2000000000000000666 ) ) ;
#2984 = VERTEX_POINT ( 'NONE', #4770 ) ;
#2985 = FACE_OUTER_BOUND ( 'NONE', #427, .T. ) ;
#2986 = CARTESIAN_POINT ( 'NONE',  ( -0.6000000000000000888, 0.02750000000000018055, -0.4724999999999994205 ) ) ;
#2987 = ADVANCED_FACE ( 'NONE', ( #3412 ), #2493, .F. ) ;
#2988 = EDGE_CURVE ( 'NONE', #5580, #1183, #27, .T. ) ;
#2989 = DIRECTION ( 'NONE',  ( 0.000000000000000000, 1.000000000000000000, 0.000000000000000000 ) ) ;
#2990 = ORIENTED_EDGE ( 'NONE', *, *, #2881, .T. ) ;
#2991 = CARTESIAN_POINT ( 'NONE',  ( 0.6000000000000000888, 0.02750000000000000361, 0.4000000000000000777 ) ) ;
#2992 = ORIENTED_EDGE ( 'NONE', *, *, #4523, .F. ) ;
#2993 = CARTESIAN_POINT ( 'NONE',  ( 0.6750000000000000444, 0.000000000000000000, 0.4000000000000000777 ) ) ;
#2994 = PLANE ( 'NONE',  #1679 ) ;
#2995 = ITEM_DEFINED_TRANSFORMATION ( 'NONE', 'NONE', #5275,  #4343 ) ;
#2996 =( NAMED_UNIT ( * ) SI_UNIT ( $, .STERADIAN. ) SOLID_ANGLE_UNIT ( ) );
#2997 = CARTESIAN_POINT ( 'NONE',  ( -0.1000000000000000472, 0.5225000000000000755, 0.4000000000000000777 ) ) ;
#2998 = ORIENTED_EDGE ( 'NONE', *, *, #4792, .T. ) ;
#2999 = CARTESIAN_POINT ( 'NONE',  ( -0.6000000000000000888, 0.02750000000000000361, 0.4724999999999995315 ) ) ;
#3000 = DIRECTION ( 'NONE',  ( 0.000000000000000000, 1.000000000000000000, -1.971276677246373097E-15 ) ) ;
#3001 = VECTOR ( 'NONE', #2380, 1000.000000000000000 ) ;
#3002 = LINE ( 'NONE', #5254, #2614 ) ;
#3003 = EDGE_CURVE ( 'NONE', #1560, #2782, #1790, .T. ) ;
#3004 = CARTESIAN_POINT ( 'NONE',  ( 0.8250000000000001776, 0.000000000000000000, 0.3999999999999998557 ) ) ;
#3005 = DIRECTION ( 'NONE',  ( -1.000000000000000000, 0.000000000000000000, -0.000000000000000000 ) ) ;
#3006 = VECTOR ( 'NONE', #2451, 1000.000000000000000 ) ;
#3007 = CARTESIAN_POINT ( 'NONE',  ( 0.9000000000000000222, 0.02750000000000000361, 0.3999999999999999112 ) ) ;
#3008 = DIRECTION ( 'NONE',  ( 0.000000000000000000, 0.000000000000000000, 1.000000000000000000 ) ) ;
#3009 = EDGE_CURVE ( 'NONE', #1424, #783, #3995, .T. ) ;
#3010 = CARTESIAN_POINT ( 'NONE',  ( -0.6750000000000000444, 0.02750000000000000361, -0.4000000000000000222 ) ) ;
#3011 = EDGE_CURVE ( 'NONE', #729, #4982, #958, .T. ) ;
#3012 = VECTOR ( 'NONE', #609, 1000.000000000000000 ) ;
#3013 = VERTEX_POINT ( 'NONE', #4579 ) ;
#3014 = DIRECTION ( 'NONE',  ( -1.000000000000000000, 0.000000000000000000, 0.000000000000000000 ) ) ;
#3016 = ORIENTED_EDGE ( 'NONE', *, *, #3035, .T. ) ;
#3015 = DIRECTION ( 'NONE',  ( 0.000000000000000000, 0.000000000000000000, 1.000000000000000000 ) ) ;
#3017 = MECHANICAL_DESIGN_GEOMETRIC_PRESENTATION_REPRESENTATION (  '', ( #1873 ), #1118 ) ;
#3018 = DIRECTION ( 'NONE',  ( 0.000000000000000000, 0.000000000000000000, -1.000000000000000000 ) ) ;
#3019 = ADVANCED_FACE ( 'NONE', ( #2276 ), #1759, .F. ) ;
#3020 = EDGE_CURVE ( 'NONE', #3962, #2394, #5881, .T. ) ;
#3021 = CARTESIAN_POINT ( 'NONE',  ( 0.3999999999999999667, 0.02750000000000000361, -0.4000000000000000222 ) ) ;
#3022 = ORIENTED_EDGE ( 'NONE', *, *, #225, .F. ) ;
#3023 = MECHANICAL_DESIGN_GEOMETRIC_PRESENTATION_REPRESENTATION (  '', ( #4531 ), #5586 ) ;
#3024 = CARTESIAN_POINT ( 'NONE',  ( -0.3250000000000000666, 0.000000000000000000, 0.2000000000000000111 ) ) ;
#3025 = DIRECTION ( 'NONE',  ( -1.000000000000000000, 0.000000000000000000, -1.084202172485504064E-16 ) ) ;
#3026 =( GEOMETRIC_REPRESENTATION_CONTEXT ( 3 ) GLOBAL_UNCERTAINTY_ASSIGNED_CONTEXT ( ( #5785 ) ) GLOBAL_UNIT_ASSIGNED_CONTEXT ( ( #3245, #436, #1392 ) ) REPRESENTATION_CONTEXT ( 'NONE', 'WORKASPACE' ) );
#3027 = VECTOR ( 'NONE', #2362, 1000.000000000000000 ) ;
#3028 = CARTESIAN_POINT ( 'NONE',  ( -1.000000000000000444, 2.707018309146649315, 0.4724999999999993650 ) ) ;
#3029 = DIRECTION ( 'NONE',  ( -1.000000000000000000, 0.000000000000000000, -0.000000000000000000 ) ) ;
#3030 = ORIENTED_EDGE ( 'NONE', *, *, #4849, .F. ) ;
#3031 = CARTESIAN_POINT ( 'NONE',  ( -0.3999999999999999667, 0.000000000000000000, -0.5000000000000002220 ) ) ;
#3032 = EDGE_CURVE ( 'NONE', #1975, #1081, #448, .T. ) ;
#3033 = LINE ( 'NONE', #2174, #1318 ) ;
#3034 = ADVANCED_FACE ( 'NONE', ( #5438 ), #2195, .F. ) ;
#3035 = EDGE_CURVE ( 'NONE', #2444, #3904, #836, .T. ) ;
#3036 = VECTOR ( 'NONE', #5370, 1000.000000000000000 ) ;
#3037 = ORIENTED_EDGE ( 'NONE', *, *, #4785, .T. ) ;
#3038 = VECTOR ( 'NONE', #4165, 1000.000000000000000 ) ;
#3039 = PLANE ( 'NONE',  #861 ) ;
#3040 = VECTOR ( 'NONE', #4351, 1000.000000000000000 ) ;
#3041 = EDGE_CURVE ( 'NONE', #779, #3183, #4553, .T. ) ;
#3042 = CARTESIAN_POINT ( 'NONE',  ( -0.8249999999999999556, 0.02750000000000000361, -0.2000000000000000666 ) ) ;
#3044 = ORIENTED_EDGE ( 'NONE', *, *, #897, .T. ) ;
#3043 = CARTESIAN_POINT ( 'NONE',  ( -0.3999999999999999667, 0.4950000000000009948, -0.2500000000000000000 ) ) ;
#3045 = CARTESIAN_POINT ( 'NONE',  ( -0.3250000000000000666, 0.000000000000000000, 0.4000000000000000777 ) ) ;
#3046 = PLANE ( 'NONE',  #3053 ) ;
#3047 = ADVANCED_FACE ( 'NONE', ( #5797 ), #5348, .F. ) ;
#3048 = ADVANCED_FACE ( 'NONE', ( #1280 ), #4049, .F. ) ;
#3049 = CARTESIAN_POINT ( 'NONE',  ( -1.000000000000000444, -1.592040838891558726E-17, -0.5000000000000000000 ) ) ;
#3050 = VERTEX_POINT ( 'NONE', #3135 ) ;
#3051 = EDGE_CURVE ( 'NONE', #3146, #3801, #2246, .T. ) ;
#3052 = VERTEX_POINT ( 'NONE', #2658 ) ;
#3053 = AXIS2_PLACEMENT_3D ( 'NONE', #2596, #304, #704 ) ;
#3054 = CARTESIAN_POINT ( 'NONE',  ( 0.3250000000000000111, 0.02750000000000000361, 0.4724999999999995315 ) ) ;
#3055 = ORIENTED_EDGE ( 'NONE', *, *, #4870, .T. ) ;
#3056 = DIRECTION ( 'NONE',  ( -1.000000000000000000, 0.000000000000000000, 1.084202172485503941E-16 ) ) ;
#3057 = VECTOR ( 'NONE', #4459, 1000.000000000000000 ) ;
#3058 = CARTESIAN_POINT ( 'NONE',  ( -0.6000000000000000888, 0.4950000000000011058, -0.4724999999999995315 ) ) ;
#3059 = CARTESIAN_POINT ( 'NONE',  ( 0.1749999999999999611, 0.000000000000000000, 0.2000000000000000111 ) ) ;
#3060 = ORIENTED_EDGE ( 'NONE', *, *, #2509, .F. ) ;
#3061 = PLANE ( 'NONE',  #2058 ) ;
#3062 = VECTOR ( 'NONE', #1469, 1000.000000000000000 ) ;
#3063 = CARTESIAN_POINT ( 'NONE',  ( 0.3999999999999999667, 0.4950000000000011058, -0.4724999999999995315 ) ) ;
#3064 = UNCERTAINTY_MEASURE_WITH_UNIT (LENGTH_MEASURE( 1.000000000000000082E-05 ), #168, 'distance_accuracy_value', 'NONE');
#3065 = PRESENTATION_STYLE_ASSIGNMENT (( #3979 ) ) ;
#3066 = EDGE_CURVE ( 'NONE', #1464, #5772, #4020, .T. ) ;
#3067 = ORIENTED_EDGE ( 'NONE', *, *, #5529, .T. ) ;
#3068 = CARTESIAN_POINT ( 'NONE',  ( -0.3999999999999998557, 0.02750000000000000361, 0.000000000000000000 ) ) ;
#3069 = FACE_OUTER_BOUND ( 'NONE', #2746, .T. ) ;
#3071 = ORIENTED_EDGE ( 'NONE', *, *, #999, .F. ) ;
#3070 = PLANE ( 'NONE',  #1083 ) ;
#3072 = CARTESIAN_POINT ( 'NONE',  ( 1.000000000000000222, 2.707018309146649315, -0.4724999999999995315 ) ) ;
#3073 = DIRECTION ( 'NONE',  ( -1.000000000000000000, 0.000000000000000000, 0.000000000000000000 ) ) ;
#3074 = ORIENTED_EDGE ( 'NONE', *, *, #1928, .F. ) ;
#3075 = ORIENTED_EDGE ( 'NONE', *, *, #3621, .F. ) ;
#3076 = LINE ( 'NONE', #1656, #5825 ) ;
#3077 = ADVANCED_FACE ( 'NONE', ( #867 ), #5851, .F. ) ;
#3078 = VERTEX_POINT ( 'NONE', #4491 ) ;
#3079 = LINE ( 'NONE', #5722, #2109 ) ;
#3080 = DIRECTION ( 'NONE',  ( 0.000000000000000000, -1.000000000000000000, 0.000000000000000000 ) ) ;
#3081 = ORIENTED_EDGE ( 'NONE', *, *, #5249, .T. ) ;
#3082 = DIRECTION ( 'NONE',  ( -1.000000000000000000, 0.000000000000000000, 0.000000000000000000 ) ) ;
#3083 = DIRECTION ( 'NONE',  ( 0.000000000000000000, -1.000000000000000000, 0.000000000000000000 ) ) ;
#3084 = VECTOR ( 'NONE', #3302, 1000.000000000000000 ) ;
#3085 = CARTESIAN_POINT ( 'NONE',  ( 0.9725000000000003642, 0.4950000000000011058, 0.2500000000000000000 ) ) ;
#3086 = VECTOR ( 'NONE', #689, 1000.000000000000000 ) ;
#3087 = DIRECTION ( 'NONE',  ( -1.000000000000000000, 0.000000000000000000, -1.084202172485504064E-16 ) ) ;
#3088 = ORIENTED_EDGE ( 'NONE', *, *, #1701, .T. ) ;
#3089 = LINE ( 'NONE', #1909, #4098 ) ;
#3090 = ORIENTED_EDGE ( 'NONE', *, *, #3726, .T. ) ;
#3091 = CARTESIAN_POINT ( 'NONE',  ( -0.3250000000000000666, 0.000000000000000000, -0.4000000000000000222 ) ) ;
#3093 = ORIENTED_EDGE ( 'NONE', *, *, #677, .F. ) ;
#3092 = LINE ( 'NONE', #415, #5195 ) ;
#3094 = ORIENTED_EDGE ( 'NONE', *, *, #3828, .F. ) ;
#3095 = CARTESIAN_POINT ( 'NONE',  ( 0.1749999999999999611, 0.000000000000000000, -0.4000000000000000222 ) ) ;
#3096 = VECTOR ( 'NONE', #1416, 1000.000000000000000 ) ;
#3097 = EDGE_CURVE ( 'NONE', #5095, #134, #419, .T. ) ;
#3098 = CARTESIAN_POINT ( 'NONE',  ( -0.8249999999999999556, 0.000000000000000000, -0.4000000000000000222 ) ) ;
#3099 = VECTOR ( 'NONE', #1889, 1000.000000000000000 ) ;
#3100 = DIRECTION ( 'NONE',  ( -1.000000000000000000, -0.000000000000000000, 0.000000000000000000 ) ) ;
#3101 = CARTESIAN_POINT ( 'NONE',  ( -1.000000000000000444, 0.02749999999999996197, 0.4724999999999995315 ) ) ;
#3102 = ORIENTED_EDGE ( 'NONE', *, *, #4679, .F. ) ;
#3103 = ORIENTED_EDGE ( 'NONE', *, *, #800, .F. ) ;
#3104 = EDGE_CURVE ( 'NONE', #4831, #4441, #1405, .T. ) ;
#3105 = LINE ( 'NONE', #841, #5651 ) ;
#3106 = EDGE_CURVE ( 'NONE', #5238, #1400, #1011, .T. ) ;
#3107 = EDGE_LOOP ( 'NONE', ( #2135, #5188, #1044, #2199, #4723, #4438, #3749, #5385 ) ) ;
#3108 = LINE ( 'NONE', #4391, #573 ) ;
#3109 = EDGE_CURVE ( 'NONE', #4246, #1762, #4068, .T. ) ;
#3110 = CARTESIAN_POINT ( 'NONE',  ( 0.8250000000000001776, 0.000000000000000000, 0.3999999999999998557 ) ) ;
#3111 = ORIENTED_EDGE ( 'NONE', *, *, #557, .F. ) ;
#3112 = EDGE_CURVE ( 'NONE', #4897, #5115, #15, .T. ) ;
#3113 = CARTESIAN_POINT ( 'NONE',  ( -0.6750000000000000444, 0.4950000000000009948, -0.2500000000000000000 ) ) ;
#3114 = FACE_OUTER_BOUND ( 'NONE', #1466, .T. ) ;
#3115 = ORIENTED_EDGE ( 'NONE', *, *, #1390, .T. ) ;
#3116 = LINE ( 'NONE', #5363, #5493 ) ;
#3117 = VECTOR ( 'NONE', #5585, 1000.000000000000000 ) ;
#3118 = VECTOR ( 'NONE', #1844, 1000.000000000000000 ) ;
#3119 = EDGE_CURVE ( 'NONE', #2112, #4378, #1426, .T. ) ;
#3120 = DIRECTION ( 'NONE',  ( -1.000000000000000000, 0.000000000000000000, 0.000000000000000000 ) ) ;
#3121 = EDGE_CURVE ( 'NONE', #1508, #3951, #3753, .T. ) ;
#3122 = EDGE_CURVE ( 'NONE', #5025, #403, #3630, .T. ) ;
#3123 = VERTEX_POINT ( 'NONE', #2358 ) ;
#3124 = CARTESIAN_POINT ( 'NONE',  ( 0.3999999999999999667, 0.02750000000000000361, 0.2000000000000000666 ) ) ;
#3125 = ORIENTED_EDGE ( 'NONE', *, *, #1754, .F. ) ;
#3126 = LINE ( 'NONE', #771, #1315 ) ;
#3128 = ORIENTED_EDGE ( 'NONE', *, *, #12, .T. ) ;
#3127 = CARTESIAN_POINT ( 'NONE',  ( -0.6000000000000000888, 0.000000000000000000, -0.3000000000000000444 ) ) ;
#3129 = VECTOR ( 'NONE', #4461, 1000.000000000000000 ) ;
#3130 = DIRECTION ( 'NONE',  ( -1.000000000000000000, 0.000000000000000000, -0.000000000000000000 ) ) ;
#3131 = VECTOR ( 'NONE', #5611, 1000.000000000000000 ) ;
#3132 = DIRECTION ( 'NONE',  ( 0.000000000000000000, -0.000000000000000000, 1.000000000000000000 ) ) ;
#3133 = AXIS2_PLACEMENT_3D ( 'NONE', #5235, #3436, #4791 ) ;
#3134 = AXIS2_PLACEMENT_3D ( 'NONE', #3891, #4881, #2576 ) ;
#3135 = CARTESIAN_POINT ( 'NONE',  ( -0.9725000000000004752, 0.5225000000000000755, 0.3000000000000000444 ) ) ;
#3136 = LINE ( 'NONE', #4492, #181 ) ;
#3137 = ORIENTED_EDGE ( 'NONE', *, *, #2600, .F. ) ;
#3138 = ORIENTED_EDGE ( 'NONE', *, *, #3686, .F. ) ;
#3139 = VERTEX_POINT ( 'NONE', #4105 ) ;
#3140 = CARTESIAN_POINT ( 'NONE',  ( 1.602515559965051795, 0.5225000000000001865, -0.3000000000000000444 ) ) ;
#3141 = EDGE_LOOP ( 'NONE', ( #5751, #1925, #4604, #1547 ) ) ;
#3142 = CARTESIAN_POINT ( 'NONE',  ( 0.6000000000000000888, 0.4950000000000001066, 0.000000000000000000 ) ) ;
#3143 = FACE_OUTER_BOUND ( 'NONE', #1904, .T. ) ;
#3144 = ORIENTED_EDGE ( 'NONE', *, *, #1370, .F. ) ;
#3145 = CARTESIAN_POINT ( 'NONE',  ( -1.000000000000000444, 0.5225000000000000755, 0.4000000000000001332 ) ) ;
#3146 = VERTEX_POINT ( 'NONE', #5046 ) ;
#3147 = LINE ( 'NONE', #1386, #4832 ) ;
#3148 = AXIS2_PLACEMENT_3D ( 'NONE', #4329, #3490, #747 ) ;
#3149 = VECTOR ( 'NONE', #3014, 1000.000000000000000 ) ;
#3150 = ORIENTED_EDGE ( 'NONE', *, *, #5041, .F. ) ;
#3151 = ADVANCED_FACE ( 'NONE', ( #4954 ), #5552, .F. ) ;
#3152 = ORIENTED_EDGE ( 'NONE', *, *, #3382, .T. ) ;
#3153 = LINE ( 'NONE', #3280, #2953 ) ;
#3154 = ORIENTED_EDGE ( 'NONE', *, *, #4516, .F. ) ;
#3155 = ORIENTED_EDGE ( 'NONE', *, *, #536, .F. ) ;
#3156 = DIRECTION ( 'NONE',  ( -1.000000000000000000, 0.000000000000000000, 1.084202172485504064E-16 ) ) ;
#3157 = PLANE ( 'NONE',  #1434 ) ;
#3158 = CARTESIAN_POINT ( 'NONE',  ( 0.8249999999999999556, 0.000000000000000000, -0.4000000000000002442 ) ) ;
#3159 = FACE_OUTER_BOUND ( 'NONE', #4167, .T. ) ;
#3160 = ORIENTED_EDGE ( 'NONE', *, *, #249, .F. ) ;
#3161 = ORIENTED_EDGE ( 'NONE', *, *, #2581, .F. ) ;
#3162 = ORIENTED_EDGE ( 'NONE', *, *, #3473, .F. ) ;
#3163 = FACE_OUTER_BOUND ( 'NONE', #3723, .T. ) ;
#3164 = VERTEX_POINT ( 'NONE', #1393 ) ;
#3165 = CARTESIAN_POINT ( 'NONE',  ( -0.9725000000000004752, 0.5225000000000001865, -0.3000000000000000444 ) ) ;
#3166 = PRODUCT ( 'Resistor_Array_YC_AF_xxx_YC124-FR-0759RL', 'Resistor_Array_YC_AF_xxx_YC124-FR-0759RL', '', ( #356 ) ) ;
#3167 = DIRECTION ( 'NONE',  ( 0.000000000000000000, -1.224646799147352961E-16, -1.000000000000000000 ) ) ;
#3168 = ORIENTED_EDGE ( 'NONE', *, *, #4838, .F. ) ;
#3169 = DIRECTION ( 'NONE',  ( 1.000000000000000000, 0.000000000000000000, 0.000000000000000000 ) ) ;
#3170 = DIRECTION ( 'NONE',  ( 0.000000000000000000, 1.000000000000000000, 0.000000000000000000 ) ) ;
#3171 = ORIENTED_EDGE ( 'NONE', *, *, #5816, .T. ) ;
#3172 = FACE_OUTER_BOUND ( 'NONE', #5011, .T. ) ;
#3173 = EDGE_CURVE ( 'NONE', #5476, #388, #4505, .T. ) ;
#3174 = VERTEX_POINT ( 'NONE', #2294 ) ;
#3175 = PLANE ( 'NONE',  #4904 ) ;
#3176 = EDGE_CURVE ( 'NONE', #4982, #5828, #5458, .T. ) ;
#3177 = EDGE_CURVE ( 'NONE', #5884, #550, #949, .T. ) ;
#3178 = DIRECTION ( 'NONE',  ( -1.000000000000000000, -0.000000000000000000, 0.000000000000000000 ) ) ;
#3179 = EDGE_LOOP ( 'NONE', ( #30, #5203, #1021, #4529 ) ) ;
#3180 = VECTOR ( 'NONE', #5002, 1000.000000000000000 ) ;
#3181 = ORIENTED_EDGE ( 'NONE', *, *, #2256, .F. ) ;
#3182 = DIRECTION ( 'NONE',  ( -0.000000000000000000, 1.000000000000000000, -0.000000000000000000 ) ) ;
#3183 = VERTEX_POINT ( 'NONE', #881 ) ;
#3184 = VERTEX_POINT ( 'NONE', #2704 ) ;
#3185 = CARTESIAN_POINT ( 'NONE',  ( 0.9000000000000000222, 0.4950000000000009948, 0.2500000000000000000 ) ) ;
#3186 = ORIENTED_EDGE ( 'NONE', *, *, #3666, .T. ) ;
#3187 = FACE_OUTER_BOUND ( 'NONE', #5169, .T. ) ;
#3188 = DIRECTION ( 'NONE',  ( -0.000000000000000000, -0.000000000000000000, -1.000000000000000000 ) ) ;
#3189 = LINE ( 'NONE', #5470, #643 ) ;
#3190 = VERTEX_POINT ( 'NONE', #2768 ) ;
#3191 = VERTEX_POINT ( 'NONE', #2267 ) ;
#3192 = DIRECTION ( 'NONE',  ( -1.000000000000000000, 0.000000000000000000, -0.000000000000000000 ) ) ;
#3193 = EDGE_CURVE ( 'NONE', #620, #1380, #1492, .T. ) ;
#3194 = AXIS2_PLACEMENT_3D ( 'NONE', #3794, #3764, #5602 ) ;
#3195 = VERTEX_POINT ( 'NONE', #5872 ) ;
#3196 = ADVANCED_FACE ( 'NONE', ( #2392 ), #498, .F. ) ;
#3197 = VECTOR ( 'NONE', #850, 1000.000000000000000 ) ;
#3198 = ORIENTED_EDGE ( 'NONE', *, *, #4706, .T. ) ;
#3199 = ORIENTED_EDGE ( 'NONE', *, *, #1264, .F. ) ;
#3200 = DIRECTION ( 'NONE',  ( -1.000000000000000000, 0.000000000000000000, 0.000000000000000000 ) ) ;
#3201 = ORIENTED_EDGE ( 'NONE', *, *, #5388, .T. ) ;
#3202 = SURFACE_STYLE_FILL_AREA ( #1384 ) ;
#3203 = AXIS2_PLACEMENT_3D ( 'NONE', #5599, #5565, #5531 ) ;
#3204 = CARTESIAN_POINT ( 'NONE',  ( 0.6000000000000001998, 0.4950000000000002176, 0.4724999999999995315 ) ) ;
#3205 = ORIENTED_EDGE ( 'NONE', *, *, #3553, .F. ) ;
#3206 = LINE ( 'NONE', #2762, #5782 ) ;
#3207 = ORIENTED_EDGE ( 'NONE', *, *, #76, .T. ) ;
#3208 = LINE ( 'NONE', #467, #67 ) ;
#3209 = ADVANCED_FACE ( 'NONE', ( #4572 ), #909, .F. ) ;
#3210 = VECTOR ( 'NONE', #3156, 1000.000000000000000 ) ;
#3211 = DIRECTION ( 'NONE',  ( 0.000000000000000000, -0.000000000000000000, -1.000000000000000000 ) ) ;
#3212 = VERTEX_POINT ( 'NONE', #4540 ) ;
#3213 = EDGE_CURVE ( 'NONE', #5173, #3951, #468, .T. ) ;
#3214 = EDGE_LOOP ( 'NONE', ( #3756, #3985, #4601, #2315 ) ) ;
#3215 = CLOSED_SHELL ( 'NONE', ( #5218, #1681, #5542, #1168, #3209, #2787, #4694, #3151, #3651, #1629, #3047, #4507, #2165, #47, #742, #3544, #2434, #3298 ) ) ;
#3216 = VECTOR ( 'NONE', #4467, 1000.000000000000000 ) ;
#3217 = PLANE ( 'NONE',  #365 ) ;
#3218 = VERTEX_POINT ( 'NONE', #2323 ) ;
#3219 = LINE ( 'NONE', #5373, #1782 ) ;
#3220 = VERTEX_POINT ( 'NONE', #3276 ) ;
#3221 =( REPRESENTATION_RELATIONSHIP ('NONE','NONE', #3440, #1595 ) REPRESENTATION_RELATIONSHIP_WITH_TRANSFORMATION ( #2995 )SHAPE_REPRESENTATION_RELATIONSHIP( ) );
#3223 = ADVANCED_FACE ( 'NONE', ( #117 ), #242, .F. ) ;
#3222 = FACE_OUTER_BOUND ( 'NONE', #4109, .T. ) ;
#3224 = CARTESIAN_POINT ( 'NONE',  ( 0.9000000000000000222, 0.5225000000000000755, -0.2500000000000000000 ) ) ;
#3225 = DIRECTION ( 'NONE',  ( 0.000000000000000000, 0.000000000000000000, -1.000000000000000000 ) ) ;
#3226 = ORIENTED_EDGE ( 'NONE', *, *, #5725, .T. ) ;
#3227 = VERTEX_POINT ( 'NONE', #5110 ) ;
#3228 = VERTEX_POINT ( 'NONE', #2097 ) ;
#3229 = DIRECTION ( 'NONE',  ( 0.000000000000000000, -1.000000000000000000, 0.000000000000000000 ) ) ;
#3230 = VECTOR ( 'NONE', #440, 1000.000000000000000 ) ;
#3231 = EDGE_CURVE ( 'NONE', #3641, #2628, #2067, .T. ) ;
#3232 = ORIENTED_EDGE ( 'NONE', *, *, #4163, .T. ) ;
#3233 = FACE_OUTER_BOUND ( 'NONE', #4908, .T. ) ;
#3234 = AXIS2_PLACEMENT_3D ( 'NONE', #1602, #5167, #1067 ) ;
#3235 = EDGE_CURVE ( 'NONE', #1081, #5353, #1613, .T. ) ;
#3236 = AXIS2_PLACEMENT_3D ( 'NONE', #245, #2989, #4768 ) ;
#3237 = DIRECTION ( 'NONE',  ( 1.000000000000000000, -0.000000000000000000, 0.000000000000000000 ) ) ;
#3238 = EDGE_LOOP ( 'NONE', ( #1979, #895, #2601, #3568 ) ) ;
#3239 = ORIENTED_EDGE ( 'NONE', *, *, #1563, .F. ) ;
#3240 = DIRECTION ( 'NONE',  ( -1.000000000000000000, 0.000000000000000000, -7.228014483236698528E-16 ) ) ;
#3241 = CARTESIAN_POINT ( 'NONE',  ( 0.3999999999999999667, -1.592040838891558417E-17, -0.5000000000000000000 ) ) ;
#3242 = CARTESIAN_POINT ( 'NONE',  ( -0.6000000000000000888, 0.4950000000000001066, -0.4724999999999995315 ) ) ;
#3243 = DIRECTION ( 'NONE',  ( -1.000000000000000000, 0.000000000000000000, 7.228014483236719235E-16 ) ) ;
#3244 = VERTEX_POINT ( 'NONE', #627 ) ;
#3245 =( LENGTH_UNIT ( ) NAMED_UNIT ( * ) SI_UNIT ( .MILLI., .METRE. ) );
#3246 = VECTOR ( 'NONE', #4719, 1000.000000000000000 ) ;
#3247 = DIRECTION ( 'NONE',  ( 0.000000000000000000, 0.000000000000000000, -1.000000000000000000 ) ) ;
#3248 = ORIENTED_EDGE ( 'NONE', *, *, #4548, .F. ) ;
#3249 = VERTEX_POINT ( 'NONE', #3898 ) ;
#3250 = DIRECTION ( 'NONE',  ( -0.000000000000000000, -0.000000000000000000, 1.000000000000000000 ) ) ;
#3251 = ORIENTED_EDGE ( 'NONE', *, *, #725, .T. ) ;
#3252 = LINE ( 'NONE', #2397, #5483 ) ;
#3253 = VERTEX_POINT ( 'NONE', #3781 ) ;
#3254 = VECTOR ( 'NONE', #2879, 1000.000000000000000 ) ;
#3255 = CARTESIAN_POINT ( 'NONE',  ( -1.000000000000000444, 0.5225000000000000755, 0.4000000000000001332 ) ) ;
#3256 = CARTESIAN_POINT ( 'NONE',  ( -0.1750000000000000167, 0.5225000000000000755, 0.4000000000000000777 ) ) ;
#3257 = DIRECTION ( 'NONE',  ( 1.000000000000000000, 0.000000000000000000, 0.000000000000000000 ) ) ;
#3258 = VERTEX_POINT ( 'NONE', #5145 ) ;
#3259 = CARTESIAN_POINT ( 'NONE',  ( 0.9000000000000000222, 0.4950000000000009948, -0.2500000000000000000 ) ) ;
#3260 = ORIENTED_EDGE ( 'NONE', *, *, #5239, .T. ) ;
#3261 = CARTESIAN_POINT ( 'NONE',  ( -0.1000000000000000472, 0.4950000000000011058, 0.4000000000000000777 ) ) ;
#3262 = EDGE_CURVE ( 'NONE', #873, #5622, #2459, .T. ) ;
#3263 = ORIENTED_EDGE ( 'NONE', *, *, #2012, .T. ) ;
#3264 = CARTESIAN_POINT ( 'NONE',  ( 0.3999999999999999667, -1.592040838891558417E-17, -0.5000000000000000000 ) ) ;
#3265 = VERTEX_POINT ( 'NONE', #1075 ) ;
#3266 = CARTESIAN_POINT ( 'NONE',  ( -0.9725000000000004752, 0.4950000000000012168, -0.2500000000000000000 ) ) ;
#3267 = VERTEX_POINT ( 'NONE', #2928 ) ;
#3268 = EDGE_CURVE ( 'NONE', #4741, #4622, #1043, .T. ) ;
#3269 = FACE_OUTER_BOUND ( 'NONE', #1051, .T. ) ;
#3270 = DIRECTION ( 'NONE',  ( 0.000000000000000000, 1.000000000000000000, 0.000000000000000000 ) ) ;
#3271 = CARTESIAN_POINT ( 'NONE',  ( -0.1750000000000000167, 0.4950000000000009948, -0.2500000000000000000 ) ) ;
#3272 = LINE ( 'NONE', #1136, #4307 ) ;
#3273 = CARTESIAN_POINT ( 'NONE',  ( -0.1000000000000000472, 0.4950000000000009948, 0.2500000000000000000 ) ) ;
#3274 = VERTEX_POINT ( 'NONE', #2986 ) ;
#3275 = SURFACE_SIDE_STYLE ('',( #3629 ) ) ;
#3276 = CARTESIAN_POINT ( 'NONE',  ( -0.8249999999999999556, 0.4950000000000009948, -0.2500000000000000000 ) ) ;
#3277 = ORIENTED_EDGE ( 'NONE', *, *, #4488, .F. ) ;
#3278 = EDGE_CURVE ( 'NONE', #4880, #5194, #4793, .T. ) ;
#3279 = ORIENTED_EDGE ( 'NONE', *, *, #4335, .F. ) ;
#3280 = CARTESIAN_POINT ( 'NONE',  ( -0.3250000000000000666, 0.5225000000000000755, 0.5000000000000000000 ) ) ;
#3281 = CARTESIAN_POINT ( 'NONE',  ( 1.000000000000000222, 0.4950000000000011058, -0.4724999999999995315 ) ) ;
#3282 = ORIENTED_EDGE ( 'NONE', *, *, #3858, .T. ) ;
#3283 = VECTOR ( 'NONE', #5362, 1000.000000000000000 ) ;
#3284 = PLANE ( 'NONE',  #4771 ) ;
#3285 = CARTESIAN_POINT ( 'NONE',  ( 0.1749999999999999611, 0.4950000000000009948, 0.2500000000000000000 ) ) ;
#3286 = VECTOR ( 'NONE', #5306, 1000.000000000000000 ) ;
#3287 = DIRECTION ( 'NONE',  ( 0.000000000000000000, 0.000000000000000000, 1.000000000000000000 ) ) ;
#3288 = ORIENTED_EDGE ( 'NONE', *, *, #2149, .F. ) ;
#3289 = CARTESIAN_POINT ( 'NONE',  ( 1.000000000000000222, 0.02750000000000000361, 0.4724999999999995315 ) ) ;
#3290 = ORIENTED_EDGE ( 'NONE', *, *, #3994, .F. ) ;
#3291 =( NAMED_UNIT ( * ) PLANE_ANGLE_UNIT ( ) SI_UNIT ( $, .RADIAN. ) );
#3292 = EDGE_CURVE ( 'NONE', #3139, #1740, #2007, .T. ) ;
#3293 = ORIENTED_EDGE ( 'NONE', *, *, #4929, .T. ) ;
#3294 = DIRECTION ( 'NONE',  ( 1.000000000000000000, 0.000000000000000000, 0.000000000000000000 ) ) ;
#3295 = EDGE_CURVE ( 'NONE', #1655, #4510, #5175, .T. ) ;
#3296 = CARTESIAN_POINT ( 'NONE',  ( -0.1000000000000000472, 0.5225000000000000755, 0.5000000000000000000 ) ) ;
#3297 = VERTEX_POINT ( 'NONE', #5705 ) ;
#3298 = ADVANCED_FACE ( 'NONE', ( #5621 ), #3437, .F. ) ;
#3299 = EDGE_CURVE ( 'NONE', #4112, #344, #2488, .T. ) ;
#3300 = EDGE_LOOP ( 'NONE', ( #2812, #4186, #2867, #1427 ) ) ;
#3301 = AXIS2_PLACEMENT_3D ( 'NONE', #3861, #1088, #2438 ) ;
#3302 = DIRECTION ( 'NONE',  ( 0.000000000000000000, 1.000000000000000000, 0.000000000000000000 ) ) ;
#3303 = VECTOR ( 'NONE', #2635, 1000.000000000000000 ) ;
#3304 = LINE ( 'NONE', #5577, #4652 ) ;
#3305 = DIRECTION ( 'NONE',  ( -1.000000000000000000, 0.000000000000000000, 1.084202172485504064E-16 ) ) ;
#3306 = EDGE_CURVE ( 'NONE', #1026, #5553, #4766, .T. ) ;
#3307 = EDGE_CURVE ( 'NONE', #5351, #1464, #1559, .T. ) ;
#3308 = ORIENTED_EDGE ( 'NONE', *, *, #5215, .T. ) ;
#3309 = CARTESIAN_POINT ( 'NONE',  ( 0.9000000000000001332, 0.5225000000000000755, 0.3999999999999999112 ) ) ;
#3310 = VECTOR ( 'NONE', #4934, 1000.000000000000000 ) ;
#3311 = DIRECTION ( 'NONE',  ( -0.000000000000000000, 1.000000000000000000, -0.000000000000000000 ) ) ;
#3312 = ORIENTED_EDGE ( 'NONE', *, *, #1847, .T. ) ;
#3313 = LINE ( 'NONE', #560, #652 ) ;
#3314 = CARTESIAN_POINT ( 'NONE',  ( 1.000000000000000222, 0.5225000000000000755, -0.5000000000000000000 ) ) ;
#3315 = ORIENTED_EDGE ( 'NONE', *, *, #1882, .F. ) ;
#3316 = EDGE_CURVE ( 'NONE', #3664, #4557, #4322, .T. ) ;
#3317 = ORIENTED_EDGE ( 'NONE', *, *, #1160, .F. ) ;
#3318 = CARTESIAN_POINT ( 'NONE',  ( 0.3999999999999999667, 0.02750000000000000361, 0.4000000000000000777 ) ) ;
#3319 = ADVANCED_FACE ( 'NONE', ( #1172 ), #2041, .F. ) ;
#3320 = PLANE ( 'NONE',  #269 ) ;
#3321 = ORIENTED_EDGE ( 'NONE', *, *, #578, .F. ) ;
#3322 = CARTESIAN_POINT ( 'NONE',  ( 0.6750000000000000444, 0.000000000000000000, 0.4000000000000000777 ) ) ;
#3323 = COLOUR_RGB ( '',0.7921568627450980005, 0.8196078431372548767, 0.9333333333333333481 ) ;
#3324 = AXIS2_PLACEMENT_3D ( 'NONE', #4517, #4933, #2690 ) ;
#3325 = DIRECTION ( 'NONE',  ( 0.000000000000000000, 1.000000000000000000, -0.000000000000000000 ) ) ;
#3326 = DIRECTION ( 'NONE',  ( 0.000000000000000000, 0.000000000000000000, -1.000000000000000000 ) ) ;
#3327 = PLANE ( 'NONE',  #1992 ) ;
#3328 = CARTESIAN_POINT ( 'NONE',  ( -0.6750000000000000444, 0.5225000000000000755, -0.2500000000000000000 ) ) ;
#3329 = ORIENTED_EDGE ( 'NONE', *, *, #2845, .F. ) ;
#3330 = CARTESIAN_POINT ( 'NONE',  ( 0.1000000000000000472, 0.02750000000000000361, 0.4724999999999995315 ) ) ;
#3331 = DIRECTION ( 'NONE',  ( 0.000000000000000000, 0.000000000000000000, 1.000000000000000000 ) ) ;
#3332 = ORIENTED_EDGE ( 'NONE', *, *, #5659, .T. ) ;
#3333 = ORIENTED_EDGE ( 'NONE', *, *, #306, .F. ) ;
#3334 = DIRECTION ( 'NONE',  ( 0.000000000000000000, -1.000000000000000000, 0.000000000000000000 ) ) ;
#3335 = AXIS2_PLACEMENT_3D ( 'NONE', #4348, #1143, #4296 ) ;
#3336 = LINE ( 'NONE', #3428, #4179 ) ;
#3337 = VECTOR ( 'NONE', #5179, 1000.000000000000000 ) ;
#3338 = PLANE ( 'NONE',  #799 ) ;
#3339 = VECTOR ( 'NONE', #3237, 1000.000000000000000 ) ;
#3340 = ORIENTED_EDGE ( 'NONE', *, *, #5013, .F. ) ;
#3341 = CARTESIAN_POINT ( 'NONE',  ( 1.000000000000000222, 0.4950000000000002176, -0.4724999999999995315 ) ) ;
#3342 = VECTOR ( 'NONE', #3838, 1000.000000000000000 ) ;
#3343 = DIRECTION ( 'NONE',  ( -0.000000000000000000, -1.000000000000000000, -0.000000000000000000 ) ) ;
#3344 = LINE ( 'NONE', #2512, #3086 ) ;
#3345 = EDGE_LOOP ( 'NONE', ( #788, #2068, #3155, #152 ) ) ;
#3346 = DIRECTION ( 'NONE',  ( -1.000000000000000000, 0.000000000000000000, 0.000000000000000000 ) ) ;
#3347 = CARTESIAN_POINT ( 'NONE',  ( -0.3999999999999999667, 0.4950000000000011058, 0.4724999999999995315 ) ) ;
#3348 = ORIENTED_EDGE ( 'NONE', *, *, #1360, .T. ) ;
#3349 = LINE ( 'NONE', #4325, #1046 ) ;
#3350 = CARTESIAN_POINT ( 'NONE',  ( -0.6750000000000000444, 0.4950000000000009948, -0.2500000000000000000 ) ) ;
#3351 = AXIS2_PLACEMENT_3D ( 'NONE', #4465, #1788, #2275 ) ;
#3352 = ORIENTED_EDGE ( 'NONE', *, *, #1314, .F. ) ;
#3353 = ADVANCED_FACE ( 'NONE', ( #267 ), #3407, .F. ) ;
#3354 = CARTESIAN_POINT ( 'NONE',  ( -0.6750000000000000444, 0.000000000000000000, 0.4000000000000000777 ) ) ;
#3355 = AXIS2_PLACEMENT_3D ( 'NONE', #4483, #4039, #5342 ) ;
#3356 = DIRECTION ( 'NONE',  ( -0.000000000000000000, 1.000000000000000000, -0.000000000000000000 ) ) ;
#3357 = DIRECTION ( 'NONE',  ( 0.000000000000000000, 0.000000000000000000, -1.000000000000000000 ) ) ;
#3358 = FACE_OUTER_BOUND ( 'NONE', #4383, .T. ) ;
#3359 = DIRECTION ( 'NONE',  ( 0.000000000000000000, 0.000000000000000000, -1.000000000000000000 ) ) ;
#3360 = ORIENTED_EDGE ( 'NONE', *, *, #1795, .T. ) ;
#3361 = CARTESIAN_POINT ( 'NONE',  ( -0.1000000000000000472, 0.4950000000000001066, 0.000000000000000000 ) ) ;
#3362 = DIRECTION ( 'NONE',  ( -0.000000000000000000, 0.000000000000000000, 1.000000000000000000 ) ) ;
#3363 = ORIENTED_EDGE ( 'NONE', *, *, #3586, .F. ) ;
#3364 =( NAMED_UNIT ( * ) PLANE_ANGLE_UNIT ( ) SI_UNIT ( $, .RADIAN. ) );
#3365 = ORIENTED_EDGE ( 'NONE', *, *, #4086, .T. ) ;
#3366 = CARTESIAN_POINT ( 'NONE',  ( -0.3250000000000000666, 0.5225000000000000755, 0.2500000000000000000 ) ) ;
#3367 = CARTESIAN_POINT ( 'NONE',  ( -0.9725000000000004752, 0.5499999999999999334, 0.2816666666666667318 ) ) ;
#3368 = CARTESIAN_POINT ( 'NONE',  ( -0.3999999999999999667, 0.02750000000000018055, 0.4724999999999994205 ) ) ;
#3369 = VERTEX_POINT ( 'NONE', #3314 ) ;
#3370 = FACE_OUTER_BOUND ( 'NONE', #5033, .T. ) ;
#3371 = FACE_OUTER_BOUND ( 'NONE', #4064, .T. ) ;
#3372 = DIRECTION ( 'NONE',  ( -1.000000000000000000, -0.000000000000000000, -0.000000000000000000 ) ) ;
#3373 = VERTEX_POINT ( 'NONE', #4675 ) ;
#3374 = DIRECTION ( 'NONE',  ( 1.000000000000000000, -0.000000000000000000, 1.084202172485504064E-16 ) ) ;
#3375 = EDGE_CURVE ( 'NONE', #4563, #645, #316, .T. ) ;
#3376 = DIRECTION ( 'NONE',  ( -0.000000000000000000, 1.000000000000000000, -0.000000000000000000 ) ) ;
#3377 = ORIENTED_EDGE ( 'NONE', *, *, #3658, .F. ) ;
#3378 = LINE ( 'NONE', #1497, #3806 ) ;
#3379 = ORIENTED_EDGE ( 'NONE', *, *, #719, .F. ) ;
#3380 = DIRECTION ( 'NONE',  ( 0.000000000000000000, -1.000000000000000000, -1.924619241098528542E-16 ) ) ;
#3381 = EDGE_CURVE ( 'NONE', #3274, #1305, #2207, .T. ) ;
#3382 = EDGE_CURVE ( 'NONE', #1012, #1655, #3116, .T. ) ;
#3383 = EDGE_LOOP ( 'NONE', ( #5402, #3564, #534, #5540 ) ) ;
#3384 = DIRECTION ( 'NONE',  ( 1.084202172485504064E-16, 0.000000000000000000, -1.000000000000000000 ) ) ;
#3385 = EDGE_CURVE ( 'NONE', #4718, #2573, #1686, .T. ) ;
#3386 = LINE ( 'NONE', #5184, #2775 ) ;
#3387 = LINE ( 'NONE', #1924, #5006 ) ;
#3388 = VECTOR ( 'NONE', #3170, 1000.000000000000000 ) ;
#3389 = ORIENTED_EDGE ( 'NONE', *, *, #289, .T. ) ;
#3390 = DIRECTION ( 'NONE',  ( -1.000000000000000000, 0.000000000000000000, 0.000000000000000000 ) ) ;
#3391 = VECTOR ( 'NONE', #3399, 1000.000000000000000 ) ;
#3392 = EDGE_CURVE ( 'NONE', #4072, #3078, #4915, .T. ) ;
#3393 = FACE_OUTER_BOUND ( 'NONE', #4125, .T. ) ;
#3394 = ADVANCED_FACE ( 'NONE', ( #378 ), #3531, .F. ) ;
#3395 = ORIENTED_EDGE ( 'NONE', *, *, #313, .F. ) ;
#3396 = LINE ( 'NONE', #5131, #1955 ) ;
#3397 = ADVANCED_FACE ( 'NONE', ( #1644 ), #4835, .F. ) ;
#3398 = PLANE ( 'NONE',  #5874 ) ;
#3399 = DIRECTION ( 'NONE',  ( -0.000000000000000000, 0.000000000000000000, 1.000000000000000000 ) ) ;
#3400 = EDGE_LOOP ( 'NONE', ( #3808, #3768, #2618, #240 ) ) ;
#3401 = DIRECTION ( 'NONE',  ( 0.000000000000000000, 0.000000000000000000, -1.000000000000000000 ) ) ;
#3402 = DIRECTION ( 'NONE',  ( -0.000000000000000000, -6.285229985423231545E-16, 1.000000000000000000 ) ) ;
#3403 = PRESENTATION_LAYER_ASSIGNMENT (  '', '', ( #3772 ) ) ;
#3404 = CARTESIAN_POINT ( 'NONE',  ( -0.3999999999999998557, 0.02750000000000000361, 1.084202172485503078E-16 ) ) ;
#3405 = ORIENTED_EDGE ( 'NONE', *, *, #5716, .F. ) ;
#3406 = CARTESIAN_POINT ( 'NONE',  ( -0.1750000000000000167, 0.02750000000000000361, 0.4724999999999995315 ) ) ;
#3407 = PLANE ( 'NONE',  #279 ) ;
#3408 = ORIENTED_EDGE ( 'NONE', *, *, #2689, .F. ) ;
#3409 = VECTOR ( 'NONE', #1583, 1000.000000000000000 ) ;
#3410 = VECTOR ( 'NONE', #2445, 1000.000000000000000 ) ;
#3411 = PLANE ( 'NONE',  #3236 ) ;
#3412 = FACE_OUTER_BOUND ( 'NONE', #4191, .T. ) ;
#3413 = ADVANCED_FACE ( 'NONE', ( #2145 ), #4375, .F. ) ;
#3414 = VERTEX_POINT ( 'NONE', #3506 ) ;
#3415 = DIRECTION ( 'NONE',  ( 0.000000000000000000, 0.000000000000000000, -1.000000000000000000 ) ) ;
#3416 = CARTESIAN_POINT ( 'NONE',  ( 0.8249999999999999556, 0.000000000000000000, -0.4000000000000002442 ) ) ;
#3417 = FACE_OUTER_BOUND ( 'NONE', #4320, .T. ) ;
#3418 = CARTESIAN_POINT ( 'NONE',  ( 1.602515559965051795, 0.4950000000000012168, -0.2500000000000000000 ) ) ;
#3419 =( GEOMETRIC_REPRESENTATION_CONTEXT ( 3 ) GLOBAL_UNCERTAINTY_ASSIGNED_CONTEXT ( ( #318 ) ) GLOBAL_UNIT_ASSIGNED_CONTEXT ( ( #4977, #1073, #2898 ) ) REPRESENTATION_CONTEXT ( 'NONE', 'WORKASPACE' ) );
#3420 = VECTOR ( 'NONE', #2744, 1000.000000000000000 ) ;
#3421 = CARTESIAN_POINT ( 'NONE',  ( -0.1000000000000000472, 0.02750000000000000361, -0.4000000000000000222 ) ) ;
#3422 = VECTOR ( 'NONE', #355, 1000.000000000000000 ) ;
#3423 = SURFACE_SIDE_STYLE ('',( #231 ) ) ;
#3424 = ORIENTED_EDGE ( 'NONE', *, *, #2078, .T. ) ;
#3425 = EDGE_CURVE ( 'NONE', #5775, #1383, #406, .T. ) ;
#3426 = FACE_OUTER_BOUND ( 'NONE', #4730, .T. ) ;
#3427 = EDGE_CURVE ( 'NONE', #3514, #779, #5309, .T. ) ;
#3428 = CARTESIAN_POINT ( 'NONE',  ( 0.000000000000000000, 0.02750000000000000361, 0.3000000000000001554 ) ) ;
#3429 = CARTESIAN_POINT ( 'NONE',  ( 1.000000000000000222, 0.5225000000000000755, 0.3999999999999999112 ) ) ;
#3430 = DIRECTION ( 'NONE',  ( 0.000000000000000000, 0.000000000000000000, 1.000000000000000000 ) ) ;
#3431 = VECTOR ( 'NONE', #3182, 1000.000000000000000 ) ;
#3432 = CARTESIAN_POINT ( 'NONE',  ( 1.000000000000000222, 0.02750000000000000361, 0.4724999999999995315 ) ) ;
#3433 = VECTOR ( 'NONE', #4061, 1000.000000000000000 ) ;
#3434 = LINE ( 'NONE', #1071, #1756 ) ;
#3435 = VERTEX_POINT ( 'NONE', #738 ) ;
#3436 = DIRECTION ( 'NONE',  ( 1.000000000000000000, 0.000000000000000000, 0.000000000000000000 ) ) ;
#3437 = PLANE ( 'NONE',  #3335 ) ;
#3438 = ORIENTED_EDGE ( 'NONE', *, *, #858, .T. ) ;
#3439 = VECTOR ( 'NONE', #1682, 1000.000000000000000 ) ;
#3440 = SHAPE_REPRESENTATION ( 'YC124-FR-0759RL', ( #4810, #5275 ), #1674 ) ;
#3441 = VECTOR ( 'NONE', #2254, 1000.000000000000000 ) ;
#3442 = LINE ( 'NONE', #718, #2104 ) ;
#3443 = ORIENTED_EDGE ( 'NONE', *, *, #5454, .F. ) ;
#3444 = DIRECTION ( 'NONE',  ( -0.000000000000000000, 0.000000000000000000, 1.000000000000000000 ) ) ;
#3445 = VECTOR ( 'NONE', #5322, 1000.000000000000000 ) ;
#3446 = DIRECTION ( 'NONE',  ( -0.000000000000000000, -1.000000000000000000, 0.000000000000000000 ) ) ;
#3447 = CARTESIAN_POINT ( 'NONE',  ( -0.09999999999999993616, 0.4950000000000001066, 0.3000000000000001554 ) ) ;
#3448 = VECTOR ( 'NONE', #5685, 1000.000000000000000 ) ;
#3449 = ADVANCED_FACE ( 'NONE', ( #345 ), #2559, .F. ) ;
#3450 = DIRECTION ( 'NONE',  ( 0.000000000000000000, -1.000000000000000000, 0.000000000000000000 ) ) ;
#3451 = DIRECTION ( 'NONE',  ( 0.000000000000000000, 0.000000000000000000, 1.000000000000000000 ) ) ;
#3452 = EDGE_LOOP ( 'NONE', ( #3308, #3908, #425, #5431 ) ) ;
#3453 = EDGE_CURVE ( 'NONE', #4497, #5065, #4034, .T. ) ;
#3454 = CARTESIAN_POINT ( 'NONE',  ( 0.1749999999999999611, 0.5225000000000000755, -0.2500000000000000000 ) ) ;
#3455 = LINE ( 'NONE', #760, #851 ) ;
#3456 = CARTESIAN_POINT ( 'NONE',  ( 0.3999999999999999667, 0.5225000000000000755, -0.5000000000000000000 ) ) ;
#3457 = CARTESIAN_POINT ( 'NONE',  ( -0.3250000000000000666, 0.5225000000000000755, -0.4000000000000000222 ) ) ;
#3458 = EDGE_CURVE ( 'NONE', #2344, #4107, #3925, .T. ) ;
#3459 = LINE ( 'NONE', #2230, #3303 ) ;
#3460 = LINE ( 'NONE', #5257, #4035 ) ;
#3461 = CARTESIAN_POINT ( 'NONE',  ( 1.000000000000000222, 0.4950000000000002176, -0.4724999999999995315 ) ) ;
#3462 = DIRECTION ( 'NONE',  ( 0.000000000000000000, 1.000000000000000000, 0.000000000000000000 ) ) ;
#3463 = ORIENTED_EDGE ( 'NONE', *, *, #5454, .T. ) ;
#3464 = DIRECTION ( 'NONE',  ( -1.000000000000000000, -0.000000000000000000, -0.000000000000000000 ) ) ;
#3466 = EDGE_LOOP ( 'NONE', ( #5140, #5710, #3239, #2969 ) ) ;
#3465 = DIRECTION ( 'NONE',  ( -0.000000000000000000, 1.000000000000000000, -0.000000000000000000 ) ) ;
#3467 = FACE_OUTER_BOUND ( 'NONE', #1282, .T. ) ;
#3468 = CARTESIAN_POINT ( 'NONE',  ( 0.3250000000000000111, 0.5225000000000000755, -0.5000000000000000000 ) ) ;
#3469 = PLANE ( 'NONE',  #4891 ) ;
#3470 = EDGE_CURVE ( 'NONE', #3052, #1792, #1746, .T. ) ;
#3471 = ORIENTED_EDGE ( 'NONE', *, *, #4888, .F. ) ;
#3472 = DIRECTION ( 'NONE',  ( -1.000000000000000000, 0.000000000000000000, 0.000000000000000000 ) ) ;
#3473 = EDGE_CURVE ( 'NONE', #3584, #5369, #3482, .T. ) ;
#3474 = DIRECTION ( 'NONE',  ( 1.084202172485504064E-16, 0.000000000000000000, -1.000000000000000000 ) ) ;
#3475 = VECTOR ( 'NONE', #905, 1000.000000000000000 ) ;
#3476 = EDGE_CURVE ( 'NONE', #1975, #4290, #3033, .T. ) ;
#3477 = CARTESIAN_POINT ( 'NONE',  ( -0.6000000000000000888, 0.5225000000000000755, 0.4000000000000000777 ) ) ;
#3478 = DIRECTION ( 'NONE',  ( -1.000000000000000000, 0.000000000000000000, 0.000000000000000000 ) ) ;
#3479 = ORIENTED_EDGE ( 'NONE', *, *, #1404, .T. ) ;
#3480 = LINE ( 'NONE', #2144, #1477 ) ;
#3481 = ADVANCED_FACE ( 'NONE', ( #5784 ), #2584, .F. ) ;
#3482 = LINE ( 'NONE', #3085, #4549 ) ;
#3483 = EDGE_CURVE ( 'NONE', #4123, #1344, #2637, .T. ) ;
#3484 = CIRCLE ( 'NONE', #1869, 0.01833333333333325363 ) ;
#3485 = ORIENTED_EDGE ( 'NONE', *, *, #920, .F. ) ;
#3486 = ADVANCED_FACE ( 'NONE', ( #3172 ), #5839, .F. ) ;
#3487 = DIRECTION ( 'NONE',  ( 1.000000000000000000, 0.000000000000000000, -1.084202172485504064E-16 ) ) ;
#3488 = EDGE_CURVE ( 'NONE', #3662, #1253, #5067, .T. ) ;
#3489 = CARTESIAN_POINT ( 'NONE',  ( -0.6000000000000000888, 0.02750000000000000361, -0.4724999999999995315 ) ) ;
#3491 = ORIENTED_EDGE ( 'NONE', *, *, #303, .F. ) ;
#3490 = DIRECTION ( 'NONE',  ( 0.000000000000000000, -1.000000000000000000, 0.000000000000000000 ) ) ;
#3492 = PLANE ( 'NONE',  #4986 ) ;
#3493 = CONTEXT_DEPENDENT_SHAPE_REPRESENTATION ( #3221, #5387 ) ;
#3494 = FACE_OUTER_BOUND ( 'NONE', #4152, .T. ) ;
#3495 = CARTESIAN_POINT ( 'NONE',  ( 0.9000000000000000222, 0.5225000000000000755, 0.2500000000000000000 ) ) ;
#3496 = ORIENTED_EDGE ( 'NONE', *, *, #1732, .F. ) ;
#3497 = ORIENTED_EDGE ( 'NONE', *, *, #4164, .F. ) ;
#3498 = VECTOR ( 'NONE', #394, 1000.000000000000000 ) ;
#3499 = CARTESIAN_POINT ( 'NONE',  ( 0.6750000000000000444, 0.000000000000000000, -0.4000000000000000222 ) ) ;
#3500 = FACE_OUTER_BOUND ( 'NONE', #5559, .T. ) ;
#3501 = VECTOR ( 'NONE', #3357, 1000.000000000000000 ) ;
#3502 = CARTESIAN_POINT ( 'NONE',  ( -0.1000000000000000472, 0.000000000000000000, -0.5000000000000000000 ) ) ;
#3503 = LINE ( 'NONE', #2142, #2541 ) ;
#3504 = ORIENTED_EDGE ( 'NONE', *, *, #1079, .F. ) ;
#3505 = CARTESIAN_POINT ( 'NONE',  ( 0.6000000000000000888, 2.081899558550501081E-17, 0.2000000000000000111 ) ) ;
#3506 = CARTESIAN_POINT ( 'NONE',  ( 0.3999999999999999667, 0.02750000000000000361, -0.3000000000000000444 ) ) ;
#3507 =( NAMED_UNIT ( * ) PLANE_ANGLE_UNIT ( ) SI_UNIT ( $, .RADIAN. ) );
#3508 = VECTOR ( 'NONE', #5815, 1000.000000000000000 ) ;
#3509 = ORIENTED_EDGE ( 'NONE', *, *, #2216, .T. ) ;
#3510 = AXIS2_PLACEMENT_3D ( 'NONE', #1808, #4127, #1003 ) ;
#3511 = PLANE ( 'NONE',  #1818 ) ;
#3512 = CARTESIAN_POINT ( 'NONE',  ( 0.3250000000000000111, 0.4950000000000009948, 0.2500000000000000000 ) ) ;
#3514 = VERTEX_POINT ( 'NONE', #2824 ) ;
#3513 = DIRECTION ( 'NONE',  ( -0.000000000000000000, 0.000000000000000000, -1.000000000000000000 ) ) ;
#3515 = EDGE_CURVE ( 'NONE', #5772, #743, #2727, .T. ) ;
#3516 = CARTESIAN_POINT ( 'NONE',  ( -0.1750000000000000167, 0.000000000000000000, 0.4000000000000000777 ) ) ;
#3517 = CARTESIAN_POINT ( 'NONE',  ( 1.602515559965051795, 0.5225000000000001865, -0.3000000000000000444 ) ) ;
#3518 = LINE ( 'NONE', #1676, #4148 ) ;
#3519 = ORIENTED_EDGE ( 'NONE', *, *, #4047, .F. ) ;
#3520 = ORIENTED_EDGE ( 'NONE', *, *, #1245, .F. ) ;
#3521 = EDGE_LOOP ( 'NONE', ( #4980, #2087, #1728, #3982 ) ) ;
#3522 = VECTOR ( 'NONE', #2624, 1000.000000000000000 ) ;
#3523 = DIRECTION ( 'NONE',  ( -1.000000000000000000, -0.000000000000000000, -0.000000000000000000 ) ) ;
#3524 = ORIENTED_EDGE ( 'NONE', *, *, #3648, .F. ) ;
#3525 = LINE ( 'NONE', #5700, #4189 ) ;
#3526 = CARTESIAN_POINT ( 'NONE',  ( 0.6000000000000000888, 0.5225000000000000755, -0.5000000000000000000 ) ) ;
#3527 = ORIENTED_EDGE ( 'NONE', *, *, #4951, .T. ) ;
#3528 = DIRECTION ( 'NONE',  ( 0.000000000000000000, -1.000000000000000000, 0.000000000000000000 ) ) ;
#3529 = LINE ( 'NONE', #314, #1483 ) ;
#3530 = EDGE_LOOP ( 'NONE', ( #1291, #3932, #1415, #912, #5407, #5668, #2922, #2820 ) ) ;
#3531 = PLANE ( 'NONE',  #2955 ) ;
#3532 = PRESENTATION_STYLE_ASSIGNMENT (( #3948 ) ) ;
#3533 = ADVANCED_FACE ( 'NONE', ( #1839 ), #1775, .F. ) ;
#3534 = VERTEX_POINT ( 'NONE', #3590 ) ;
#3535 = LINE ( 'NONE', #4155, #5709 ) ;
#3536 = ORIENTED_EDGE ( 'NONE', *, *, #5655, .F. ) ;
#3537 = LINE ( 'NONE', #3512, #3980 ) ;
#3538 = EDGE_CURVE ( 'NONE', #5732, #5775, #2702, .T. ) ;
#3540 = ORIENTED_EDGE ( 'NONE', *, *, #5340, .F. ) ;
#3539 = FACE_OUTER_BOUND ( 'NONE', #1736, .T. ) ;
#3541 = LINE ( 'NONE', #4930, #4361 ) ;
#3542 = APPLICATION_PROTOCOL_DEFINITION ( 'draft international standard', 'automotive_design', 1998, #5650 ) ;
#3543 = DIRECTION ( 'NONE',  ( 0.000000000000000000, -1.000000000000000000, 0.000000000000000000 ) ) ;
#3544 = ADVANCED_FACE ( 'NONE', ( #433 ), #1908, .F. ) ;
#3545 = CARTESIAN_POINT ( 'NONE',  ( -0.1750000000000000167, 0.5225000000000000755, 0.5000000000000000000 ) ) ;
#3546 = DIRECTION ( 'NONE',  ( 0.000000000000000000, 0.000000000000000000, 1.000000000000000000 ) ) ;
#3547 = ORIENTED_EDGE ( 'NONE', *, *, #1198, .T. ) ;
#3548 = ORIENTED_EDGE ( 'NONE', *, *, #420, .F. ) ;
#3549 = VERTEX_POINT ( 'NONE', #5395 ) ;
#3550 = DIRECTION ( 'NONE',  ( 0.000000000000000000, -1.000000000000000000, 0.000000000000000000 ) ) ;
#3551 = VERTEX_POINT ( 'NONE', #4154 ) ;
#3552 = LINE ( 'NONE', #3968, #3710 ) ;
#3553 = EDGE_CURVE ( 'NONE', #2573, #2107, #3147, .T. ) ;
#3554 = CARTESIAN_POINT ( 'NONE',  ( -0.6000000000000000888, 0.5225000000000000755, 0.5000000000000000000 ) ) ;
#3555 = ORIENTED_EDGE ( 'NONE', *, *, #1701, .F. ) ;
#3556 = ADVANCED_FACE ( 'NONE', ( #943 ), #44, .F. ) ;
#3557 = PLANE ( 'NONE',  #5365 ) ;
#3558 = EDGE_CURVE ( 'NONE', #5884, #134, #877, .T. ) ;
#3559 = DIRECTION ( 'NONE',  ( -1.000000000000000000, -0.000000000000000000, 0.000000000000000000 ) ) ;
#3560 = VECTOR ( 'NONE', #308, 1000.000000000000000 ) ;
#3561 = DIRECTION ( 'NONE',  ( -0.000000000000000000, -0.000000000000000000, 1.000000000000000000 ) ) ;
#3562 = VECTOR ( 'NONE', #1658, 1000.000000000000000 ) ;
#3563 = PRODUCT_DEFINITION_CONTEXT ( 'detailed design', #5650, 'design' ) ;
#3564 = ORIENTED_EDGE ( 'NONE', *, *, #5463, .F. ) ;
#3565 = DIRECTION ( 'NONE',  ( -1.000000000000000000, 0.000000000000000000, -0.000000000000000000 ) ) ;
#3566 = LINE ( 'NONE', #3091, #1616 ) ;
#3568 = ORIENTED_EDGE ( 'NONE', *, *, #3826, .T. ) ;
#3567 = CARTESIAN_POINT ( 'NONE',  ( 0.8250000000000001776, 0.5225000000000000755, 0.3999999999999998557 ) ) ;
#3569 = EDGE_CURVE ( 'NONE', #1345, #5800, #3206, .T. ) ;
#3570 = MECHANICAL_DESIGN_GEOMETRIC_PRESENTATION_REPRESENTATION (  '', ( #1116 ), #2540 ) ;
#3571 = DIRECTION ( 'NONE',  ( -0.000000000000000000, -1.000000000000000000, 0.000000000000000000 ) ) ;
#3572 = VECTOR ( 'NONE', #5450, 1000.000000000000000 ) ;
#3573 = DIRECTION ( 'NONE',  ( -0.000000000000000000, -6.285229985423231545E-16, -1.000000000000000000 ) ) ;
#3574 = AXIS2_PLACEMENT_3D ( 'NONE', #837, #4022, #3640 ) ;
#3575 = CARTESIAN_POINT ( 'NONE',  ( -0.8249999999999999556, 0.02750000000000000361, -0.4724999999999995315 ) ) ;
#3576 = CARTESIAN_POINT ( 'NONE',  ( 0.1000000000000001582, 0.02750000000000018055, 0.4724999999999994760 ) ) ;
#3577 = ORIENTED_EDGE ( 'NONE', *, *, #3558, .T. ) ;
#3578 = EDGE_LOOP ( 'NONE', ( #1221, #3632, #5091, #2758 ) ) ;
#3579 = ORIENTED_EDGE ( 'NONE', *, *, #2413, .T. ) ;
#3580 = DIRECTION ( 'NONE',  ( -0.000000000000000000, 0.000000000000000000, -1.000000000000000000 ) ) ;
#3581 = ORIENTED_EDGE ( 'NONE', *, *, #3011, .F. ) ;
#3582 = FACE_OUTER_BOUND ( 'NONE', #1135, .T. ) ;
#3583 = DIRECTION ( 'NONE',  ( 0.000000000000000000, 0.000000000000000000, -1.000000000000000000 ) ) ;
#3584 = VERTEX_POINT ( 'NONE', #2320 ) ;
#3585 = SURFACE_SIDE_STYLE ('',( #4059 ) ) ;
#3586 = EDGE_CURVE ( 'NONE', #1953, #1284, #1870, .T. ) ;
#3587 = DIRECTION ( 'NONE',  ( -1.000000000000000000, 0.000000000000000000, 0.000000000000000000 ) ) ;
#3588 = ADVANCED_FACE ( 'NONE', ( #3685 ), #5866, .F. ) ;
#3589 = ORIENTED_EDGE ( 'NONE', *, *, #1429, .T. ) ;
#3590 = CARTESIAN_POINT ( 'NONE',  ( 0.1000000000000001027, 0.02750000000000000361, -0.3000000000000000444 ) ) ;
#3591 = VECTOR ( 'NONE', #2832, 1000.000000000000000 ) ;
#3592 = VECTOR ( 'NONE', #890, 1000.000000000000000 ) ;
#3593 = PRODUCT_DEFINITION_SHAPE ( 'NONE', 'NONE',  #1354 ) ;
#3594 = DIRECTION ( 'NONE',  ( -1.000000000000000000, -0.000000000000000000, 0.000000000000000000 ) ) ;
#3595 = ORIENTED_EDGE ( 'NONE', *, *, #3453, .T. ) ;
#3596 = LINE ( 'NONE', #2352, #2297 ) ;
#3597 = ORIENTED_EDGE ( 'NONE', *, *, #2239, .T. ) ;
#3598 = CARTESIAN_POINT ( 'NONE',  ( -0.1000000000000000472, 2.707018309146649315, 0.4724999999999994760 ) ) ;
#3600 = ORIENTED_EDGE ( 'NONE', *, *, #991, .F. ) ;
#3599 = CARTESIAN_POINT ( 'NONE',  ( 1.602515559965051795, 0.5499999999999999334, 0.2816666666666667318 ) ) ;
#3601 = VECTOR ( 'NONE', #5161, 1000.000000000000000 ) ;
#3602 = LINE ( 'NONE', #4464, #1993 ) ;
#3603 = AXIS2_PLACEMENT_3D ( 'NONE', #4478, #3008, #3946 ) ;
#3604 = CARTESIAN_POINT ( 'NONE',  ( 0.6000000000000000888, 0.000000000000000000, 0.000000000000000000 ) ) ;
#3605 = VECTOR ( 'NONE', #1770, 1000.000000000000000 ) ;
#3606 = AXIS2_PLACEMENT_3D ( 'NONE', #1657, #3474, #3025 ) ;
#3607 = CARTESIAN_POINT ( 'NONE',  ( -0.8249999999999999556, 0.5225000000000000755, 0.2500000000000000000 ) ) ;
#3608 = DIRECTION ( 'NONE',  ( -1.000000000000000000, 0.000000000000000000, 7.228014483236719235E-16 ) ) ;
#3609 = EDGE_LOOP ( 'NONE', ( #5436, #977, #4402, #4644, #2412, #4865, #3395, #5264, #3524, #3162 ) ) ;
#3610 = VERTEX_POINT ( 'NONE', #3623 ) ;
#3611 = ORIENTED_EDGE ( 'NONE', *, *, #2827, .F. ) ;
#3612 = PLANE ( 'NONE',  #3869 ) ;
#3613 = EDGE_CURVE ( 'NONE', #3634, #2756, #4535, .T. ) ;
#3614 = VERTEX_POINT ( 'NONE', #462 ) ;
#3615 = FACE_OUTER_BOUND ( 'NONE', #5481, .T. ) ;
#3616 = ORIENTED_EDGE ( 'NONE', *, *, #3177, .T. ) ;
#3617 = LINE ( 'NONE', #2228, #4079 ) ;
#3618 = ORIENTED_EDGE ( 'NONE', *, *, #3473, .T. ) ;
#3619 = DIRECTION ( 'NONE',  ( 1.000000000000000000, 0.000000000000000000, 0.000000000000000000 ) ) ;
#3620 = VECTOR ( 'NONE', #2441, 1000.000000000000000 ) ;
#3621 = EDGE_CURVE ( 'NONE', #1253, #3227, #1357, .T. ) ;
#3622 = CARTESIAN_POINT ( 'NONE',  ( -0.6000000000000000888, 0.5225000000000000755, -0.4000000000000000222 ) ) ;
#3623 = CARTESIAN_POINT ( 'NONE',  ( 0.3999999999999999667, 0.4950000000000001066, -0.3000000000000000444 ) ) ;
#3624 = AXIS2_PLACEMENT_3D ( 'NONE', #4774, #2545, #3015 ) ;
#3625 = VECTOR ( 'NONE', #2076, 1000.000000000000000 ) ;
#3626 = EDGE_CURVE ( 'NONE', #1174, #2650, #2290, .T. ) ;
#3627 = ORIENTED_EDGE ( 'NONE', *, *, #2452, .T. ) ;
#3628 = ORIENTED_EDGE ( 'NONE', *, *, #4860, .T. ) ;
#3629 = SURFACE_STYLE_FILL_AREA ( #1459 ) ;
#3630 = LINE ( 'NONE', #2731, #3118 ) ;
#3631 = ORIENTED_EDGE ( 'NONE', *, *, #4171, .F. ) ;
#3632 = ORIENTED_EDGE ( 'NONE', *, *, #2625, .T. ) ;
#3633 = DIRECTION ( 'NONE',  ( 0.000000000000000000, -1.000000000000000000, -1.971276677246373097E-15 ) ) ;
#3634 = VERTEX_POINT ( 'NONE', #2416 ) ;
#3635 = VERTEX_POINT ( 'NONE', #3367 ) ;
#3636 = DIRECTION ( 'NONE',  ( 0.000000000000000000, -1.495451272393810882E-15, -1.000000000000000000 ) ) ;
#3637 = EDGE_CURVE ( 'NONE', #3267, #4897, #3336, .T. ) ;
#3638 = DIRECTION ( 'NONE',  ( 0.000000000000000000, 1.000000000000000000, 0.000000000000000000 ) ) ;
#3639 = CARTESIAN_POINT ( 'NONE',  ( -0.1000000000000000472, 0.5225000000000000755, -0.3000000000000000444 ) ) ;
#3640 = DIRECTION ( 'NONE',  ( 0.000000000000000000, 0.000000000000000000, 1.000000000000000000 ) ) ;
#3641 = VERTEX_POINT ( 'NONE', #2859 ) ;
#3642 = ORIENTED_EDGE ( 'NONE', *, *, #5716, .T. ) ;
#3643 = FACE_OUTER_BOUND ( 'NONE', #5608, .T. ) ;
#3644 = AXIS2_PLACEMENT_3D ( 'NONE', #1727, #1274, #1752 ) ;
#3645 = ADVANCED_BREP_SHAPE_REPRESENTATION ( '', ( #119, #2124, #2073, #259, #3990, #108, #4157, #158, #2046, #2100, #4343 ), #255 ) ;
#3646 = ORIENTED_EDGE ( 'NONE', *, *, #3666, .F. ) ;
#3647 = ORIENTED_EDGE ( 'NONE', *, *, #2225, .F. ) ;
#3648 = EDGE_CURVE ( 'NONE', #5369, #4234, #1998, .T. ) ;
#3649 = CARTESIAN_POINT ( 'NONE',  ( 0.3999999999999999667, 0.4950000000000011058, -0.4724999999999995315 ) ) ;
#3650 = VERTEX_POINT ( 'NONE', #618 ) ;
#3651 = ADVANCED_FACE ( 'NONE', ( #3805 ), #708, .T. ) ;
#3652 = LINE ( 'NONE', #1385, #1271 ) ;
#3653 = CARTESIAN_POINT ( 'NONE',  ( 0.3999999999999999667, 0.5225000000000000755, 0.3000000000000000444 ) ) ;
#3654 = ADVANCED_FACE ( 'NONE', ( #5198 ), #4665, .F. ) ;
#3655 = VECTOR ( 'NONE', #4500, 1000.000000000000000 ) ;
#3656 = VERTEX_POINT ( 'NONE', #110 ) ;
#3657 = SURFACE_STYLE_USAGE ( .BOTH. , #4503 ) ;
#3658 = EDGE_CURVE ( 'NONE', #1902, #3220, #2891, .T. ) ;
#3659 = CARTESIAN_POINT ( 'NONE',  ( 1.000000000000000222, 0.02750000000000000361, 0.4724999999999995315 ) ) ;
#3660 = ORIENTED_EDGE ( 'NONE', *, *, #2913, .T. ) ;
#3661 = VECTOR ( 'NONE', #1577, 1000.000000000000000 ) ;
#3662 = VERTEX_POINT ( 'NONE', #4195 ) ;
#3663 = LINE ( 'NONE', #4206, #3802 ) ;
#3664 = VERTEX_POINT ( 'NONE', #1935 ) ;
#3665 = DIRECTION ( 'NONE',  ( 0.000000000000000000, 0.000000000000000000, -1.000000000000000000 ) ) ;
#3666 = EDGE_CURVE ( 'NONE', #1253, #167, #3746, .T. ) ;
#3667 = EDGE_CURVE ( 'NONE', #3801, #2143, #2920, .T. ) ;
#3668 = ORIENTED_EDGE ( 'NONE', *, *, #4357, .F. ) ;
#3669 = CARTESIAN_POINT ( 'NONE',  ( -0.6000000000000000888, 0.5225000000000000755, -0.5000000000000000000 ) ) ;
#3670 = CARTESIAN_POINT ( 'NONE',  ( 0.3999999999999999667, 0.4950000000000011058, 0.4724999999999995315 ) ) ;
#3671 = LINE ( 'NONE', #892, #5755 ) ;
#3672 = EDGE_LOOP ( 'NONE', ( #918, #4661, #2312, #939 ) ) ;
#3673 = DIRECTION ( 'NONE',  ( 0.000000000000000000, -0.000000000000000000, 1.000000000000000000 ) ) ;
#3674 = ORIENTED_EDGE ( 'NONE', *, *, #2935, .F. ) ;
#3675 = CARTESIAN_POINT ( 'NONE',  ( 0.8249999999999999556, 0.000000000000000000, -0.4000000000000002442 ) ) ;
#3676 = VECTOR ( 'NONE', #3243, 1000.000000000000000 ) ;
#3677 = AXIS2_PLACEMENT_3D ( 'NONE', #3934, #4385, #2082 ) ;
#3678 = ORIENTED_EDGE ( 'NONE', *, *, #5042, .F. ) ;
#3679 = LINE ( 'NONE', #456, #4659 ) ;
#3680 = VECTOR ( 'NONE', #3528, 1000.000000000000000 ) ;
#3681 = ORIENTED_EDGE ( 'NONE', *, *, #5670, .F. ) ;
#3682 = CARTESIAN_POINT ( 'NONE',  ( 0.3999999999999999667, 0.000000000000000000, 0.4000000000000000777 ) ) ;
#3683 = ORIENTED_EDGE ( 'NONE', *, *, #301, .F. ) ;
#3684 = LINE ( 'NONE', #1807, #794 ) ;
#3685 = FACE_OUTER_BOUND ( 'NONE', #778, .T. ) ;
#3686 = EDGE_CURVE ( 'NONE', #5194, #4246, #4695, .T. ) ;
#3687 = EDGE_LOOP ( 'NONE', ( #1794, #1272, #5442, #5087, #1261, #1591, #5862, #3071 ) ) ;
#3688 = AXIS2_PLACEMENT_3D ( 'NONE', #417, #3130, #1306 ) ;
#3689 = CARTESIAN_POINT ( 'NONE',  ( 0.9000000000000000222, 0.5225000000000000755, 0.5000000000000000000 ) ) ;
#3690 = EDGE_LOOP ( 'NONE', ( #2047, #4964, #3784, #3965 ) ) ;
#3691 = VECTOR ( 'NONE', #5472, 1000.000000000000000 ) ;
#3692 = VECTOR ( 'NONE', #3608, 1000.000000000000000 ) ;
#3693 = CARTESIAN_POINT ( 'NONE',  ( 0.4000000000000000777, 2.707018309146649315, 0.4724999999999995315 ) ) ;
#3694 = ORIENTED_EDGE ( 'NONE', *, *, #2173, .T. ) ;
#3695 = LINE ( 'NONE', #5081, #3790 ) ;
#3696 = ORIENTED_EDGE ( 'NONE', *, *, #897, .F. ) ;
#3697 = DIRECTION ( 'NONE',  ( -0.000000000000000000, 0.000000000000000000, -1.000000000000000000 ) ) ;
#3698 = VECTOR ( 'NONE', #1848, 1000.000000000000000 ) ;
#3699 = EDGE_CURVE ( 'NONE', #5877, #5372, #2979, .T. ) ;
#3700 = CARTESIAN_POINT ( 'NONE',  ( 0.6000000000000001998, 0.02750000000000018055, 0.4724999999999995315 ) ) ;
#3701 = EDGE_CURVE ( 'NONE', #5278, #4058, #3304, .T. ) ;
#3702 = DIRECTION ( 'NONE',  ( -0.000000000000000000, 1.000000000000000000, -0.000000000000000000 ) ) ;
#3703 = VERTEX_POINT ( 'NONE', #4783 ) ;
#3704 = VECTOR ( 'NONE', #1524, 1000.000000000000000 ) ;
#3705 = LINE ( 'NONE', #96, #4445 ) ;
#3706 = ORIENTED_EDGE ( 'NONE', *, *, #1084, .T. ) ;
#3707 = CARTESIAN_POINT ( 'NONE',  ( -0.9725000000000004752, 0.5316666666666667318, 0.2816666666666667318 ) ) ;
#3708 = VECTOR ( 'NONE', #4057, 1000.000000000000000 ) ;
#3709 = ORIENTED_EDGE ( 'NONE', *, *, #2452, .F. ) ;
#3710 = VECTOR ( 'NONE', #732, 1000.000000000000000 ) ;
#3711 = VECTOR ( 'NONE', #2492, 1000.000000000000000 ) ;
#3712 = FACE_OUTER_BOUND ( 'NONE', #1884, .T. ) ;
#3713 = ORIENTED_EDGE ( 'NONE', *, *, #478, .F. ) ;
#3714 = DIRECTION ( 'NONE',  ( 1.000000000000000000, 0.000000000000000000, -0.000000000000000000 ) ) ;
#3715 = VERTEX_POINT ( 'NONE', #5100 ) ;
#3716 = CARTESIAN_POINT ( 'NONE',  ( 0.9725000000000002531, 0.5225000000000000755, 0.2500000000000000000 ) ) ;
#3717 = DIRECTION ( 'NONE',  ( -1.000000000000000000, -0.000000000000000000, -0.000000000000000000 ) ) ;
#3718 = FACE_OUTER_BOUND ( 'NONE', #474, .T. ) ;
#3719 = DIRECTION ( 'NONE',  ( 0.000000000000000000, -1.224646799147352961E-16, 1.000000000000000000 ) ) ;
#3720 = ORIENTED_EDGE ( 'NONE', *, *, #1084, .F. ) ;
#3721 = VECTOR ( 'NONE', #1980, 1000.000000000000000 ) ;
#3722 = DIRECTION ( 'NONE',  ( -0.000000000000000000, 0.000000000000000000, 1.000000000000000000 ) ) ;
#3723 = EDGE_LOOP ( 'NONE', ( #838, #5429, #361, #5078 ) ) ;
#3724 = VERTEX_POINT ( 'NONE', #2450 ) ;
#3725 = DIRECTION ( 'NONE',  ( 1.000000000000000000, -0.000000000000000000, 0.000000000000000000 ) ) ;
#3726 = EDGE_CURVE ( 'NONE', #1587, #3584, #5544, .T. ) ;
#3727 = CARTESIAN_POINT ( 'NONE',  ( -1.000000000000000444, 0.000000000000000000, -0.3999999999999999667 ) ) ;
#3728 = ORIENTED_EDGE ( 'NONE', *, *, #3193, .F. ) ;
#3729 = CARTESIAN_POINT ( 'NONE',  ( 0.1000000000000001582, 0.02750000000000000361, 0.000000000000000000 ) ) ;
#3730 = EDGE_CURVE ( 'NONE', #4420, #4772, #171, .T. ) ;
#3731 = EDGE_CURVE ( 'NONE', #3191, #3614, #2479, .T. ) ;
#3732 = CARTESIAN_POINT ( 'NONE',  ( 0.9725000000000002531, 0.5316666666666668428, -0.2999999999999999889 ) ) ;
#3733 = LINE ( 'NONE', #1024, #2944 ) ;
#3734 = ORIENTED_EDGE ( 'NONE', *, *, #3458, .T. ) ;
#3735 = DIRECTION ( 'NONE',  ( 0.000000000000000000, 1.224646799147352961E-16, 1.000000000000000000 ) ) ;
#3736 = ORIENTED_EDGE ( 'NONE', *, *, #5781, .F. ) ;
#3737 = PRESENTATION_STYLE_ASSIGNMENT (( #228 ) ) ;
#3738 = EDGE_CURVE ( 'NONE', #955, #5390, #5639, .T. ) ;
#3739 = ADVANCED_FACE ( 'NONE', ( #2505 ), #3398, .F. ) ;
#3740 = ORIENTED_EDGE ( 'NONE', *, *, #315, .T. ) ;
#3741 = CARTESIAN_POINT ( 'NONE',  ( 0.6000000000000001998, 0.4950000000000001066, 0.3000000000000001554 ) ) ;
#3742 = DIRECTION ( 'NONE',  ( 1.000000000000000000, -0.000000000000000000, 0.000000000000000000 ) ) ;
#3743 = ORIENTED_EDGE ( 'NONE', *, *, #3066, .T. ) ;
#3744 = ORIENTED_EDGE ( 'NONE', *, *, #2869, .T. ) ;
#3745 = CARTESIAN_POINT ( 'NONE',  ( 1.000000000000000222, 0.5225000000000000755, -0.4000000000000001887 ) ) ;
#3746 = LINE ( 'NONE', #4287, #2381 ) ;
#3747 = CARTESIAN_POINT ( 'NONE',  ( -0.6000000000000000888, 0.5225000000000000755, 0.2500000000000000000 ) ) ;
#3748 = ADVANCED_FACE ( 'NONE', ( #1131 ), #234, .F. ) ;
#3749 = ORIENTED_EDGE ( 'NONE', *, *, #3011, .T. ) ;
#3750 = LINE ( 'NONE', #113, #5044 ) ;
#3751 = DIRECTION ( 'NONE',  ( 1.000000000000000000, 0.000000000000000000, 0.000000000000000000 ) ) ;
#3752 = ORIENTED_EDGE ( 'NONE', *, *, #3483, .T. ) ;
#3753 = LINE ( 'NONE', #1815, #2368 ) ;
#3754 = VERTEX_POINT ( 'NONE', #262 ) ;
#3755 = DIRECTION ( 'NONE',  ( 1.000000000000000000, 0.000000000000000000, 0.000000000000000000 ) ) ;
#3756 = ORIENTED_EDGE ( 'NONE', *, *, #5323, .F. ) ;
#3757 = CARTESIAN_POINT ( 'NONE',  ( -0.3999999999999999112, 0.000000000000000000, -0.3000000000000000444 ) ) ;
#3758 = ORIENTED_EDGE ( 'NONE', *, *, #4245, .T. ) ;
#3759 = AXIS2_PLACEMENT_3D ( 'NONE', #4948, #2206, #4007 ) ;
#3760 = FACE_OUTER_BOUND ( 'NONE', #915, .T. ) ;
#3761 = PLANE ( 'NONE',  #4672 ) ;
#3762 = CARTESIAN_POINT ( 'NONE',  ( 0.8249999999999999556, 0.000000000000000000, -0.4000000000000002442 ) ) ;
#3763 = DIRECTION ( 'NONE',  ( 0.000000000000000000, -1.224646799147352961E-16, -1.000000000000000000 ) ) ;
#3764 = DIRECTION ( 'NONE',  ( -1.000000000000000000, 0.000000000000000000, 0.000000000000000000 ) ) ;
#3765 = VERTEX_POINT ( 'NONE', #2139 ) ;
#3766 = CARTESIAN_POINT ( 'NONE',  ( 1.602515559965051795, 0.4950000000000011058, 0.2500000000000000000 ) ) ;
#3767 = CARTESIAN_POINT ( 'NONE',  ( 0.3250000000000000111, 0.000000000000000000, 0.4000000000000000777 ) ) ;
#3768 = ORIENTED_EDGE ( 'NONE', *, *, #4821, .T. ) ;
#3769 = ORIENTED_EDGE ( 'NONE', *, *, #4593, .F. ) ;
#3770 = VECTOR ( 'NONE', #4558, 1000.000000000000000 ) ;
#3771 = FACE_OUTER_BOUND ( 'NONE', #5047, .T. ) ;
#3772 = STYLED_ITEM ( 'NONE', ( #4591 ), #2073 ) ;
#3773 = DIRECTION ( 'NONE',  ( 0.000000000000000000, 1.224646799147352961E-16, 1.000000000000000000 ) ) ;
#3774 = LINE ( 'NONE', #2417, #3006 ) ;
#3775 = EDGE_LOOP ( 'NONE', ( #5473, #4690, #1821, #3720 ) ) ;
#3776 = CARTESIAN_POINT ( 'NONE',  ( 0.3250000000000000111, 0.4950000000000009948, -0.2500000000000000000 ) ) ;
#3777 = LINE ( 'NONE', #656, #5166 ) ;
#3778 = CARTESIAN_POINT ( 'NONE',  ( -0.5999999999999999778, 0.4950000000000001066, 0.4724999999999995315 ) ) ;
#3779 = EDGE_LOOP ( 'NONE', ( #797, #3832, #587, #2551 ) ) ;
#3780 = CARTESIAN_POINT ( 'NONE',  ( 0.9000000000000000222, 0.02750000000000000361, -0.4000000000000000222 ) ) ;
#3781 = CARTESIAN_POINT ( 'NONE',  ( -0.9725000000000004752, 0.5316666666666668428, -0.3000000000000000444 ) ) ;
#3782 = ORIENTED_EDGE ( 'NONE', *, *, #2045, .T. ) ;
#3783 = ORIENTED_EDGE ( 'NONE', *, *, #4794, .T. ) ;
#3784 = ORIENTED_EDGE ( 'NONE', *, *, #1340, .F. ) ;
#3785 = LINE ( 'NONE', #1077, #1801 ) ;
#3786 = VECTOR ( 'NONE', #2357, 1000.000000000000000 ) ;
#3787 = DIRECTION ( 'NONE',  ( -0.000000000000000000, 1.000000000000000000, -0.000000000000000000 ) ) ;
#3788 = ORIENTED_EDGE ( 'NONE', *, *, #3926, .T. ) ;
#3789 = CARTESIAN_POINT ( 'NONE',  ( -0.6000000000000000888, 0.4950000000000011058, 0.4724999999999995315 ) ) ;
#3790 = VECTOR ( 'NONE', #1945, 1000.000000000000000 ) ;
#3791 = CARTESIAN_POINT ( 'NONE',  ( 0.8249999999999999556, 0.000000000000000000, -0.4000000000000002442 ) ) ;
#3792 = PLANE ( 'NONE',  #4274 ) ;
#3793 = CARTESIAN_POINT ( 'NONE',  ( -0.3999999999999998557, 0.02750000000000000361, 0.3000000000000001554 ) ) ;
#3794 = CARTESIAN_POINT ( 'NONE',  ( 0.1000000000000000472, 0.000000000000000000, 0.000000000000000000 ) ) ;
#3795 = VERTEX_POINT ( 'NONE', #5272 ) ;
#3796 = CARTESIAN_POINT ( 'NONE',  ( -0.6000000000000000888, 0.5225000000000000755, -0.5000000000000000000 ) ) ;
#3797 = CARTESIAN_POINT ( 'NONE',  ( 0.8249999999999999556, 0.000000000000000000, -0.4000000000000002442 ) ) ;
#3798 = EDGE_LOOP ( 'NONE', ( #1737, #4409, #4949, #4991 ) ) ;
#3799 = DIRECTION ( 'NONE',  ( -1.000000000000000000, 0.000000000000000000, 0.000000000000000000 ) ) ;
#3800 = EDGE_CURVE ( 'NONE', #5622, #134, #3525, .T. ) ;
#3801 = VERTEX_POINT ( 'NONE', #5253 ) ;
#3802 = VECTOR ( 'NONE', #981, 1000.000000000000000 ) ;
#3803 = CARTESIAN_POINT ( 'NONE',  ( 1.000000000000000222, 0.4950000000000011058, -0.4724999999999995315 ) ) ;
#3804 = AXIS2_PLACEMENT_3D ( 'NONE', #2673, #5809, #3976 ) ;
#3805 = FACE_OUTER_BOUND ( 'NONE', #3687, .T. ) ;
#3806 = VECTOR ( 'NONE', #4236, 1000.000000000000000 ) ;
#3807 = LINE ( 'NONE', #2861, #4673 ) ;
#3808 = ORIENTED_EDGE ( 'NONE', *, *, #5281, .T. ) ;
#3809 = EDGE_CURVE ( 'NONE', #3267, #4058, #3552, .T. ) ;
#3810 = DIRECTION ( 'NONE',  ( -0.000000000000000000, 1.000000000000000000, -0.000000000000000000 ) ) ;
#3811 = LINE ( 'NONE', #5616, #2350 ) ;
#3812 = CARTESIAN_POINT ( 'NONE',  ( 0.3250000000000000111, 0.000000000000000000, -0.1999999999999999833 ) ) ;
#3813 = EDGE_LOOP ( 'NONE', ( #5126, #2621, #16, #5028, #3263, #5789, #3379, #3128 ) ) ;
#3814 = LINE ( 'NONE', #5619, #1322 ) ;
#3815 = DIRECTION ( 'NONE',  ( 1.000000000000000000, 0.000000000000000000, 0.000000000000000000 ) ) ;
#3816 = VERTEX_POINT ( 'NONE', #2605 ) ;
#3817 = ADVANCED_FACE ( 'NONE', ( #1186 ), #1209, .F. ) ;
#3818 = ORIENTED_EDGE ( 'NONE', *, *, #2845, .T. ) ;
#3819 = LINE ( 'NONE', #5624, #4374 ) ;
#3820 = DIRECTION ( 'NONE',  ( 1.000000000000000000, 0.000000000000000000, 0.000000000000000000 ) ) ;
#3821 = VECTOR ( 'NONE', #3573, 1000.000000000000000 ) ;
#3822 = ORIENTED_EDGE ( 'NONE', *, *, #5236, .F. ) ;
#3823 = EDGE_CURVE ( 'NONE', #5775, #2804, #3079, .T. ) ;
#3824 = DIRECTION ( 'NONE',  ( 0.000000000000000000, -0.000000000000000000, -1.000000000000000000 ) ) ;
#3825 = VECTOR ( 'NONE', #1748, 1000.000000000000000 ) ;
#3826 = EDGE_CURVE ( 'NONE', #5799, #2826, #2167, .T. ) ;
#3827 = FACE_OUTER_BOUND ( 'NONE', #3400, .T. ) ;
#3828 = EDGE_CURVE ( 'NONE', #2322, #2564, #4415, .T. ) ;
#3829 = CARTESIAN_POINT ( 'NONE',  ( 0.1749999999999999611, 0.000000000000000000, 0.4000000000000000777 ) ) ;
#3830 = VECTOR ( 'NONE', #3325, 1000.000000000000000 ) ;
#3831 = PLANE ( 'NONE',  #2072 ) ;
#3832 = ORIENTED_EDGE ( 'NONE', *, *, #1006, .F. ) ;
#3833 = CARTESIAN_POINT ( 'NONE',  ( -0.1000000000000000472, -1.592040838891558417E-17, 0.5000000000000000000 ) ) ;
#3834 = CARTESIAN_POINT ( 'NONE',  ( -0.1000000000000000472, 0.5225000000000000755, -0.4000000000000000222 ) ) ;
#3835 = SURFACE_STYLE_USAGE ( .BOTH. , #1158 ) ;
#3836 = ORIENTED_EDGE ( 'NONE', *, *, #3971, .F. ) ;
#3837 = DIRECTION ( 'NONE',  ( 0.000000000000000000, 1.000000000000000000, 0.000000000000000000 ) ) ;
#3838 = DIRECTION ( 'NONE',  ( -0.000000000000000000, -0.000000000000000000, 1.000000000000000000 ) ) ;
#3839 = DIRECTION ( 'NONE',  ( -1.000000000000000000, -0.000000000000000000, -0.000000000000000000 ) ) ;
#3840 = ORIENTED_EDGE ( 'NONE', *, *, #2321, .T. ) ;
#3841 = DIRECTION ( 'NONE',  ( 0.000000000000000000, -1.000000000000000000, 0.000000000000000000 ) ) ;
#3842 = EDGE_CURVE ( 'NONE', #5082, #1517, #336, .T. ) ;
#3843 = CARTESIAN_POINT ( 'NONE',  ( -0.8249999999999999556, 0.02750000000000000361, 0.4724999999999995315 ) ) ;
#3844 = LINE ( 'NONE', #3404, #4134 ) ;
#3845 = ORIENTED_EDGE ( 'NONE', *, *, #4682, .T. ) ;
#3846 = CARTESIAN_POINT ( 'NONE',  ( -0.1000000000000000472, 0.02750000000000000361, -0.4000000000000000222 ) ) ;
#3847 = CARTESIAN_POINT ( 'NONE',  ( -0.8249999999999999556, 0.000000000000000000, -0.4000000000000000222 ) ) ;
#3848 = ORIENTED_EDGE ( 'NONE', *, *, #252, .F. ) ;
#3849 = DIRECTION ( 'NONE',  ( 0.000000000000000000, 0.000000000000000000, -1.000000000000000000 ) ) ;
#3850 = ADVANCED_FACE ( 'NONE', ( #3500 ), #5776, .F. ) ;
#3851 = ORIENTED_EDGE ( 'NONE', *, *, #306, .T. ) ;
#3852 = CARTESIAN_POINT ( 'NONE',  ( 1.000000000000000222, 2.707018309146649315, 0.4724999999999995315 ) ) ;
#3853 = ORIENTED_EDGE ( 'NONE', *, *, #1166, .T. ) ;
#3854 = DIRECTION ( 'NONE',  ( 0.000000000000000000, 0.000000000000000000, -1.000000000000000000 ) ) ;
#3855 = EDGE_CURVE ( 'NONE', #3274, #3052, #367, .T. ) ;
#3856 = FACE_OUTER_BOUND ( 'NONE', #3107, .T. ) ;
#3857 = LINE ( 'NONE', #1119, #2475 ) ;
#3858 = EDGE_CURVE ( 'NONE', #2444, #3816, #3455, .T. ) ;
#3859 = PLANE ( 'NONE',  #826 ) ;
#3860 = VECTOR ( 'NONE', #71, 1000.000000000000000 ) ;
#3861 = CARTESIAN_POINT ( 'NONE',  ( 0.3250000000000000111, 0.000000000000000000, 0.4000000000000000777 ) ) ;
#3862 = CARTESIAN_POINT ( 'NONE',  ( 0.8250000000000001776, 0.4950000000000009948, 0.2500000000000000000 ) ) ;
#3863 = VECTOR ( 'NONE', #594, 1000.000000000000000 ) ;
#3864 = ORIENTED_EDGE ( 'NONE', *, *, #800, .T. ) ;
#3865 = CARTESIAN_POINT ( 'NONE',  ( -0.6000000000000000888, 0.5225000000000000755, -0.3000000000000000444 ) ) ;
#3866 = DIRECTION ( 'NONE',  ( -1.000000000000000000, 0.000000000000000000, 0.000000000000000000 ) ) ;
#3867 = DIRECTION ( 'NONE',  ( 0.000000000000000000, -1.000000000000000000, 1.971276677246373097E-15 ) ) ;
#3868 = DIRECTION ( 'NONE',  ( -1.000000000000000000, 0.000000000000000000, 0.000000000000000000 ) ) ;
#3869 = AXIS2_PLACEMENT_3D ( 'NONE', #3140, #4522, #4119 ) ;
#3870 = DIRECTION ( 'NONE',  ( 1.000000000000000000, 0.000000000000000000, -7.228014483236719235E-16 ) ) ;
#3871 =( GEOMETRIC_REPRESENTATION_CONTEXT ( 3 ) GLOBAL_UNCERTAINTY_ASSIGNED_CONTEXT ( ( #5311 ) ) GLOBAL_UNIT_ASSIGNED_CONTEXT ( ( #549, #4946, #5034 ) ) REPRESENTATION_CONTEXT ( 'NONE', 'WORKASPACE' ) );
#3872 = DIRECTION ( 'NONE',  ( 1.000000000000000000, -0.000000000000000000, 1.084202172485503941E-16 ) ) ;
#3873 = ORIENTED_EDGE ( 'NONE', *, *, #2797, .T. ) ;
#3874 = DIRECTION ( 'NONE',  ( 1.000000000000000000, 0.000000000000000000, 0.000000000000000000 ) ) ;
#3875 = DIRECTION ( 'NONE',  ( -0.000000000000000000, -0.000000000000000000, 1.000000000000000000 ) ) ;
#3876 = EDGE_LOOP ( 'NONE', ( #81, #1617, #3144, #4355 ) ) ;
#3877 = VECTOR ( 'NONE', #3702, 1000.000000000000000 ) ;
#3878 = PLANE ( 'NONE',  #2754 ) ;
#3879 = ORIENTED_EDGE ( 'NONE', *, *, #1831, .T. ) ;
#3880 = FACE_OUTER_BOUND ( 'NONE', #3798, .T. ) ;
#3881 = ADVANCED_FACE ( 'NONE', ( #5300 ), #1713, .F. ) ;
#3882 = LINE ( 'NONE', #1698, #2402 ) ;
#3883 = FACE_OUTER_BOUND ( 'NONE', #5058, .T. ) ;
#3884 = STYLED_ITEM ( 'NONE', ( #4539 ), #158 ) ;
#3885 = VECTOR ( 'NONE', #5428, 1000.000000000000000 ) ;
#3886 = DIRECTION ( 'NONE',  ( -0.000000000000000000, 0.000000000000000000, -1.000000000000000000 ) ) ;
#3887 = EDGE_CURVE ( 'NONE', #1834, #1234, #3108, .T. ) ;
#3888 = PLANE ( 'NONE',  #4048 ) ;
#3889 = ORIENTED_EDGE ( 'NONE', *, *, #512, .F. ) ;
#3890 = LINE ( 'NONE', #5697, #3661 ) ;
#3891 = CARTESIAN_POINT ( 'NONE',  ( 0.8249999999999999556, 0.000000000000000000, -0.4000000000000002442 ) ) ;
#3892 = CARTESIAN_POINT ( 'NONE',  ( -0.1000000000000000472, 0.4950000000000009948, 0.4000000000000000777 ) ) ;
#3893 = DIRECTION ( 'NONE',  ( -0.000000000000000000, 1.000000000000000000, -0.000000000000000000 ) ) ;
#3894 = EDGE_CURVE ( 'NONE', #5164, #2519, #4367, .T. ) ;
#3895 = DIRECTION ( 'NONE',  ( 0.000000000000000000, -1.000000000000000000, 0.000000000000000000 ) ) ;
#3896 = AXIS2_PLACEMENT_3D ( 'NONE', #3063, #291, #4863 ) ;
#3897 = CARTESIAN_POINT ( 'NONE',  ( 0.6750000000000000444, 0.000000000000000000, -0.4000000000000000222 ) ) ;
#3898 = CARTESIAN_POINT ( 'NONE',  ( -0.3999999999999999667, -1.592040838891558417E-17, 0.5000000000000000000 ) ) ;
#3899 = VECTOR ( 'NONE', #3430, 1000.000000000000000 ) ;
#3900 = VECTOR ( 'NONE', #4828, 1000.000000000000000 ) ;
#3901 = FACE_OUTER_BOUND ( 'NONE', #2440, .T. ) ;
#3902 = ORIENTED_EDGE ( 'NONE', *, *, #1264, .T. ) ;
#3903 = LINE ( 'NONE', #222, #1064 ) ;
#3904 = VERTEX_POINT ( 'NONE', #3918 ) ;
#3905 = EDGE_CURVE ( 'NONE', #4448, #5831, #1231, .T. ) ;
#3906 = VECTOR ( 'NONE', #135, 1000.000000000000000 ) ;
#3908 = ORIENTED_EDGE ( 'NONE', *, *, #1985, .T. ) ;
#3907 = DIRECTION ( 'NONE',  ( 1.000000000000000000, 0.000000000000000000, 0.000000000000000000 ) ) ;
#3909 = DIRECTION ( 'NONE',  ( -0.000000000000000000, -0.000000000000000000, -1.000000000000000000 ) ) ;
#3910 = VECTOR ( 'NONE', #4305, 1000.000000000000000 ) ;
#3911 = VECTOR ( 'NONE', #1218, 1000.000000000000000 ) ;
#3912 = ADVANCED_FACE ( 'NONE', ( #4856 ), #808, .F. ) ;
#3913 = CARTESIAN_POINT ( 'NONE',  ( 0.6000000000000000888, 2.707018309146649315, -0.4724999999999995315 ) ) ;
#3914 = LINE ( 'NONE', #705, #1773 ) ;
#3915 = EDGE_CURVE ( 'NONE', #1411, #246, #4444, .T. ) ;
#3916 = ORIENTED_EDGE ( 'NONE', *, *, #1079, .T. ) ;
#3917 = DIRECTION ( 'NONE',  ( -1.000000000000000000, 0.000000000000000000, 0.000000000000000000 ) ) ;
#3918 = CARTESIAN_POINT ( 'NONE',  ( 0.8250000000000000666, 0.000000000000000000, -0.2000000000000000111 ) ) ;
#3919 = DIRECTION ( 'NONE',  ( 0.000000000000000000, 1.000000000000000000, 0.000000000000000000 ) ) ;
#3920 = LINE ( 'NONE', #3477, #849 ) ;
#3921 = CARTESIAN_POINT ( 'NONE',  ( 0.3250000000000000111, 0.000000000000000000, 0.4000000000000000777 ) ) ;
#3922 = EDGE_LOOP ( 'NONE', ( #2806, #2460, #4520, #2356 ) ) ;
#3923 = CARTESIAN_POINT ( 'NONE',  ( 0.3999999999999999667, 0.02750000000000000361, 0.000000000000000000 ) ) ;
#3924 = ADVANCED_FACE ( 'NONE', ( #5509 ), #4587, .F. ) ;
#3925 = LINE ( 'NONE', #5729, #1422 ) ;
#3926 = EDGE_CURVE ( 'NONE', #2573, #3052, #2697, .T. ) ;
#3927 = ORIENTED_EDGE ( 'NONE', *, *, #971, .F. ) ;
#3928 = LINE ( 'NONE', #3068, #5143 ) ;
#3929 = ORIENTED_EDGE ( 'NONE', *, *, #821, .T. ) ;
#3930 = PLANE ( 'NONE',  #4175 ) ;
#3932 = ORIENTED_EDGE ( 'NONE', *, *, #5308, .T. ) ;
#3931 = CARTESIAN_POINT ( 'NONE',  ( -0.6000000000000000888, -1.592040838891558417E-17, -0.5000000000000000000 ) ) ;
#3933 = DIRECTION ( 'NONE',  ( 1.000000000000000000, 0.000000000000000000, 0.000000000000000000 ) ) ;
#3934 = CARTESIAN_POINT ( 'NONE',  ( 0.000000000000000000, 0.000000000000000000, 0.000000000000000000 ) ) ;
#3935 = LINE ( 'NONE', #3517, #5706 ) ;
#3936 = CARTESIAN_POINT ( 'NONE',  ( 1.000000000000000222, 0.02750000000000000361, -0.4724999999999995315 ) ) ;
#3937 = EDGE_LOOP ( 'NONE', ( #3581, #2101, #3540, #39, #5694, #273, #3315, #2172 ) ) ;
#3938 = ORIENTED_EDGE ( 'NONE', *, *, #1897, .T. ) ;
#3939 = CARTESIAN_POINT ( 'NONE',  ( -0.6000000000000000888, 0.000000000000000000, -0.3000000000000000444 ) ) ;
#3940 = DIRECTION ( 'NONE',  ( 0.000000000000000000, 0.000000000000000000, -1.000000000000000000 ) ) ;
#3941 = AXIS2_PLACEMENT_3D ( 'NONE', #1235, #1325, #375 ) ;
#3942 = PLANE ( 'NONE',  #282 ) ;
#3943 = DIRECTION ( 'NONE',  ( -0.000000000000000000, 1.000000000000000000, -0.000000000000000000 ) ) ;
#3944 = EDGE_LOOP ( 'NONE', ( #1381, #5337, #2717, #4207, #2733, #1332, #748, #2005 ) ) ;
#3945 = DIRECTION ( 'NONE',  ( 0.000000000000000000, 0.000000000000000000, 1.000000000000000000 ) ) ;
#3946 = DIRECTION ( 'NONE',  ( 1.000000000000000000, 0.000000000000000000, -0.000000000000000000 ) ) ;
#3947 = ADVANCED_FACE ( 'NONE', ( #3582 ), #1899, .F. ) ;
#3948 = SURFACE_STYLE_USAGE ( .BOTH. , #1597 ) ;
#3949 = VECTOR ( 'NONE', #1347, 1000.000000000000000 ) ;
#3950 = VECTOR ( 'NONE', #4830, 1000.000000000000000 ) ;
#3951 = VERTEX_POINT ( 'NONE', #4525 ) ;
#3952 = DIRECTION ( 'NONE',  ( 0.000000000000000000, -1.000000000000000000, 0.000000000000000000 ) ) ;
#3953 = LINE ( 'NONE', #4400, #3129 ) ;
#3955 = EDGE_LOOP ( 'NONE', ( #830, #2075, #2373, #325 ) ) ;
#3954 = DIRECTION ( 'NONE',  ( -1.000000000000000000, 0.000000000000000000, -0.000000000000000000 ) ) ;
#3956 = AXIS2_PLACEMENT_3D ( 'NONE', #2406, #3257, #3326 ) ;
#3957 = CARTESIAN_POINT ( 'NONE',  ( -0.5999999999999999778, 0.000000000000000000, 0.3000000000000001554 ) ) ;
#3958 = SHAPE_REPRESENTATION_RELATIONSHIP ( 'NONE' , 'NONE' ,  #1595, #3645 ) ;
#3959 = FACE_OUTER_BOUND ( 'NONE', #3383, .T. ) ;
#3960 = DIRECTION ( 'NONE',  ( 1.000000000000000000, 0.000000000000000000, 0.000000000000000000 ) ) ;
#3961 = ORIENTED_EDGE ( 'NONE', *, *, #5117, .F. ) ;
#3962 = VERTEX_POINT ( 'NONE', #1317 ) ;
#3963 = AXIS2_PLACEMENT_3D ( 'NONE', #5107, #1042, #3346 ) ;
#3964 = AXIS2_PLACEMENT_3D ( 'NONE', #923, #479, #1371 ) ;
#3965 = ORIENTED_EDGE ( 'NONE', *, *, #2517, .F. ) ;
#3966 = CARTESIAN_POINT ( 'NONE',  ( -0.6750000000000000444, 0.000000000000000000, 0.4000000000000000777 ) ) ;
#3967 = ORIENTED_EDGE ( 'NONE', *, *, #4121, .F. ) ;
#3968 = CARTESIAN_POINT ( 'NONE',  ( 0.6000000000000001998, 0.000000000000000000, 0.3000000000000001554 ) ) ;
#3969 = AXIS2_PLACEMENT_3D ( 'NONE', #132, #1951, #3763 ) ;
#3970 = AXIS2_PLACEMENT_3D ( 'NONE', #1503, #2469, #577 ) ;
#3971 = EDGE_CURVE ( 'NONE', #1841, #5234, #5860, .T. ) ;
#3972 = FACE_OUTER_BOUND ( 'NONE', #17, .T. ) ;
#3973 = LINE ( 'NONE', #1233, #3680 ) ;
#3974 = ORIENTED_EDGE ( 'NONE', *, *, #1534, .T. ) ;
#3975 = DIRECTION ( 'NONE',  ( -1.000000000000000000, -0.000000000000000000, -0.000000000000000000 ) ) ;
#3976 = DIRECTION ( 'NONE',  ( 0.000000000000000000, 0.000000000000000000, 1.000000000000000000 ) ) ;
#3977 = EDGE_CURVE ( 'NONE', #2716, #3549, #2284, .T. ) ;
#3978 = EDGE_CURVE ( 'NONE', #169, #3191, #3679, .T. ) ;
#3979 = SURFACE_STYLE_USAGE ( .BOTH. , #4919 ) ;
#3980 = VECTOR ( 'NONE', #2238, 1000.000000000000000 ) ;
#3981 = EDGE_CURVE ( 'NONE', #3551, #1809, #401, .T. ) ;
#3982 = ORIENTED_EDGE ( 'NONE', *, *, #4266, .T. ) ;
#3983 = VECTOR ( 'NONE', #4757, 1000.000000000000000 ) ;
#3984 = FACE_OUTER_BOUND ( 'NONE', #1441, .T. ) ;
#3985 = ORIENTED_EDGE ( 'NONE', *, *, #3041, .F. ) ;
#3986 = DIRECTION ( 'NONE',  ( -0.000000000000000000, 1.000000000000000000, 1.224646799147352961E-16 ) ) ;
#3988 = ORIENTED_EDGE ( 'NONE', *, *, #1810, .F. ) ;
#3987 = CARTESIAN_POINT ( 'NONE',  ( -0.6000000000000000888, 0.5225000000000000755, -0.2500000000000000000 ) ) ;
#3990 = MANIFOLD_SOLID_BREP ( 'Cut-Extrude2[6]', #1612 ) ;
#3989 = PLANE ( 'NONE',  #4168 ) ;
#3991 = ADVANCED_FACE ( 'NONE', ( #3615 ), #1379, .F. ) ;
#3992 = CARTESIAN_POINT ( 'NONE',  ( -1.000000000000000444, 0.4950000000000011058, -0.3999999999999999667 ) ) ;
#3993 = EDGE_CURVE ( 'NONE', #423, #1464, #4994, .T. ) ;
#3994 = EDGE_CURVE ( 'NONE', #5031, #1841, #5419, .T. ) ;
#3995 = LINE ( 'NONE', #3545, #68 ) ;
#3996 = DIRECTION ( 'NONE',  ( -1.000000000000000000, -0.000000000000000000, -0.000000000000000000 ) ) ;
#3997 = EDGE_LOOP ( 'NONE', ( #4846, #1275, #232, #4011 ) ) ;
#3998 = ORIENTED_EDGE ( 'NONE', *, *, #5355, .T. ) ;
#3999 = ORIENTED_EDGE ( 'NONE', *, *, #4786, .T. ) ;
#4000 = AXIS2_PLACEMENT_3D ( 'NONE', #4174, #2401, #632 ) ;
#4001 = DIRECTION ( 'NONE',  ( -0.000000000000000000, -1.000000000000000000, -0.000000000000000000 ) ) ;
#4002 = ORIENTED_EDGE ( 'NONE', *, *, #2431, .F. ) ;
#4003 = CARTESIAN_POINT ( 'NONE',  ( 0.3999999999999999667, 2.081899558550501081E-17, -0.2000000000000000111 ) ) ;
#4004 = DIRECTION ( 'NONE',  ( -0.000000000000000000, 0.000000000000000000, 1.000000000000000000 ) ) ;
#4005 = ORIENTED_EDGE ( 'NONE', *, *, #5554, .T. ) ;
#4006 = FACE_OUTER_BOUND ( 'NONE', #4583, .T. ) ;
#4007 = DIRECTION ( 'NONE',  ( -1.000000000000000000, 0.000000000000000000, -0.000000000000000000 ) ) ;
#4008 = VERTEX_POINT ( 'NONE', #1863 ) ;
#4009 = CARTESIAN_POINT ( 'NONE',  ( 0.1000000000000001582, 0.000000000000000000, 0.5000000000000002220 ) ) ;
#4010 =( NAMED_UNIT ( * ) SI_UNIT ( $, .STERADIAN. ) SOLID_ANGLE_UNIT ( ) );
#4011 = ORIENTED_EDGE ( 'NONE', *, *, #900, .F. ) ;
#4012 = LINE ( 'NONE', #3124, #4386 ) ;
#4013 = ORIENTED_EDGE ( 'NONE', *, *, #1358, .F. ) ;
#4014 = LINE ( 'NONE', #1726, #2749 ) ;
#4016 = ORIENTED_EDGE ( 'NONE', *, *, #5155, .T. ) ;
#4015 = LINE ( 'NONE', #114, #1652 ) ;
#4017 = CARTESIAN_POINT ( 'NONE',  ( 0.8250000000000001776, 0.4950000000000009948, 0.3999999999999998557 ) ) ;
#4018 = CARTESIAN_POINT ( 'NONE',  ( 0.1749999999999999611, 0.02750000000000000361, -0.4724999999999995315 ) ) ;
#4019 = EDGE_CURVE ( 'NONE', #3253, #3435, #1349, .T. ) ;
#4020 = LINE ( 'NONE', #5824, #4162 ) ;
#4021 = ADVANCED_FACE ( 'NONE', ( #3233 ), #4969, .F. ) ;
#4022 = DIRECTION ( 'NONE',  ( 0.000000000000000000, -1.000000000000000000, 0.000000000000000000 ) ) ;
#4023 = ORIENTED_EDGE ( 'NONE', *, *, #1554, .F. ) ;
#4024 = ORIENTED_EDGE ( 'NONE', *, *, #3731, .F. ) ;
#4025 = LINE ( 'NONE', #5830, #2237 ) ;
#4026 = EDGE_LOOP ( 'NONE', ( #614, #4875, #5010, #2375, #1968, #2150, #2710, #2299 ) ) ;
#4027 =( NAMED_UNIT ( * ) PLANE_ANGLE_UNIT ( ) SI_UNIT ( $, .RADIAN. ) );
#4028 = DIRECTION ( 'NONE',  ( -0.000000000000000000, 1.000000000000000000, -0.000000000000000000 ) ) ;
#4029 = VERTEX_POINT ( 'NONE', #1029 ) ;
#4030 = CARTESIAN_POINT ( 'NONE',  ( 0.8250000000000000666, 0.5225000000000000755, 0.2500000000000000000 ) ) ;
#4031 = LINE ( 'NONE', #2231, #4710 ) ;
#4032 = ORIENTED_EDGE ( 'NONE', *, *, #420, .T. ) ;
#4033 = VECTOR ( 'NONE', #5774, 1000.000000000000000 ) ;
#4034 = LINE ( 'NONE', #2123, #2753 ) ;
#4035 = VECTOR ( 'NONE', #1192, 1000.000000000000000 ) ;
#4036 = LINE ( 'NONE', #1914, #2175 ) ;
#4037 = UNCERTAINTY_MEASURE_WITH_UNIT (LENGTH_MEASURE( 1.000000000000000082E-05 ), #5267, 'distance_accuracy_value', 'NONE');
#4038 = ORIENTED_EDGE ( 'NONE', *, *, #4917, .T. ) ;
#4039 = DIRECTION ( 'NONE',  ( 0.000000000000000000, 0.000000000000000000, 1.000000000000000000 ) ) ;
#4040 = CARTESIAN_POINT ( 'NONE',  ( 0.6750000000000000444, 0.000000000000000000, -0.4000000000000000222 ) ) ;
#4042 = ORIENTED_EDGE ( 'NONE', *, *, #3112, .F. ) ;
#4041 = CARTESIAN_POINT ( 'NONE',  ( -0.3250000000000000666, 0.000000000000000000, -0.4000000000000000222 ) ) ;
#4043 = ADVANCED_FACE ( 'NONE', ( #1930 ), #1541, .F. ) ;
#4044 = CARTESIAN_POINT ( 'NONE',  ( -0.6750000000000000444, 0.000000000000000000, -0.4000000000000000222 ) ) ;
#4045 = AXIS2_PLACEMENT_3D ( 'NONE', #5193, #4753, #5636 ) ;
#4046 = DIRECTION ( 'NONE',  ( -0.000000000000000000, 1.000000000000000000, 1.224646799147352961E-16 ) ) ;
#4047 = EDGE_CURVE ( 'NONE', #518, #5353, #5634, .T. ) ;
#4048 = AXIS2_PLACEMENT_3D ( 'NONE', #2196, #5798, #5693 ) ;
#4049 = PLANE ( 'NONE',  #1403 ) ;
#4050 = DIRECTION ( 'NONE',  ( 0.000000000000000000, 0.000000000000000000, 1.000000000000000000 ) ) ;
#4051 = VERTEX_POINT ( 'NONE', #1573 ) ;
#4052 = VERTEX_POINT ( 'NONE', #2817 ) ;
#4053 = ORIENTED_EDGE ( 'NONE', *, *, #5190, .T. ) ;
#4054 = CARTESIAN_POINT ( 'NONE',  ( -0.3999999999999999667, 0.4950000000000009948, 0.4000000000000000777 ) ) ;
#4055 = ORIENTED_EDGE ( 'NONE', *, *, #4047, .T. ) ;
#4056 = CARTESIAN_POINT ( 'NONE',  ( -0.3999999999999998557, 0.000000000000000000, 0.5000000000000002220 ) ) ;
#4057 = DIRECTION ( 'NONE',  ( 0.000000000000000000, 1.000000000000000000, -0.000000000000000000 ) ) ;
#4058 = VERTEX_POINT ( 'NONE', #3741 ) ;
#4059 = SURFACE_STYLE_FILL_AREA ( #2759 ) ;
#4060 = DIRECTION ( 'NONE',  ( 0.000000000000000000, 0.000000000000000000, -1.000000000000000000 ) ) ;
#4061 = DIRECTION ( 'NONE',  ( -0.000000000000000000, -6.285229985423231545E-16, -1.000000000000000000 ) ) ;
#4062 = VECTOR ( 'NONE', #5490, 1000.000000000000000 ) ;
#4063 = EDGE_CURVE ( 'NONE', #1170, #2278, #2885, .T. ) ;
#4064 = EDGE_LOOP ( 'NONE', ( #1500, #4971, #4928, #5446, #4619, #3363, #4129, #1368 ) ) ;
#4065 = EDGE_CURVE ( 'NONE', #3816, #5787, #5127, .T. ) ;
#4066 = VERTEX_POINT ( 'NONE', #3330 ) ;
#4067 = LINE ( 'NONE', #978, #921 ) ;
#4068 = LINE ( 'NONE', #526, #1605 ) ;
#4069 = ORIENTED_EDGE ( 'NONE', *, *, #1166, .F. ) ;
#4070 = ORIENTED_EDGE ( 'NONE', *, *, #5020, .F. ) ;
#4071 = CARTESIAN_POINT ( 'NONE',  ( 0.6000000000000000888, 0.4950000000000011058, 0.4724999999999995315 ) ) ;
#4072 = VERTEX_POINT ( 'NONE', #1090 ) ;
#4073 = ORIENTED_EDGE ( 'NONE', *, *, #5822, .F. ) ;
#4074 = CARTESIAN_POINT ( 'NONE',  ( 1.000000000000000222, 0.4950000000000002176, -0.4724999999999995315 ) ) ;
#4075 = VECTOR ( 'NONE', #5039, 1000.000000000000000 ) ;
#4076 = VECTOR ( 'NONE', #1455, 1000.000000000000000 ) ;
#4077 = EDGE_CURVE ( 'NONE', #2143, #2627, #4623, .T. ) ;
#4078 = CARTESIAN_POINT ( 'NONE',  ( 0.3999999999999999667, 0.000000000000000000, -0.4000000000000000222 ) ) ;
#4079 = VECTOR ( 'NONE', #3583, 1000.000000000000000 ) ;
#4080 = VECTOR ( 'NONE', #1637, 1000.000000000000000 ) ;
#4081 = DIRECTION ( 'NONE',  ( -7.228014483236698528E-16, 0.000000000000000000, -1.000000000000000000 ) ) ;
#4082 = CARTESIAN_POINT ( 'NONE',  ( 0.3999999999999999667, 0.02750000000000000361, -0.2000000000000000666 ) ) ;
#4083 = ORIENTED_EDGE ( 'NONE', *, *, #4947, .T. ) ;
#4084 = ORIENTED_EDGE ( 'NONE', *, *, #4530, .F. ) ;
#4085 = ORIENTED_EDGE ( 'NONE', *, *, #1340, .T. ) ;
#4086 = EDGE_CURVE ( 'NONE', #2295, #5351, #4750, .T. ) ;
#4087 = LINE ( 'NONE', #542, #3949 ) ;
#4088 = ORIENTED_EDGE ( 'NONE', *, *, #5683, .F. ) ;
#4089 = DIRECTION ( 'NONE',  ( 0.000000000000000000, 0.000000000000000000, -1.000000000000000000 ) ) ;
#4090 = ORIENTED_EDGE ( 'NONE', *, *, #557, .T. ) ;
#4091 = EDGE_CURVE ( 'NONE', #4642, #4966, #642, .T. ) ;
#4092 = CARTESIAN_POINT ( 'NONE',  ( -0.3999999999999999112, 0.4950000000000001066, -0.3000000000000000444 ) ) ;
#4093 = ORIENTED_EDGE ( 'NONE', *, *, #2439, .F. ) ;
#4094 = CARTESIAN_POINT ( 'NONE',  ( 0.9725000000000002531, 0.5225000000000001865, -0.3000000000000000444 ) ) ;
#4095 = MECHANICAL_DESIGN_GEOMETRIC_PRESENTATION_REPRESENTATION (  '', ( #5880 ), #1814 ) ;
#4096 = CARTESIAN_POINT ( 'NONE',  ( 0.1000000000000000472, 0.4950000000000011058, 0.4724999999999995315 ) ) ;
#4097 = CARTESIAN_POINT ( 'NONE',  ( 0.6000000000000000888, 0.000000000000000000, -0.4000000000000000222 ) ) ;
#4098 = VECTOR ( 'NONE', #3305, 1000.000000000000000 ) ;
#4099 = EDGE_CURVE ( 'NONE', #3013, #466, #1059, .T. ) ;
#4100 = ADVANCED_FACE ( 'NONE', ( #4688 ), #2472, .F. ) ;
#4101 = AXIS2_PLACEMENT_3D ( 'NONE', #2952, #3401, #4760 ) ;
#4102 = ORIENTED_EDGE ( 'NONE', *, *, #5400, .T. ) ;
#4103 = CARTESIAN_POINT ( 'NONE',  ( -0.6000000000000000888, 0.02750000000000000361, -0.4000000000000001887 ) ) ;
#4104 = EDGE_CURVE ( 'NONE', #3584, #1709, #5189, .T. ) ;
#4105 = CARTESIAN_POINT ( 'NONE',  ( 0.3999999999999999667, 0.02750000000000000361, 0.4000000000000000777 ) ) ;
#4106 = ORIENTED_EDGE ( 'NONE', *, *, #1734, .F. ) ;
#4107 = VERTEX_POINT ( 'NONE', #2912 ) ;
#4108 = DIRECTION ( 'NONE',  ( 0.000000000000000000, 0.000000000000000000, 1.000000000000000000 ) ) ;
#4109 = EDGE_LOOP ( 'NONE', ( #4, #115, #2329, #3348 ) ) ;
#4110 = VERTEX_POINT ( 'NONE', #3796 ) ;
#4111 = CARTESIAN_POINT ( 'NONE',  ( -0.8249999999999999556, 0.5225000000000000755, 0.2500000000000000000 ) ) ;
#4112 = VERTEX_POINT ( 'NONE', #3833 ) ;
#4113 = DIRECTION ( 'NONE',  ( 0.000000000000000000, -1.000000000000000000, 0.000000000000000000 ) ) ;
#4114 = CARTESIAN_POINT ( 'NONE',  ( 0.6750000000000000444, 0.000000000000000000, -0.4000000000000000222 ) ) ;
#4115 = DIRECTION ( 'NONE',  ( -0.000000000000000000, -0.000000000000000000, 1.000000000000000000 ) ) ;
#4116 = ORIENTED_EDGE ( 'NONE', *, *, #249, .T. ) ;
#4117 = DIRECTION ( 'NONE',  ( 0.000000000000000000, 0.000000000000000000, -1.000000000000000000 ) ) ;
#4118 = ORIENTED_EDGE ( 'NONE', *, *, #5295, .T. ) ;
#4119 = DIRECTION ( 'NONE',  ( 1.000000000000000000, 0.000000000000000000, -0.000000000000000000 ) ) ;
#4120 = ORIENTED_EDGE ( 'NONE', *, *, #2086, .T. ) ;
#4121 = EDGE_CURVE ( 'NONE', #1329, #3184, #611, .T. ) ;
#4122 = CARTESIAN_POINT ( 'NONE',  ( 0.3999999999999999667, 0.5225000000000000755, -0.4000000000000000222 ) ) ;
#4123 = VERTEX_POINT ( 'NONE', #3862 ) ;
#4124 = LINE ( 'NONE', #3649, #4376 ) ;
#4125 = EDGE_LOOP ( 'NONE', ( #3845, #1988, #2170, #1722, #864, #2265, #362, #1836 ) ) ;
#4126 = LINE ( 'NONE', #5424, #623 ) ;
#4127 = DIRECTION ( 'NONE',  ( 0.000000000000000000, 0.000000000000000000, -1.000000000000000000 ) ) ;
#4128 = VECTOR ( 'NONE', #4973, 1000.000000000000000 ) ;
#4129 = ORIENTED_EDGE ( 'NONE', *, *, #2149, .T. ) ;
#4130 = LINE ( 'NONE', #4103, #3786 ) ;
#4131 = DIRECTION ( 'NONE',  ( -0.000000000000000000, 1.000000000000000000, -0.000000000000000000 ) ) ;
#4132 = ORIENTED_EDGE ( 'NONE', *, *, #2364, .T. ) ;
#4133 = ADVANCED_FACE ( 'NONE', ( #585 ), #4248, .F. ) ;
#4134 = VECTOR ( 'NONE', #4319, 1000.000000000000000 ) ;
#4135 = DIRECTION ( 'NONE',  ( -0.000000000000000000, 1.000000000000000000, -0.000000000000000000 ) ) ;
#4136 = ORIENTED_EDGE ( 'NONE', *, *, #5294, .T. ) ;
#4137 = FACE_OUTER_BOUND ( 'NONE', #527, .T. ) ;
#4138 = ORIENTED_EDGE ( 'NONE', *, *, #4245, .F. ) ;
#4139 = DIRECTION ( 'NONE',  ( -0.000000000000000000, 0.000000000000000000, 1.000000000000000000 ) ) ;
#4140 = DIRECTION ( 'NONE',  ( -1.000000000000000000, 0.000000000000000000, -7.228014483236698528E-16 ) ) ;
#4141 = CARTESIAN_POINT ( 'NONE',  ( -0.6000000000000000888, 0.02750000000000000361, -0.4000000000000000222 ) ) ;
#4142 = ORIENTED_EDGE ( 'NONE', *, *, #5745, .T. ) ;
#4143 = DIRECTION ( 'NONE',  ( -1.000000000000000000, -0.000000000000000000, -0.000000000000000000 ) ) ;
#4144 = ORIENTED_EDGE ( 'NONE', *, *, #1802, .F. ) ;
#4145 = DIRECTION ( 'NONE',  ( 0.000000000000000000, 1.000000000000000000, 0.000000000000000000 ) ) ;
#4146 = ORIENTED_EDGE ( 'NONE', *, *, #2941, .T. ) ;
#4147 = SURFACE_SIDE_STYLE ('',( #2721 ) ) ;
#4148 = VECTOR ( 'NONE', #330, 1000.000000000000000 ) ;
#4149 = VERTEX_POINT ( 'NONE', #1124 ) ;
#4150 = DIRECTION ( 'NONE',  ( -1.000000000000000000, -0.000000000000000000, 0.000000000000000000 ) ) ;
#4151 = ORIENTED_EDGE ( 'NONE', *, *, #5725, .F. ) ;
#4152 = EDGE_LOOP ( 'NONE', ( #4439, #5244, #3520, #2029 ) ) ;
#4153 = CARTESIAN_POINT ( 'NONE',  ( -0.3999999999999999667, 0.02750000000000000361, 0.4724999999999995315 ) ) ;
#4154 = CARTESIAN_POINT ( 'NONE',  ( 0.6750000000000000444, 0.4950000000000009948, -0.2500000000000000000 ) ) ;
#4155 = CARTESIAN_POINT ( 'NONE',  ( -0.3999999999999999667, 0.000000000000000000, -0.4000000000000000222 ) ) ;
#4156 = EDGE_CURVE ( 'NONE', #5390, #5351, #2052, .T. ) ;
#4157 = MANIFOLD_SOLID_BREP ( 'Boss-Extrude4[1]', #5005 ) ;
#4158 = LINE ( 'NONE', #5344, #1872 ) ;
#4159 = ORIENTED_EDGE ( 'NONE', *, *, #4171, .T. ) ;
#4160 = CARTESIAN_POINT ( 'NONE',  ( 0.3999999999999999667, -3.673940397442049175E-18, -0.4000000000000000222 ) ) ;
#4161 = STYLED_ITEM ( 'NONE', ( #1777 ), #259 ) ;
#4162 = VECTOR ( 'NONE', #3188, 1000.000000000000000 ) ;
#4163 = EDGE_CURVE ( 'NONE', #3265, #4935, #4309, .T. ) ;
#4164 = EDGE_CURVE ( 'NONE', #1183, #3551, #4824, .T. ) ;
#4165 = DIRECTION ( 'NONE',  ( -1.000000000000000000, -0.000000000000000000, -0.000000000000000000 ) ) ;
#4166 = ORIENTED_EDGE ( 'NONE', *, *, #5364, .F. ) ;
#4167 = EDGE_LOOP ( 'NONE', ( #2160, #1447, #3519, #4120 ) ) ;
#4168 = AXIS2_PLACEMENT_3D ( 'NONE', #1178, #3018, #4820 ) ;
#4169 = CARTESIAN_POINT ( 'NONE',  ( 0.000000000000000000, 0.02750000000000000361, -0.3000000000000000444 ) ) ;
#4171 = EDGE_CURVE ( 'NONE', #1937, #5031, #1180, .T. ) ;
#4170 = VERTEX_POINT ( 'NONE', #5796 ) ;
#4172 = DIRECTION ( 'NONE',  ( 0.000000000000000000, 0.000000000000000000, 1.000000000000000000 ) ) ;
#4173 = ORIENTED_EDGE ( 'NONE', *, *, #2404, .F. ) ;
#4174 = CARTESIAN_POINT ( 'NONE',  ( 0.6750000000000000444, 0.000000000000000000, -0.4000000000000000222 ) ) ;
#4175 = AXIS2_PLACEMENT_3D ( 'NONE', #1751, #4895, #4867 ) ;
#4176 = DIRECTION ( 'NONE',  ( 0.000000000000000000, 0.000000000000000000, -1.000000000000000000 ) ) ;
#4177 = DIRECTION ( 'NONE',  ( -1.000000000000000000, 0.000000000000000000, 0.000000000000000000 ) ) ;
#4178 = ORIENTED_EDGE ( 'NONE', *, *, #4289, .T. ) ;
#4179 = VECTOR ( 'NONE', #3866, 1000.000000000000000 ) ;
#4180 = ADVANCED_FACE ( 'NONE', ( #359 ), #278, .F. ) ;
#4181 = LINE ( 'NONE', #1859, #661 ) ;
#4182 = VERTEX_POINT ( 'NONE', #4387 ) ;
#4183 = LINE ( 'NONE', #5417, #814 ) ;
#4184 = ADVANCED_FACE ( 'NONE', ( #4802 ), #3046, .F. ) ;
#4185 = VECTOR ( 'NONE', #711, 1000.000000000000000 ) ;
#4186 = ORIENTED_EDGE ( 'NONE', *, *, #820, .F. ) ;
#4187 = DIRECTION ( 'NONE',  ( 0.000000000000000000, -1.000000000000000000, -1.971276677246373097E-15 ) ) ;
#4188 = ADVANCED_FACE ( 'NONE', ( #3494 ), #1157, .F. ) ;
#4189 = VECTOR ( 'NONE', #2202, 1000.000000000000000 ) ;
#4190 = CARTESIAN_POINT ( 'NONE',  ( 0.3999999999999999667, 0.02750000000000000361, -0.4724999999999995315 ) ) ;
#4191 = EDGE_LOOP ( 'NONE', ( #3168, #2489, #5793, #3329, #4073, #1874, #1826, #5758 ) ) ;
#4192 = SURFACE_STYLE_USAGE ( .BOTH. , #3423 ) ;
#4193 = ORIENTED_EDGE ( 'NONE', *, *, #4761, .T. ) ;
#4194 = CARTESIAN_POINT ( 'NONE',  ( -0.6000000000000000888, 2.081899558550501081E-17, -0.2000000000000000111 ) ) ;
#4195 = CARTESIAN_POINT ( 'NONE',  ( 0.3999999999999999667, 0.5225000000000000755, -0.5000000000000000000 ) ) ;
#4196 = PLANE ( 'NONE',  #767 ) ;
#4197 = VECTOR ( 'NONE', #1954, 1000.000000000000000 ) ;
#4198 = ORIENTED_EDGE ( 'NONE', *, *, #1971, .T. ) ;
#4199 = CARTESIAN_POINT ( 'NONE',  ( 0.3999999999999999667, -1.592040838891558417E-17, -0.5000000000000000000 ) ) ;
#4200 = CARTESIAN_POINT ( 'NONE',  ( 0.9000000000000000222, 2.081899558550501081E-17, 0.2000000000000000111 ) ) ;
#4201 = ORIENTED_EDGE ( 'NONE', *, *, #2738, .F. ) ;
#4202 = CARTESIAN_POINT ( 'NONE',  ( 0.1000000000000001582, 2.707018309146649315, 0.4724999999999994760 ) ) ;
#4203 = VECTOR ( 'NONE', #2184, 1000.000000000000000 ) ;
#4204 = DIRECTION ( 'NONE',  ( 0.000000000000000000, -1.000000000000000000, 0.000000000000000000 ) ) ;
#4205 = EDGE_LOOP ( 'NONE', ( #4996, #2024, #45, #2946, #3595, #1750, #5434, #3055 ) ) ;
#4206 = CARTESIAN_POINT ( 'NONE',  ( -0.5999999999999999778, 0.5225000000000000755, -0.4000000000000001887 ) ) ;
#4207 = ORIENTED_EDGE ( 'NONE', *, *, #4838, .T. ) ;
#4208 = LINE ( 'NONE', #3757, #2093 ) ;
#4209 = ORIENTED_EDGE ( 'NONE', *, *, #1813, .F. ) ;
#4210 = FACE_OUTER_BOUND ( 'NONE', #33, .T. ) ;
#4211 = PLANE ( 'NONE',  #5325 ) ;
#4212 = DIRECTION ( 'NONE',  ( 0.000000000000000000, 0.000000000000000000, 1.000000000000000000 ) ) ;
#4213 = FACE_OUTER_BOUND ( 'NONE', #5656, .T. ) ;
#4214 =( NAMED_UNIT ( * ) SI_UNIT ( $, .STERADIAN. ) SOLID_ANGLE_UNIT ( ) );
#4215 = VERTEX_POINT ( 'NONE', #254 ) ;
#4216 = CARTESIAN_POINT ( 'NONE',  ( -0.6750000000000000444, 0.02750000000000000361, 0.2000000000000000666 ) ) ;
#4217 = EDGE_CURVE ( 'NONE', #3164, #3549, #2083, .T. ) ;
#4218 = CARTESIAN_POINT ( 'NONE',  ( 0.9000000000000000222, 0.4950000000000011058, -0.4724999999999995315 ) ) ;
#4219 = ORIENTED_EDGE ( 'NONE', *, *, #2413, .F. ) ;
#4220 = SURFACE_STYLE_FILL_AREA ( #2027 ) ;
#4221 = VECTOR ( 'NONE', #3446, 1000.000000000000000 ) ;
#4222 = VERTEX_POINT ( 'NONE', #4405 ) ;
#4223 = DIRECTION ( 'NONE',  ( -0.000000000000000000, 1.000000000000000000, -0.000000000000000000 ) ) ;
#4224 = CARTESIAN_POINT ( 'NONE',  ( -0.6000000000000000888, 0.02750000000000000361, -0.2000000000000000666 ) ) ;
#4225 = LINE ( 'NONE', #2921, #3391 ) ;
#4226 = EDGE_LOOP ( 'NONE', ( #4861, #2951, #3706, #1862, #3769, #52, #3260, #4692 ) ) ;
#4227 = CARTESIAN_POINT ( 'NONE',  ( 1.000000000000000222, 0.02750000000000000361, 0.4724999999999995315 ) ) ;
#4228 = LINE ( 'NONE', #2037, #3409 ) ;
#4229 = DIRECTION ( 'NONE',  ( -1.000000000000000000, 0.000000000000000000, 0.000000000000000000 ) ) ;
#4230 = ORIENTED_EDGE ( 'NONE', *, *, #5659, .F. ) ;
#4231 = DIRECTION ( 'NONE',  ( 1.000000000000000000, 0.000000000000000000, 0.000000000000000000 ) ) ;
#4232 = DIRECTION ( 'NONE',  ( 0.000000000000000000, -1.000000000000000000, 0.000000000000000000 ) ) ;
#4233 = ORIENTED_EDGE ( 'NONE', *, *, #3476, .F. ) ;
#4234 = VERTEX_POINT ( 'NONE', #5293 ) ;
#4235 = ORIENTED_EDGE ( 'NONE', *, *, #140, .T. ) ;
#4236 = DIRECTION ( 'NONE',  ( -1.000000000000000000, 0.000000000000000000, 0.000000000000000000 ) ) ;
#4237 = DIRECTION ( 'NONE',  ( 0.000000000000000000, 0.000000000000000000, 1.000000000000000000 ) ) ;
#4238 = VERTEX_POINT ( 'NONE', #1653 ) ;
#4239 = VECTOR ( 'NONE', #2415, 1000.000000000000000 ) ;
#4240 = PLANE ( 'NONE',  #385 ) ;
#4241 = EDGE_CURVE ( 'NONE', #2901, #3435, #3935, .T. ) ;
#4242 = PLANE ( 'NONE',  #1062 ) ;
#4243 = CARTESIAN_POINT ( 'NONE',  ( -0.8249999999999999556, 0.000000000000000000, 0.2000000000000000389 ) ) ;
#4244 = CARTESIAN_POINT ( 'NONE',  ( -0.3250000000000000666, 0.4950000000000009948, -0.2500000000000000000 ) ) ;
#4245 = EDGE_CURVE ( 'NONE', #3050, #2984, #328, .T. ) ;
#4246 = VERTEX_POINT ( 'NONE', #3992 ) ;
#4247 = ADVANCED_FACE ( 'NONE', ( #3959 ), #5769, .F. ) ;
#4248 = PLANE ( 'NONE',  #2875 ) ;
#4249 = DIRECTION ( 'NONE',  ( 0.000000000000000000, -1.000000000000000000, 0.000000000000000000 ) ) ;
#4250 = ORIENTED_EDGE ( 'NONE', *, *, #3375, .T. ) ;
#4251 = ORIENTED_EDGE ( 'NONE', *, *, #4860, .F. ) ;
#4252 = ADVANCED_FACE ( 'NONE', ( #801 ), #2976, .F. ) ;
#4253 = AXIS2_PLACEMENT_3D ( 'NONE', #1377, #1, #2718 ) ;
#4254 = LINE ( 'NONE', #2948, #1195 ) ;
#4255 = DIRECTION ( 'NONE',  ( 0.000000000000000000, -1.000000000000000000, 1.971276677246373097E-15 ) ) ;
#4256 = DIRECTION ( 'NONE',  ( -0.000000000000000000, -1.000000000000000000, -0.000000000000000000 ) ) ;
#4257 = ORIENTED_EDGE ( 'NONE', *, *, #3262, .F. ) ;
#4258 = LINE ( 'NONE', #3776, #1445 ) ;
#4259 = CARTESIAN_POINT ( 'NONE',  ( -1.000000000000000444, 0.4950000000000011058, -0.4724999999999995315 ) ) ;
#4260 = CYLINDRICAL_SURFACE ( 'NONE', #4336, 0.01833333333333325363 ) ;
#4261 = EDGE_LOOP ( 'NONE', ( #5534, #2221, #187, #1333, #898, #962, #4668, #5404 ) ) ;
#4262 = CARTESIAN_POINT ( 'NONE',  ( -0.1000000000000000472, 0.000000000000000000, 0.4000000000000000777 ) ) ;
#4263 = DIRECTION ( 'NONE',  ( -1.000000000000000000, -0.000000000000000000, 0.000000000000000000 ) ) ;
#4264 = ORIENTED_EDGE ( 'NONE', *, *, #973, .F. ) ;
#4265 = EDGE_CURVE ( 'NONE', #539, #2039, #5690, .T. ) ;
#4266 = EDGE_CURVE ( 'NONE', #5082, #1508, #1401, .T. ) ;
#4267 = CARTESIAN_POINT ( 'NONE',  ( -1.000000000000000444, -1.592040838891558417E-17, 0.5000000000000000000 ) ) ;
#4268 = VECTOR ( 'NONE', #2266, 1000.000000000000000 ) ;
#4269 = VECTOR ( 'NONE', #2686, 1000.000000000000000 ) ;
#4270 = CARTESIAN_POINT ( 'NONE',  ( 0.6750000000000000444, 0.000000000000000000, 0.4000000000000000777 ) ) ;
#4271 = ORIENTED_EDGE ( 'NONE', *, *, #4335, .T. ) ;
#4272 = PLANE ( 'NONE',  #105 ) ;
#4273 = CLOSED_SHELL ( 'NONE', ( #2873, #554, #4843, #5567, #1952, #3019, #4526, #1567, #1973, #2183, #1487, #2651, #2761, #3533, #5731, #768, #4674, #133 ) ) ;
#4274 = AXIS2_PLACEMENT_3D ( 'NONE', #5121, #5154, #4212 ) ;
#4275 = LINE ( 'NONE', #1568, #4850 ) ;
#4276 = DIRECTION ( 'NONE',  ( 0.000000000000000000, -1.000000000000000000, 1.971276677246373097E-15 ) ) ;
#4277 = FILL_AREA_STYLE ('',( #2525 ) ) ;
#4278 = ADVANCED_FACE ( 'NONE', ( #5821 ), #1731, .F. ) ;
#4279 = EDGE_LOOP ( 'NONE', ( #966, #3282, #2529, #4955 ) ) ;
#4280 = CARTESIAN_POINT ( 'NONE',  ( 0.1749999999999999611, 0.000000000000000000, 0.4000000000000000777 ) ) ;
#4281 = DIRECTION ( 'NONE',  ( -0.000000000000000000, 1.000000000000000000, -0.000000000000000000 ) ) ;
#4282 = ORIENTED_EDGE ( 'NONE', *, *, #1185, .T. ) ;
#4283 = ORIENTED_EDGE ( 'NONE', *, *, #140, .F. ) ;
#4284 = VECTOR ( 'NONE', #1336, 1000.000000000000000 ) ;
#4285 = DIRECTION ( 'NONE',  ( -1.000000000000000000, 0.000000000000000000, 0.000000000000000000 ) ) ;
#4286 = AXIS2_PLACEMENT_3D ( 'NONE', #5004, #2793, #5516 ) ;
#4287 = CARTESIAN_POINT ( 'NONE',  ( 0.3999999999999999667, 2.081899558550501081E-17, -0.2000000000000000111 ) ) ;
#4288 = CARTESIAN_POINT ( 'NONE',  ( 0.1000000000000000472, 0.4950000000000009948, 0.4000000000000000777 ) ) ;
#4289 = EDGE_CURVE ( 'NONE', #4234, #883, #5437, .T. ) ;
#4290 = VERTEX_POINT ( 'NONE', #1369 ) ;
#4291 = CARTESIAN_POINT ( 'NONE',  ( -0.1000000000000000472, 0.02750000000000000361, 0.4724999999999995315 ) ) ;
#4292 = DIRECTION ( 'NONE',  ( 0.000000000000000000, 0.000000000000000000, -1.000000000000000000 ) ) ;
#4293 = DIRECTION ( 'NONE',  ( -1.000000000000000000, 0.000000000000000000, -7.228014483236719235E-16 ) ) ;
#4294 = EDGE_LOOP ( 'NONE', ( #258, #1898, #4878, #640, #2590, #320, #164, #1864 ) ) ;
#4295 = DIRECTION ( 'NONE',  ( -0.000000000000000000, -0.000000000000000000, 1.000000000000000000 ) ) ;
#4296 = DIRECTION ( 'NONE',  ( 0.000000000000000000, 0.000000000000000000, 1.000000000000000000 ) ) ;
#4297 = ORIENTED_EDGE ( 'NONE', *, *, #3658, .T. ) ;
#4298 = ADVANCED_FACE ( 'NONE', ( #4515 ), #3157, .F. ) ;
#4299 = ADVANCED_FACE ( 'NONE', ( #4490 ), #1341, .T. ) ;
#4300 = DIRECTION ( 'NONE',  ( 0.000000000000000000, -1.000000000000000000, 0.000000000000000000 ) ) ;
#4301 = CARTESIAN_POINT ( 'NONE',  ( 1.602515559965051795, 0.5225000000000000755, 0.3000000000000000444 ) ) ;
#4302 = AXIS2_PLACEMENT_3D ( 'NONE', #2527, #4334, #3886 ) ;
#4303 = ORIENTED_EDGE ( 'NONE', *, *, #1018, .F. ) ;
#4304 = DIRECTION ( 'NONE',  ( 1.000000000000000000, 0.000000000000000000, 0.000000000000000000 ) ) ;
#4305 = DIRECTION ( 'NONE',  ( -0.000000000000000000, -0.000000000000000000, 1.000000000000000000 ) ) ;
#4306 = DIRECTION ( 'NONE',  ( 1.000000000000000000, -0.000000000000000000, 1.084202172485503941E-16 ) ) ;
#4307 = VECTOR ( 'NONE', #5581, 1000.000000000000000 ) ;
#4308 = FILL_AREA_STYLE ('',( #98 ) ) ;
#4309 = LINE ( 'NONE', #3421, #1539 ) ;
#4310 = DIRECTION ( 'NONE',  ( -1.000000000000000000, -0.000000000000000000, -0.000000000000000000 ) ) ;
#4311 = CARTESIAN_POINT ( 'NONE',  ( -0.6000000000000000888, 2.707018309146649315, -0.4724999999999994205 ) ) ;
#4312 = ORIENTED_EDGE ( 'NONE', *, *, #2391, .F. ) ;
#4313 = DIRECTION ( 'NONE',  ( 0.000000000000000000, 1.000000000000000000, -0.000000000000000000 ) ) ;
#4314 = ADVANCED_FACE ( 'NONE', ( #3222 ), #5879, .F. ) ;
#4315 = DIRECTION ( 'NONE',  ( 1.000000000000000000, 0.000000000000000000, 0.000000000000000000 ) ) ;
#4316 = DIRECTION ( 'NONE',  ( -0.000000000000000000, 0.000000000000000000, 1.000000000000000000 ) ) ;
#4317 = DIRECTION ( 'NONE',  ( 1.000000000000000000, 0.000000000000000000, 0.000000000000000000 ) ) ;
#4318 = CARTESIAN_POINT ( 'NONE',  ( 0.1000000000000000472, 0.000000000000000000, -0.4000000000000000222 ) ) ;
#4319 = DIRECTION ( 'NONE',  ( -2.710505431213758620E-16, 0.000000000000000000, -1.000000000000000000 ) ) ;
#4320 = EDGE_LOOP ( 'NONE', ( #4495, #276, #5765, #2728 ) ) ;
#4321 = PLANE ( 'NONE',  #569 ) ;
#4322 = LINE ( 'NONE', #663, #1045 ) ;
#4323 = VERTEX_POINT ( 'NONE', #418 ) ;
#4324 = ADVANCED_FACE ( 'NONE', ( #504 ), #5409, .F. ) ;
#4325 = CARTESIAN_POINT ( 'NONE',  ( -0.1000000000000000472, -1.592040838891558417E-17, -0.5000000000000000000 ) ) ;
#4326 = EDGE_CURVE ( 'NONE', #4410, #4170, #5850, .T. ) ;
#4327 = EDGE_LOOP ( 'NONE', ( #3678, #5771, #1738, #3611, #903, #2604, #5211, #5835, #4737, #2474, #5270, #3694, #3408, #5394, #5589, #3424, #3674, #2215, #60, #4083, #1860, #4613, #1747, #5449, #853, #2837, #4805, #511 ) ) ;
#4328 = CARTESIAN_POINT ( 'NONE',  ( -0.6000000000000000888, 0.000000000000000000, 0.000000000000000000 ) ) ;
#4329 = CARTESIAN_POINT ( 'NONE',  ( -0.1000000000000000472, 0.5225000000000000755, -0.5000000000000000000 ) ) ;
#4330 = DIRECTION ( 'NONE',  ( -1.000000000000000000, -0.000000000000000000, -0.000000000000000000 ) ) ;
#4331 = PLANE ( 'NONE',  #1402 ) ;
#4332 = VECTOR ( 'NONE', #1745, 1000.000000000000000 ) ;
#4333 = DIRECTION ( 'NONE',  ( 0.000000000000000000, 0.000000000000000000, 1.000000000000000000 ) ) ;
#4334 = DIRECTION ( 'NONE',  ( 1.000000000000000000, 0.000000000000000000, -0.000000000000000000 ) ) ;
#4335 = EDGE_CURVE ( 'NONE', #3514, #167, #444, .T. ) ;
#4336 = AXIS2_PLACEMENT_3D ( 'NONE', #2004, #3372, #4733 ) ;
#4337 = FACE_OUTER_BOUND ( 'NONE', #2064, .T. ) ;
#4338 = ORIENTED_EDGE ( 'NONE', *, *, #4606, .T. ) ;
#4339 = DIRECTION ( 'NONE',  ( 0.000000000000000000, 0.000000000000000000, -1.000000000000000000 ) ) ;
#4340 = CARTESIAN_POINT ( 'NONE',  ( 1.000000000000000222, 0.02750000000000000361, -0.4724999999999995315 ) ) ;
#4341 = CARTESIAN_POINT ( 'NONE',  ( -0.3250000000000000666, 0.5225000000000000755, 0.2500000000000000000 ) ) ;
#4342 = CARTESIAN_POINT ( 'NONE',  ( -0.3250000000000000666, 0.4950000000000009948, 0.2500000000000000000 ) ) ;
#4343 = AXIS2_PLACEMENT_3D ( 'NONE', #2022, #5187, #1121 ) ;
#4344 = DIRECTION ( 'NONE',  ( 0.000000000000000000, 0.000000000000000000, 1.000000000000000000 ) ) ;
#4345 = VECTOR ( 'NONE', #5105, 1000.000000000000000 ) ;
#4346 = CARTESIAN_POINT ( 'NONE',  ( -0.6000000000000000888, 0.02750000000000000361, 0.2000000000000000666 ) ) ;
#4347 = EDGE_CURVE ( 'NONE', #1852, #4107, #4578, .T. ) ;
#4348 = CARTESIAN_POINT ( 'NONE',  ( 1.000000000000000222, 2.707018309146649315, 0.4724999999999995315 ) ) ;
#4349 = AXIS2_PLACEMENT_3D ( 'NONE', #4778, #2854, #5573 ) ;
#4350 = EDGE_CURVE ( 'NONE', #4839, #5334, #2303, .T. ) ;
#4351 = DIRECTION ( 'NONE',  ( -1.000000000000000000, -0.000000000000000000, 0.000000000000000000 ) ) ;
#4352 = EDGE_CURVE ( 'NONE', #2154, #5580, #26, .T. ) ;
#4353 = ORIENTED_EDGE ( 'NONE', *, *, #3800, .T. ) ;
#4354 = DIRECTION ( 'NONE',  ( 0.000000000000000000, 0.000000000000000000, -1.000000000000000000 ) ) ;
#4355 = ORIENTED_EDGE ( 'NONE', *, *, #880, .F. ) ;
#4356 = ADVANCED_FACE ( 'NONE', ( #3187 ), #4899, .F. ) ;
#4357 = EDGE_CURVE ( 'NONE', #4110, #4880, #2741, .T. ) ;
#4358 = CARTESIAN_POINT ( 'NONE',  ( 0.3999999999999999667, 0.02750000000000000361, -0.4000000000000000222 ) ) ;
#4359 = LINE ( 'NONE', #5290, #2179 ) ;
#4360 = VECTOR ( 'NONE', #5786, 1000.000000000000000 ) ;
#4361 = VECTOR ( 'NONE', #4898, 1000.000000000000000 ) ;
#4362 = EDGE_CURVE ( 'NONE', #1383, #531, #476, .T. ) ;
#4363 = LINE ( 'NONE', #754, #1499 ) ;
#4364 = ADVANCED_FACE ( 'NONE', ( #5019 ), #956, .T. ) ;
#4365 = ORIENTED_EDGE ( 'NONE', *, *, #3003, .T. ) ;
#4366 = FACE_OUTER_BOUND ( 'NONE', #1139, .T. ) ;
#4367 = LINE ( 'NONE', #285, #5698 ) ;
#4368 = DIRECTION ( 'NONE',  ( 0.000000000000000000, -1.000000000000000000, 0.000000000000000000 ) ) ;
#4369 = LINE ( 'NONE', #4447, #2193 ) ;
#4370 = AXIS2_PLACEMENT_3D ( 'NONE', #644, #3742, #4660 ) ;
#4371 = LINE ( 'NONE', #5780, #3197 ) ;
#4372 = AXIS2_PLACEMENT_3D ( 'NONE', #5338, #4889, #819 ) ;
#4373 = PLANE ( 'NONE',  #3759 ) ;
#4374 = VECTOR ( 'NONE', #5242, 1000.000000000000000 ) ;
#4375 = PLANE ( 'NONE',  #3603 ) ;
#4376 = VECTOR ( 'NONE', #38, 1000.000000000000000 ) ;
#4377 = PRESENTATION_LAYER_ASSIGNMENT (  '', '', ( #2865 ) ) ;
#4378 = VERTEX_POINT ( 'NONE', #5500 ) ;
#4379 = LINE ( 'NONE', #699, #3625 ) ;
#4380 = VERTEX_POINT ( 'NONE', #1566 ) ;
#4381 = VECTOR ( 'NONE', #5477, 1000.000000000000000 ) ;
#4383 = EDGE_LOOP ( 'NONE', ( #2933, #3744, #3102, #2446 ) ) ;
#4382 = CARTESIAN_POINT ( 'NONE',  ( -0.3999999999999999667, 0.000000000000000000, 0.4000000000000000777 ) ) ;
#4384 = DIRECTION ( 'NONE',  ( 0.000000000000000000, 0.000000000000000000, -1.000000000000000000 ) ) ;
#4385 = DIRECTION ( 'NONE',  ( 0.000000000000000000, 0.000000000000000000, 1.000000000000000000 ) ) ;
#4386 = VECTOR ( 'NONE', #859, 1000.000000000000000 ) ;
#4387 = CARTESIAN_POINT ( 'NONE',  ( -0.8249999999999999556, 0.5225000000000000755, -0.2500000000000000000 ) ) ;
#4388 = CARTESIAN_POINT ( 'NONE',  ( 0.1749999999999999611, 0.000000000000000000, 0.4000000000000000777 ) ) ;
#4389 = ORIENTED_EDGE ( 'NONE', *, *, #1293, .F. ) ;
#4390 = LINE ( 'NONE', #2114, #3560 ) ;
#4391 = CARTESIAN_POINT ( 'NONE',  ( -0.8249999999999999556, 0.000000000000000000, -0.4000000000000000222 ) ) ;
#4392 = CARTESIAN_POINT ( 'NONE',  ( 0.8249999999999999556, 0.4950000000000009948, -0.2500000000000000000 ) ) ;
#4393 = PLANE ( 'NONE',  #1974 ) ;
#4394 = EDGE_LOOP ( 'NONE', ( #1892, #2884, #3093, #4780 ) ) ;
#4395 = PLANE ( 'NONE',  #3941 ) ;
#4396 = DIRECTION ( 'NONE',  ( 0.000000000000000000, 0.000000000000000000, -1.000000000000000000 ) ) ;
#4397 = VECTOR ( 'NONE', #5735, 1000.000000000000000 ) ;
#4398 = ORIENTED_EDGE ( 'NONE', *, *, #512, .T. ) ;
#4399 = CARTESIAN_POINT ( 'NONE',  ( 1.000000000000000222, 2.707018309146649315, -0.4724999999999995315 ) ) ;
#4400 = CARTESIAN_POINT ( 'NONE',  ( -0.1750000000000000167, 0.4950000000000009948, -0.2500000000000000000 ) ) ;
#4402 = ORIENTED_EDGE ( 'NONE', *, *, #4917, .F. ) ;
#4401 = LINE ( 'NONE', #3931, #4221 ) ;
#4403 = CARTESIAN_POINT ( 'NONE',  ( -0.6750000000000000444, 0.5225000000000000755, -0.2500000000000000000 ) ) ;
#4404 = EDGE_CURVE ( 'NONE', #1841, #3662, #2808, .T. ) ;
#4405 = CARTESIAN_POINT ( 'NONE',  ( -0.8249999999999999556, 0.000000000000000000, -0.2000000000000000111 ) ) ;
#4406 = VECTOR ( 'NONE', #2919, 1000.000000000000000 ) ;
#4407 = CARTESIAN_POINT ( 'NONE',  ( -0.6750000000000000444, 0.02750000000000000361, 0.2000000000000000389 ) ) ;
#4408 = ORIENTED_EDGE ( 'NONE', *, *, #954, .T. ) ;
#4409 = ORIENTED_EDGE ( 'NONE', *, *, #2084, .T. ) ;
#4410 = VERTEX_POINT ( 'NONE', #1433 ) ;
#4411 = ADVANCED_FACE ( 'NONE', ( #1022 ), #4240, .F. ) ;
#4412 = DIRECTION ( 'NONE',  ( -0.000000000000000000, 0.000000000000000000, -1.000000000000000000 ) ) ;
#4413 = EDGE_CURVE ( 'NONE', #4215, #1560, #4681, .T. ) ;
#4414 = ORIENTED_EDGE ( 'NONE', *, *, #5282, .F. ) ;
#4415 = LINE ( 'NONE', #5746, #89 ) ;
#4416 = VECTOR ( 'NONE', #5230, 1000.000000000000000 ) ;
#4417 = FACE_OUTER_BOUND ( 'NONE', #1820, .T. ) ;
#4418 = ADVANCED_FACE ( 'NONE', ( #3760 ), #3284, .F. ) ;
#4419 = DIRECTION ( 'NONE',  ( 0.000000000000000000, 0.000000000000000000, 1.000000000000000000 ) ) ;
#4420 = VERTEX_POINT ( 'NONE', #127 ) ;
#4421 = CARTESIAN_POINT ( 'NONE',  ( 0.3999999999999999667, 0.02750000000000000361, 0.4724999999999995315 ) ) ;
#4422 = CARTESIAN_POINT ( 'NONE',  ( -1.000000000000000444, 0.02750000000000000361, 0.4724999999999993650 ) ) ;
#4423 = VECTOR ( 'NONE', #5703, 1000.000000000000000 ) ;
#4424 = ADVANCED_FACE ( 'NONE', ( #575 ), #984, .F. ) ;
#4425 = UNCERTAINTY_MEASURE_WITH_UNIT (LENGTH_MEASURE( 1.000000000000000082E-05 ), #4691, 'distance_accuracy_value', 'NONE');
#4426 = CARTESIAN_POINT ( 'NONE',  ( 0.6000000000000000888, 0.000000000000000000, -0.4000000000000000222 ) ) ;
#4427 = ADVANCED_FACE ( 'NONE', ( #5151 ), #2934, .F. ) ;
#4428 = VECTOR ( 'NONE', #2528, 1000.000000000000000 ) ;
#4429 = VERTEX_POINT ( 'NONE', #1082 ) ;
#4430 = LINE ( 'NONE', #1300, #2577 ) ;
#4431 = VERTEX_POINT ( 'NONE', #3255 ) ;
#4432 = CARTESIAN_POINT ( 'NONE',  ( -0.6000000000000000888, 2.081899558550501081E-17, 0.2000000000000000111 ) ) ;
#4434 = EDGE_LOOP ( 'NONE', ( #952, #5499, #875, #3547, #997, #5146, #1217, #1927 ) ) ;
#4433 = CARTESIAN_POINT ( 'NONE',  ( -0.9725000000000004752, 0.4950000000000011058, 0.2499999999999998890 ) ) ;
#4435 = LINE ( 'NONE', #1651, #5214 ) ;
#4436 = DIRECTION ( 'NONE',  ( 0.000000000000000000, 0.000000000000000000, 1.000000000000000000 ) ) ;
#4437 = LINE ( 'NONE', #5718, #1294 ) ;
#4438 = ORIENTED_EDGE ( 'NONE', *, *, #2070, .T. ) ;
#4439 = ORIENTED_EDGE ( 'NONE', *, *, #5117, .T. ) ;
#4440 = AXIS2_PLACEMENT_3D ( 'NONE', #4611, #3380, #1111 ) ;
#4441 = VERTEX_POINT ( 'NONE', #2877 ) ;
#4442 = CARTESIAN_POINT ( 'NONE',  ( -0.3250000000000000666, 0.000000000000000000, 0.4000000000000000777 ) ) ;
#4443 = ORIENTED_EDGE ( 'NONE', *, *, #812, .T. ) ;
#4444 = LINE ( 'NONE', #1741, #3900 ) ;
#4445 = VECTOR ( 'NONE', #5156, 1000.000000000000000 ) ;
#4446 = AXIS2_PLACEMENT_3D ( 'NONE', #3072, #4871, #2108 ) ;
#4447 = CARTESIAN_POINT ( 'NONE',  ( 1.000000000000000222, -1.592040838891558417E-17, -0.5000000000000000000 ) ) ;
#4448 = VERTEX_POINT ( 'NONE', #5083 ) ;
#4449 = DIRECTION ( 'NONE',  ( -1.000000000000000000, -0.000000000000000000, -0.000000000000000000 ) ) ;
#4450 = FACE_OUTER_BOUND ( 'NONE', #4226, .T. ) ;
#4451 = ORIENTED_EDGE ( 'NONE', *, *, #4786, .F. ) ;
#4452 = DIRECTION ( 'NONE',  ( 0.000000000000000000, 0.000000000000000000, -1.000000000000000000 ) ) ;
#4453 = VECTOR ( 'NONE', #2818, 1000.000000000000000 ) ;
#4454 = VECTOR ( 'NONE', #3717, 1000.000000000000000 ) ;
#4455 = VECTOR ( 'NONE', #1478, 1000.000000000000000 ) ;
#4456 = EDGE_CURVE ( 'NONE', #4976, #3195, #4648, .T. ) ;
#4457 = VERTEX_POINT ( 'NONE', #2842 ) ;
#4458 = EDGE_CURVE ( 'NONE', #5677, #763, #2366, .T. ) ;
#4459 = DIRECTION ( 'NONE',  ( 0.000000000000000000, 1.924619241098528788E-16, -1.000000000000000000 ) ) ;
#4460 = ORIENTED_EDGE ( 'NONE', *, *, #3977, .T. ) ;
#4461 = DIRECTION ( 'NONE',  ( 0.000000000000000000, 0.000000000000000000, 1.000000000000000000 ) ) ;
#4463 = VERTEX_POINT ( 'NONE', #57 ) ;
#4462 = LINE ( 'NONE', #5519, #1387 ) ;
#4464 = CARTESIAN_POINT ( 'NONE',  ( -0.5999999999999999778, 0.4950000000000001066, 0.000000000000000000 ) ) ;
#4465 = CARTESIAN_POINT ( 'NONE',  ( -0.1750000000000000167, 0.000000000000000000, 0.4000000000000000777 ) ) ;
#4466 = DIRECTION ( 'NONE',  ( 2.710505431213760592E-16, 0.000000000000000000, 1.000000000000000000 ) ) ;
#4467 = DIRECTION ( 'NONE',  ( -1.000000000000000000, -0.000000000000000000, -0.000000000000000000 ) ) ;
#4468 = EDGE_LOOP ( 'NONE', ( #5052, #1374, #1957, #1061, #2414, #5304, #3251, #1858 ) ) ;
#4469 = ORIENTED_EDGE ( 'NONE', *, *, #393, .F. ) ;
#4470 = ORIENTED_EDGE ( 'NONE', *, *, #4504, .F. ) ;
#4471 = CARTESIAN_POINT ( 'NONE',  ( -0.1750000000000000167, 0.5225000000000000755, 0.2500000000000000000 ) ) ;
#4472 = ORIENTED_EDGE ( 'NONE', *, *, #2571, .F. ) ;
#4473 = DIRECTION ( 'NONE',  ( -1.000000000000000000, 0.000000000000000000, 0.000000000000000000 ) ) ;
#4474 = LINE ( 'NONE', #5421, #85 ) ;
#4475 = ORIENTED_EDGE ( 'NONE', *, *, #1891, .T. ) ;
#4476 = CARTESIAN_POINT ( 'NONE',  ( -0.6000000000000000888, 0.4950000000000011058, 0.4724999999999995315 ) ) ;
#4477 = LINE ( 'NONE', #5728, #5452 ) ;
#4478 = CARTESIAN_POINT ( 'NONE',  ( -0.3250000000000000666, 0.000000000000000000, 0.4000000000000000777 ) ) ;
#4479 = ADVANCED_FACE ( 'NONE', ( #5116 ), #4711, .F. ) ;
#4480 = SURFACE_STYLE_FILL_AREA ( #1843 ) ;
#4481 = ADVANCED_FACE ( 'NONE', ( #5628 ), #2466, .F. ) ;
#4482 = ORIENTED_EDGE ( 'NONE', *, *, #4488, .T. ) ;
#4483 = CARTESIAN_POINT ( 'NONE',  ( -0.3250000000000000666, 0.000000000000000000, 0.4000000000000000777 ) ) ;
#4484 = ORIENTED_EDGE ( 'NONE', *, *, #1128, .T. ) ;
#4485 = CARTESIAN_POINT ( 'NONE',  ( -0.3250000000000000666, 0.000000000000000000, 0.4000000000000000777 ) ) ;
#4487 = ORIENTED_EDGE ( 'NONE', *, *, #5456, .T. ) ;
#4486 = DIRECTION ( 'NONE',  ( 0.000000000000000000, 0.000000000000000000, 1.000000000000000000 ) ) ;
#4488 = EDGE_CURVE ( 'NONE', #1105, #3164, #1947, .T. ) ;
#4489 = PLANE ( 'NONE',  #3688 ) ;
#4490 = FACE_OUTER_BOUND ( 'NONE', #769, .T. ) ;
#4491 = CARTESIAN_POINT ( 'NONE',  ( -0.3250000000000000666, 0.000000000000000000, 0.4000000000000000777 ) ) ;
#4492 = CARTESIAN_POINT ( 'NONE',  ( 0.1000000000000000472, 0.02750000000000000361, 0.4724999999999995315 ) ) ;
#4493 = ORIENTED_EDGE ( 'NONE', *, *, #5190, .F. ) ;
#4494 = ORIENTED_EDGE ( 'NONE', *, *, #4086, .F. ) ;
#4495 = ORIENTED_EDGE ( 'NONE', *, *, #2209, .T. ) ;
#4496 = CARTESIAN_POINT ( 'NONE',  ( 0.3999999999999999667, 0.5225000000000000755, 0.4000000000000000777 ) ) ;
#4497 = VERTEX_POINT ( 'NONE', #1922 ) ;
#4498 = CARTESIAN_POINT ( 'NONE',  ( -0.6000000000000000888, 2.081899558550501081E-17, -0.2000000000000000111 ) ) ;
#4499 = EDGE_LOOP ( 'NONE', ( #517, #3736, #2477, #295 ) ) ;
#4500 = DIRECTION ( 'NONE',  ( 2.710505431213760592E-16, 0.000000000000000000, 1.000000000000000000 ) ) ;
#4501 = VECTOR ( 'NONE', #4693, 1000.000000000000000 ) ;
#4502 = CARTESIAN_POINT ( 'NONE',  ( -0.1000000000000000472, 0.4950000000000009948, 0.4000000000000000777 ) ) ;
#4503 = SURFACE_SIDE_STYLE ('',( #4480 ) ) ;
#4504 = EDGE_CURVE ( 'NONE', #2346, #1779, #5053, .T. ) ;
#4505 = LINE ( 'NONE', #1878, #3885 ) ;
#4506 = VERTEX_POINT ( 'NONE', #1501 ) ;
#4507 = ADVANCED_FACE ( 'NONE', ( #4210 ), #4272, .F. ) ;
#4508 = CARTESIAN_POINT ( 'NONE',  ( 0.6750000000000000444, 0.000000000000000000, 0.4000000000000000777 ) ) ;
#4509 = EDGE_CURVE ( 'NONE', #481, #246, #2048, .T. ) ;
#4510 = VERTEX_POINT ( 'NONE', #2126 ) ;
#4511 = VERTEX_POINT ( 'NONE', #2521 ) ;
#4512 = PRESENTATION_LAYER_ASSIGNMENT (  '', '', ( #1116 ) ) ;
#4513 = DIRECTION ( 'NONE',  ( -2.710505431213760592E-16, 0.000000000000000000, -1.000000000000000000 ) ) ;
#4514 = VECTOR ( 'NONE', #404, 1000.000000000000000 ) ;
#4516 = EDGE_CURVE ( 'NONE', #4642, #4448, #4840, .T. ) ;
#4515 = FACE_OUTER_BOUND ( 'NONE', #4261, .T. ) ;
#4517 = CARTESIAN_POINT ( 'NONE',  ( -0.6000000000000000888, 0.02750000000000000361, 0.2000000000000000666 ) ) ;
#4518 = CARTESIAN_POINT ( 'NONE',  ( 0.3999999999999999667, 0.4950000000000011058, 0.4724999999999995315 ) ) ;
#4519 = ORIENTED_EDGE ( 'NONE', *, *, #5478, .F. ) ;
#4520 = ORIENTED_EDGE ( 'NONE', *, *, #4886, .T. ) ;
#4521 = ORIENTED_EDGE ( 'NONE', *, *, #3316, .T. ) ;
#4522 = DIRECTION ( 'NONE',  ( 0.000000000000000000, 0.000000000000000000, 1.000000000000000000 ) ) ;
#4523 = EDGE_CURVE ( 'NONE', #4831, #78, #3928, .T. ) ;
#4524 = ORIENTED_EDGE ( 'NONE', *, *, #1928, .T. ) ;
#4525 = CARTESIAN_POINT ( 'NONE',  ( 0.3250000000000000111, 0.02750000000000000361, -0.4000000000000000222 ) ) ;
#4526 = ADVANCED_FACE ( 'NONE', ( #2151 ), #1199, .F. ) ;
#4527 = ORIENTED_EDGE ( 'NONE', *, *, #4456, .T. ) ;
#4528 = LINE ( 'NONE', #3682, #3708 ) ;
#4529 = ORIENTED_EDGE ( 'NONE', *, *, #991, .T. ) ;
#4530 = EDGE_CURVE ( 'NONE', #70, #5505, #5760, .T. ) ;
#4531 = STYLED_ITEM ( 'NONE', ( #3065 ), #119 ) ;
#4532 = VECTOR ( 'NONE', #3636, 1000.000000000000000 ) ;
#4533 = LINE ( 'NONE', #519, #3860 ) ;
#4534 = ORIENTED_EDGE ( 'NONE', *, *, #3453, .F. ) ;
#4535 = LINE ( 'NONE', #5425, #5016 ) ;
#4536 = VECTOR ( 'NONE', #4143, 1000.000000000000000 ) ;
#4537 = AXIS2_PLACEMENT_3D ( 'NONE', #3689, #48, #3211 ) ;
#4538 = VERTEX_POINT ( 'NONE', #770 ) ;
#4539 = PRESENTATION_STYLE_ASSIGNMENT (( #3657 ) ) ;
#4540 = CARTESIAN_POINT ( 'NONE',  ( 0.8250000000000001776, 0.000000000000000000, 0.2000000000000000389 ) ) ;
#4541 = EDGE_LOOP ( 'NONE', ( #1585, #331, #3317, #430, #3734, #1241, #2241, #1254 ) ) ;
#4542 = ORIENTED_EDGE ( 'NONE', *, *, #5273, .T. ) ;
#4543 = CARTESIAN_POINT ( 'NONE',  ( 0.6000000000000000888, 0.02750000000000000361, 0.4724999999999995315 ) ) ;
#4544 = EDGE_LOOP ( 'NONE', ( #848, #3471, #3321, #610 ) ) ;
#4545 = VECTOR ( 'NONE', #4150, 1000.000000000000000 ) ;
#4546 = ORIENTED_EDGE ( 'NONE', *, *, #200, .F. ) ;
#4547 = DIRECTION ( 'NONE',  ( 1.000000000000000000, 0.000000000000000000, 0.000000000000000000 ) ) ;
#4548 = EDGE_CURVE ( 'NONE', #220, #929, #4817, .T. ) ;
#4549 = VECTOR ( 'NONE', #5280, 1000.000000000000000 ) ;
#4550 = EDGE_LOOP ( 'NONE', ( #916, #4116, #5829, #2273 ) ) ;
#4551 = VECTOR ( 'NONE', #596, 1000.000000000000000 ) ;
#4552 = DIRECTION ( 'NONE',  ( -1.000000000000000000, -0.000000000000000000, 0.000000000000000000 ) ) ;
#4553 = LINE ( 'NONE', #1308, #3592 ) ;
#4554 = LINE ( 'NONE', #4141, #5671 ) ;
#4555 = ORIENTED_EDGE ( 'NONE', *, *, #1607, .F. ) ;
#4556 = ORIENTED_EDGE ( 'NONE', *, *, #4099, .F. ) ;
#4557 = VERTEX_POINT ( 'NONE', #2991 ) ;
#4558 = DIRECTION ( 'NONE',  ( -1.000000000000000000, -0.000000000000000000, 0.000000000000000000 ) ) ;
#4559 = ORIENTED_EDGE ( 'NONE', *, *, #822, .T. ) ;
#4560 = SURFACE_STYLE_USAGE ( .BOTH. , #4147 ) ;
#4561 = EDGE_LOOP ( 'NONE', ( #5418, #591, #5467, #371 ) ) ;
#4562 = CARTESIAN_POINT ( 'NONE',  ( -0.9725000000000004752, 0.5225000000000001865, -0.2500000000000000000 ) ) ;
#4563 = VERTEX_POINT ( 'NONE', #2970 ) ;
#4564 = LINE ( 'NONE', #4094, #337 ) ;
#4565 = VECTOR ( 'NONE', #4552, 1000.000000000000000 ) ;
#4566 = EDGE_CURVE ( 'NONE', #1170, #5334, #2103, .T. ) ;
#4567 = CARTESIAN_POINT ( 'NONE',  ( 0.3250000000000000111, 0.5225000000000000755, -0.2500000000000000000 ) ) ;
#4568 = CARTESIAN_POINT ( 'NONE',  ( 0.3999999999999999667, -1.592040838891558417E-17, -0.5000000000000000000 ) ) ;
#4569 = VECTOR ( 'NONE', #2980, 1000.000000000000000 ) ;
#4570 = ORIENTED_EDGE ( 'NONE', *, *, #5374, .T. ) ;
#4571 = CARTESIAN_POINT ( 'NONE',  ( 0.9725000000000002531, 0.5500000000000000444, -0.2816666666666666208 ) ) ;
#4572 = FACE_OUTER_BOUND ( 'NONE', #2585, .T. ) ;
#4573 = ORIENTED_EDGE ( 'NONE', *, *, #954, .F. ) ;
#4574 = ORIENTED_EDGE ( 'NONE', *, *, #5683, .T. ) ;
#4575 = CARTESIAN_POINT ( 'NONE',  ( -0.3250000000000000666, 0.000000000000000000, -0.4000000000000000222 ) ) ;
#4576 = CARTESIAN_POINT ( 'NONE',  ( 0.1000000000000001860, 0.4950000000000001066, -2.710505431213763550E-17 ) ) ;
#4577 = ORIENTED_EDGE ( 'NONE', *, *, #1160, .T. ) ;
#4578 = LINE ( 'NONE', #1757, #3821 ) ;
#4579 = CARTESIAN_POINT ( 'NONE',  ( -0.1750000000000000167, 0.4950000000000009948, 0.2500000000000000000 ) ) ;
#4580 = PLANE ( 'NONE',  #3574 ) ;
#4581 = ORIENTED_EDGE ( 'NONE', *, *, #1732, .T. ) ;
#4582 = DIRECTION ( 'NONE',  ( 1.000000000000000000, 0.000000000000000000, 0.000000000000000000 ) ) ;
#4583 = EDGE_LOOP ( 'NONE', ( #377, #3631, #1647, #3352 ) ) ;
#4584 = PLANE ( 'NONE',  #2353 ) ;
#4585 = EDGE_CURVE ( 'NONE', #3765, #1183, #4773, .T. ) ;
#4586 = VERTEX_POINT ( 'NONE', #272 ) ;
#4587 = PLANE ( 'NONE',  #1626 ) ;
#4588 = ORIENTED_EDGE ( 'NONE', *, *, #3894, .F. ) ;
#4589 = CARTESIAN_POINT ( 'NONE',  ( 0.6000000000000000888, 0.02750000000000000361, -0.4724999999999995315 ) ) ;
#4590 = ORIENTED_EDGE ( 'NONE', *, *, #856, .F. ) ;
#4591 = PRESENTATION_STYLE_ASSIGNMENT (( #2316 ) ) ;
#4592 = EDGE_CURVE ( 'NONE', #4704, #3656, #3903, .T. ) ;
#4593 = EDGE_CURVE ( 'NONE', #1740, #4066, #5658, .T. ) ;
#4594 = ORIENTED_EDGE ( 'NONE', *, *, #3427, .F. ) ;
#4595 = DIRECTION ( 'NONE',  ( -0.000000000000000000, 1.000000000000000000, 1.971276677246373097E-15 ) ) ;
#4596 = DIRECTION ( 'NONE',  ( 0.000000000000000000, -1.000000000000000000, 0.000000000000000000 ) ) ;
#4597 = DIRECTION ( 'NONE',  ( 1.000000000000000000, -0.000000000000000000, -0.000000000000000000 ) ) ;
#4598 = ADVANCED_FACE ( 'NONE', ( #1619 ), #744, .F. ) ;
#4599 = CARTESIAN_POINT ( 'NONE',  ( -0.9725000000000004752, 0.5225000000000000755, 0.2500000000000000000 ) ) ;
#4600 = AXIS2_PLACEMENT_3D ( 'NONE', #1961, #5227, #1161 ) ;
#4601 = ORIENTED_EDGE ( 'NONE', *, *, #5398, .T. ) ;
#4602 = LINE ( 'NONE', #2677, #5108 ) ;
#4603 = CARTESIAN_POINT ( 'NONE',  ( 0.1000000000000000472, 0.4950000000000009948, -0.2500000000000000000 ) ) ;
#4604 = ORIENTED_EDGE ( 'NONE', *, *, #755, .F. ) ;
#4605 = VECTOR ( 'NONE', #3839, 1000.000000000000000 ) ;
#4606 = EDGE_CURVE ( 'NONE', #4982, #4687, #5212, .T. ) ;
#4607 = ORIENTED_EDGE ( 'NONE', *, *, #2591, .F. ) ;
#4608 = CARTESIAN_POINT ( 'NONE',  ( -0.1000000000000000472, 0.4950000000000009948, -0.2500000000000000000 ) ) ;
#4609 = EDGE_CURVE ( 'NONE', #743, #169, #5711, .T. ) ;
#4610 = ORIENTED_EDGE ( 'NONE', *, *, #3648, .T. ) ;
#4611 = CARTESIAN_POINT ( 'NONE',  ( 1.602515559965051795, 0.5499999999999999334, 0.2816666666666667318 ) ) ;
#4612 = EDGE_CURVE ( 'NONE', #743, #466, #4379, .T. ) ;
#4613 = ORIENTED_EDGE ( 'NONE', *, *, #5507, .F. ) ;
#4614 = CARTESIAN_POINT ( 'NONE',  ( -0.8249999999999999556, 0.4950000000000009948, 0.2500000000000000000 ) ) ;
#4615 = AXIS2_PLACEMENT_3D ( 'NONE', #5858, #3580, #5384 ) ;
#4616 = LINE ( 'NONE', #2467, #3830 ) ;
#4617 = DIRECTION ( 'NONE',  ( 0.000000000000000000, 1.000000000000000000, -0.000000000000000000 ) ) ;
#4618 = ORIENTED_EDGE ( 'NONE', *, *, #2566, .T. ) ;
#4619 = ORIENTED_EDGE ( 'NONE', *, *, #5097, .T. ) ;
#4620 = EDGE_LOOP ( 'NONE', ( #2853, #3037, #4663, #503 ) ) ;
#4621 = FACE_OUTER_BOUND ( 'NONE', #559, .T. ) ;
#4622 = VERTEX_POINT ( 'NONE', #296 ) ;
#4623 = LINE ( 'NONE', #4216, #5035 ) ;
#4624 = VECTOR ( 'NONE', #3799, 1000.000000000000000 ) ;
#4625 = LINE ( 'NONE', #2026, #2282 ) ;
#4626 = ORIENTED_EDGE ( 'NONE', *, *, #2447, .F. ) ;
#4627 = CARTESIAN_POINT ( 'NONE',  ( -0.1000000000000000472, 0.5225000000000000755, -0.4000000000000000222 ) ) ;
#4628 = ORIENTED_EDGE ( 'NONE', *, *, #1360, .F. ) ;
#4629 = ADVANCED_FACE ( 'NONE', ( #3880 ), #3039, .F. ) ;
#4630 = DIRECTION ( 'NONE',  ( 0.000000000000000000, 1.000000000000000000, -0.000000000000000000 ) ) ;
#4631 = DIRECTION ( 'NONE',  ( -0.000000000000000000, -1.000000000000000000, 0.000000000000000000 ) ) ;
#4632 = LINE ( 'NONE', #2646, #3057 ) ;
#4633 = ORIENTED_EDGE ( 'NONE', *, *, #4164, .T. ) ;
#4634 = DIRECTION ( 'NONE',  ( -0.000000000000000000, 1.000000000000000000, -0.000000000000000000 ) ) ;
#4635 = DIRECTION ( 'NONE',  ( 1.000000000000000000, 0.000000000000000000, 0.000000000000000000 ) ) ;
#4636 = ORIENTED_EDGE ( 'NONE', *, *, #2239, .F. ) ;
#4637 = LINE ( 'NONE', #626, #547 ) ;
#4638 = VECTOR ( 'NONE', #4295, 1000.000000000000000 ) ;
#4639 = AXIS2_PLACEMENT_3D ( 'NONE', #2304, #5411, #2219 ) ;
#4640 = DIRECTION ( 'NONE',  ( 0.000000000000000000, 0.000000000000000000, -1.000000000000000000 ) ) ;
#4641 = ORIENTED_EDGE ( 'NONE', *, *, #4509, .F. ) ;
#4642 = VERTEX_POINT ( 'NONE', #5284 ) ;
#4643 = LINE ( 'NONE', #3693, #4916 ) ;
#4644 = ORIENTED_EDGE ( 'NONE', *, *, #2045, .F. ) ;
#4645 = FACE_OUTER_BOUND ( 'NONE', #5561, .T. ) ;
#4646 = ADVANCED_FACE ( 'NONE', ( #321 ), #3511, .F. ) ;
#4647 = ORIENTED_EDGE ( 'NONE', *, *, #2687, .T. ) ;
#4648 = LINE ( 'NONE', #605, #5410 ) ;
#4649 = VECTOR ( 'NONE', #102, 1000.000000000000000 ) ;
#4650 = DIRECTION ( 'NONE',  ( 0.000000000000000000, 1.000000000000000000, -0.000000000000000000 ) ) ;
#4651 = CARTESIAN_POINT ( 'NONE',  ( 0.9000000000000000222, 0.02750000000000000361, -0.2000000000000000666 ) ) ;
#4652 = VECTOR ( 'NONE', #203, 1000.000000000000000 ) ;
#4653 = LINE ( 'NONE', #1983, #4536 ) ;
#4654 = ORIENTED_EDGE ( 'NONE', *, *, #1690, .T. ) ;
#4655 = FACE_OUTER_BOUND ( 'NONE', #566, .T. ) ;
#4656 = VECTOR ( 'NONE', #2487, 1000.000000000000000 ) ;
#4657 = ORIENTED_EDGE ( 'NONE', *, *, #2084, .F. ) ;
#4658 = CARTESIAN_POINT ( 'NONE',  ( -0.3999999999999999667, 0.02750000000000000361, 0.4724999999999995315 ) ) ;
#4659 = VECTOR ( 'NONE', #4473, 1000.000000000000000 ) ;
#4660 = DIRECTION ( 'NONE',  ( 0.000000000000000000, 0.000000000000000000, -1.000000000000000000 ) ) ;
#4661 = ORIENTED_EDGE ( 'NONE', *, *, #1350, .T. ) ;
#4662 = CARTESIAN_POINT ( 'NONE',  ( 0.8250000000000001776, 0.000000000000000000, 0.3999999999999998557 ) ) ;
#4663 = ORIENTED_EDGE ( 'NONE', *, *, #4548, .T. ) ;
#4664 = CARTESIAN_POINT ( 'NONE',  ( 0.000000000000000000, 0.4950000000000001066, 0.3000000000000001554 ) ) ;
#4665 = PLANE ( 'NONE',  #4918 ) ;
#4666 = CARTESIAN_POINT ( 'NONE',  ( 1.602515559965051795, 0.5316666666666667318, 0.2999999999999999889 ) ) ;
#4667 = VECTOR ( 'NONE', #2712, 1000.000000000000000 ) ;
#4668 = ORIENTED_EDGE ( 'NONE', *, *, #2679, .T. ) ;
#4669 = DIRECTION ( 'NONE',  ( -1.000000000000000000, 0.000000000000000000, -7.228014483236719235E-16 ) ) ;
#4670 = PLANE ( 'NONE',  #635 ) ;
#4671 = ORIENTED_EDGE ( 'NONE', *, *, #5699, .T. ) ;
#4672 = AXIS2_PLACEMENT_3D ( 'NONE', #1535, #5153, #5563 ) ;
#4673 = VECTOR ( 'NONE', #172, 1000.000000000000000 ) ;
#4674 = ADVANCED_FACE ( 'NONE', ( #412 ), #4196, .F. ) ;
#4675 = CARTESIAN_POINT ( 'NONE',  ( 0.6000000000000000888, 0.5225000000000000755, 0.5000000000000000000 ) ) ;
#4676 = ORIENTED_EDGE ( 'NONE', *, *, #442, .T. ) ;
#4677 = CARTESIAN_POINT ( 'NONE',  ( -0.3250000000000000666, 0.000000000000000000, 0.4000000000000000777 ) ) ;
#4678 = CARTESIAN_POINT ( 'NONE',  ( 0.1749999999999999611, 0.4950000000000009948, -0.2500000000000000000 ) ) ;
#4679 = EDGE_CURVE ( 'NONE', #1785, #3228, #4012, .T. ) ;
#4680 = VERTEX_POINT ( 'NONE', #975 ) ;
#4681 = LINE ( 'NONE', #4614, #3721 ) ;
#4682 = EDGE_CURVE ( 'NONE', #783, #5460, #5488, .T. ) ;
#4683 = CARTESIAN_POINT ( 'NONE',  ( -0.6000000000000000888, -1.592040838891558417E-17, 0.5000000000000000000 ) ) ;
#4684 = DIRECTION ( 'NONE',  ( 0.000000000000000000, 0.000000000000000000, 1.000000000000000000 ) ) ;
#4685 = LINE ( 'NONE', #2813, #5686 ) ;
#4686 = SURFACE_SIDE_STYLE ('',( #2974 ) ) ;
#4687 = VERTEX_POINT ( 'NONE', #5814 ) ;
#4688 = FACE_OUTER_BOUND ( 'NONE', #4936, .T. ) ;
#4689 = DIRECTION ( 'NONE',  ( -1.000000000000000000, 0.000000000000000000, -0.000000000000000000 ) ) ;
#4690 = ORIENTED_EDGE ( 'NONE', *, *, #4746, .F. ) ;
#4691 =( LENGTH_UNIT ( ) NAMED_UNIT ( * ) SI_UNIT ( .MILLI., .METRE. ) );
#4692 = ORIENTED_EDGE ( 'NONE', *, *, #5626, .T. ) ;
#4693 = DIRECTION ( 'NONE',  ( -1.000000000000000000, -0.000000000000000000, 0.000000000000000000 ) ) ;
#4694 = ADVANCED_FACE ( 'NONE', ( #5068 ), #1485, .F. ) ;
#4695 = LINE ( 'NONE', #2032, #5692 ) ;
#4696 = DIRECTION ( 'NONE',  ( -1.000000000000000000, -0.000000000000000000, 0.000000000000000000 ) ) ;
#4697 = ORIENTED_EDGE ( 'NONE', *, *, #5391, .F. ) ;
#4698 = LINE ( 'NONE', #1488, #1225 ) ;
#4699 = CARTESIAN_POINT ( 'NONE',  ( -0.8249999999999999556, 0.4950000000000009948, -0.2500000000000000000 ) ) ;
#4700 = CARTESIAN_POINT ( 'NONE',  ( 0.3250000000000000111, 0.5225000000000000755, -0.4000000000000000222 ) ) ;
#4701 = VERTEX_POINT ( 'NONE', #2383 ) ;
#4702 = DIRECTION ( 'NONE',  ( -0.000000000000000000, -1.000000000000000000, -0.000000000000000000 ) ) ;
#4703 = CARTESIAN_POINT ( 'NONE',  ( -0.1000000000000000472, 0.4950000000000011058, -0.4724999999999995315 ) ) ;
#4704 = VERTEX_POINT ( 'NONE', #1936 ) ;
#4705 = CARTESIAN_POINT ( 'NONE',  ( -0.9725000000000004752, 0.4950000000000012168, -0.2500000000000000000 ) ) ;
#4706 = EDGE_CURVE ( 'NONE', #1458, #2782, #1270, .T. ) ;
#4707 = DIRECTION ( 'NONE',  ( 0.000000000000000000, -1.000000000000000000, 0.000000000000000000 ) ) ;
#4708 = EDGE_CURVE ( 'NONE', #78, #4680, #5517, .T. ) ;
#4709 = VERTEX_POINT ( 'NONE', #2681 ) ;
#4710 = VECTOR ( 'NONE', #3975, 1000.000000000000000 ) ;
#4711 = PLANE ( 'NONE',  #4000 ) ;
#4712 = EDGE_CURVE ( 'NONE', #4680, #3724, #553, .T. ) ;
#4713 = CARTESIAN_POINT ( 'NONE',  ( 0.1000000000000000472, 0.4950000000000011058, -0.4000000000000000222 ) ) ;
#4714 = LINE ( 'NONE', #1536, #928 ) ;
#4715 = PLANE ( 'NONE',  #2734 ) ;
#4716 = CARTESIAN_POINT ( 'NONE',  ( 0.1749999999999999611, 0.000000000000000000, -0.4000000000000000222 ) ) ;
#4717 = EDGE_CURVE ( 'NONE', #2279, #5527, #4430, .T. ) ;
#4718 = VERTEX_POINT ( 'NONE', #3242 ) ;
#4719 = DIRECTION ( 'NONE',  ( 1.000000000000000000, 0.000000000000000000, 7.228014483236719235E-16 ) ) ;
#4720 = PLANE ( 'NONE',  #4370 ) ;
#4721 = ORIENTED_EDGE ( 'NONE', *, *, #5654, .F. ) ;
#4722 =( NAMED_UNIT ( * ) PLANE_ANGLE_UNIT ( ) SI_UNIT ( $, .RADIAN. ) );
#4723 = ORIENTED_EDGE ( 'NONE', *, *, #2031, .T. ) ;
#4724 = ADVANCED_FACE ( 'NONE', ( #3984 ), #4893, .F. ) ;
#4725 = DIRECTION ( 'NONE',  ( 0.000000000000000000, -1.000000000000000000, 0.000000000000000000 ) ) ;
#4726 = AXIS2_PLACEMENT_3D ( 'NONE', #4788, #1167, #1102 ) ;
#4727 = EDGE_CURVE ( 'NONE', #4107, #5732, #3596, .T. ) ;
#4728 = DIRECTION ( 'NONE',  ( 0.000000000000000000, -1.000000000000000000, 0.000000000000000000 ) ) ;
#4729 = LINE ( 'NONE', #2091, #590 ) ;
#4730 = EDGE_LOOP ( 'NONE', ( #3332, #354, #3340, #5261 ) ) ;
#4731 = DIRECTION ( 'NONE',  ( 0.000000000000000000, -0.000000000000000000, -1.000000000000000000 ) ) ;
#4732 = LINE ( 'NONE', #4318, #813 ) ;
#4733 = DIRECTION ( 'NONE',  ( 0.000000000000000000, 0.000000000000000000, 1.000000000000000000 ) ) ;
#4734 = EDGE_LOOP ( 'NONE', ( #2008, #156, #4767, #4142 ) ) ;
#4735 = LINE ( 'NONE', #659, #4656 ) ;
#4736 = DIRECTION ( 'NONE',  ( -0.000000000000000000, 1.224646799147352961E-16, -1.000000000000000000 ) ) ;
#4737 = ORIENTED_EDGE ( 'NONE', *, *, #9, .F. ) ;
#4738 = PLANE ( 'NONE',  #1706 ) ;
#4739 = VECTOR ( 'NONE', #4466, 1000.000000000000000 ) ;
#4740 = CARTESIAN_POINT ( 'NONE',  ( 0.3999999999999999667, 0.02750000000000000361, -0.4724999999999995315 ) ) ;
#4741 = VERTEX_POINT ( 'NONE', #3271 ) ;
#4742 = DIRECTION ( 'NONE',  ( -0.000000000000000000, 1.000000000000000000, 1.971276677246373097E-15 ) ) ;
#4743 = AXIS2_PLACEMENT_3D ( 'NONE', #2498, #319, #791 ) ;
#4744 = VECTOR ( 'NONE', #2972, 1000.000000000000000 ) ;
#4745 = CARTESIAN_POINT ( 'NONE',  ( -0.6750000000000000444, 0.4950000000000009948, -0.4000000000000000222 ) ) ;
#4746 = EDGE_CURVE ( 'NONE', #2409, #1095, #5040, .T. ) ;
#4747 = CARTESIAN_POINT ( 'NONE',  ( 0.1749999999999999611, 0.02750000000000000361, -0.2000000000000000666 ) ) ;
#4748 = APPLICATION_CONTEXT ( 'automotive_design' ) ;
#4749 = CARTESIAN_POINT ( 'NONE',  ( 1.000000000000000222, 0.4950000000000011058, 0.3999999999999999112 ) ) ;
#4750 = LINE ( 'NONE', #4658, #855 ) ;
#4751 = VECTOR ( 'NONE', #5405, 1000.000000000000000 ) ;
#4752 = CARTESIAN_POINT ( 'NONE',  ( 0.9000000000000000222, 0.5225000000000000755, 0.5000000000000000000 ) ) ;
#4753 = DIRECTION ( 'NONE',  ( 0.000000000000000000, -1.971276677246373097E-15, 1.000000000000000000 ) ) ;
#4754 = ORIENTED_EDGE ( 'NONE', *, *, #2012, .F. ) ;
#4755 = CARTESIAN_POINT ( 'NONE',  ( 0.6000000000000000888, 0.4950000000000011058, -0.4724999999999995315 ) ) ;
#4756 = AXIS2_PLACEMENT_3D ( 'NONE', #3847, #5648, #1586 ) ;
#4757 = DIRECTION ( 'NONE',  ( 0.000000000000000000, 0.000000000000000000, -1.000000000000000000 ) ) ;
#4758 = CARTESIAN_POINT ( 'NONE',  ( 0.4000000000000000777, 0.02750000000000000361, 0.3000000000000001554 ) ) ;
#4759 = ORIENTED_EDGE ( 'NONE', *, *, #3894, .T. ) ;
#4760 = DIRECTION ( 'NONE',  ( 1.000000000000000000, 0.000000000000000000, 0.000000000000000000 ) ) ;
#4761 = EDGE_CURVE ( 'NONE', #3265, #4772, #3535, .T. ) ;
#4762 = CARTESIAN_POINT ( 'NONE',  ( -0.9725000000000004752, 0.5225000000000000755, 0.2500000000000000000 ) ) ;
#4763 = DIRECTION ( 'NONE',  ( -1.000000000000000000, -0.000000000000000000, -0.000000000000000000 ) ) ;
#4764 = EDGE_LOOP ( 'NONE', ( #103, #1932, #4853, #5 ) ) ;
#4765 = LINE ( 'NONE', #4202, #2843 ) ;
#4766 = LINE ( 'NONE', #5237, #2491 ) ;
#4767 = ORIENTED_EDGE ( 'NONE', *, *, #2078, .F. ) ;
#4768 = DIRECTION ( 'NONE',  ( 0.000000000000000000, 0.000000000000000000, -1.000000000000000000 ) ) ;
#4769 = ORIENTED_EDGE ( 'NONE', *, *, #4019, .T. ) ;
#4770 = CARTESIAN_POINT ( 'NONE',  ( -0.9725000000000004752, 0.5316666666666667318, 0.2999999999999999889 ) ) ;
#4771 = AXIS2_PLACEMENT_3D ( 'NONE', #5596, #1533, #1052 ) ;
#4772 = VERTEX_POINT ( 'NONE', #75 ) ;
#4773 = LINE ( 'NONE', #5314, #483 ) ;
#4774 = CARTESIAN_POINT ( 'NONE',  ( 0.9000000000000000222, 0.02750000000000000361, -0.4724999999999995315 ) ) ;
#4775 = CARTESIAN_POINT ( 'NONE',  ( -0.6000000000000001998, 0.4950000000000009948, -0.4000000000000001887 ) ) ;
#4776 =( LENGTH_UNIT ( ) NAMED_UNIT ( * ) SI_UNIT ( .MILLI., .METRE. ) );
#4777 = CARTESIAN_POINT ( 'NONE',  ( -0.3250000000000000666, 0.000000000000000000, 0.4000000000000000777 ) ) ;
#4778 = CARTESIAN_POINT ( 'NONE',  ( 0.3999999999999999667, 0.000000000000000000, 0.000000000000000000 ) ) ;
#4779 = EDGE_CURVE ( 'NONE', #4429, #1321, #3089, .T. ) ;
#4780 = ORIENTED_EDGE ( 'NONE', *, *, #695, .F. ) ;
#4781 = CARTESIAN_POINT ( 'NONE',  ( -0.1750000000000000167, 0.02750000000000000361, -0.4000000000000000222 ) ) ;
#4782 = ADVANCED_FACE ( 'NONE', ( #3718 ), #1453, .F. ) ;
#4783 = CARTESIAN_POINT ( 'NONE',  ( 1.000000000000000222, 0.5225000000000000755, 0.3999999999999999112 ) ) ;
#4784 = LINE ( 'NONE', #3429, #3863 ) ;
#4785 = EDGE_CURVE ( 'NONE', #5491, #220, #4632, .T. ) ;
#4786 = EDGE_CURVE ( 'NONE', #348, #3183, #383, .T. ) ;
#4787 = CARTESIAN_POINT ( 'NONE',  ( -0.6750000000000000444, 0.000000000000000000, 0.4000000000000000777 ) ) ;
#4788 = CARTESIAN_POINT ( 'NONE',  ( 0.6750000000000000444, 0.000000000000000000, -0.4000000000000000222 ) ) ;
#4789 = CARTESIAN_POINT ( 'NONE',  ( -0.1000000000000000472, -1.592040838891558417E-17, 0.5000000000000000000 ) ) ;
#4790 = ORIENTED_EDGE ( 'NONE', *, *, #2031, .F. ) ;
#4791 = DIRECTION ( 'NONE',  ( 0.000000000000000000, 0.000000000000000000, -1.000000000000000000 ) ) ;
#4792 = EDGE_CURVE ( 'NONE', #3662, #2519, #1550, .T. ) ;
#4793 = LINE ( 'NONE', #2900, #3704 ) ;
#4794 = EDGE_CURVE ( 'NONE', #466, #5460, #5199, .T. ) ;
#4795 = FACE_OUTER_BOUND ( 'NONE', #2347, .T. ) ;
#4796 = ORIENTED_EDGE ( 'NONE', *, *, #1831, .F. ) ;
#4797 = CARTESIAN_POINT ( 'NONE',  ( 0.3999999999999999667, 0.5225000000000000755, 0.2500000000000000000 ) ) ;
#4798 = EDGE_CURVE ( 'NONE', #1809, #3765, #4729, .T. ) ;
#4799 = CARTESIAN_POINT ( 'NONE',  ( 0.1749999999999999611, 0.000000000000000000, -0.1999999999999999833 ) ) ;
#4800 = LINE ( 'NONE', #1596, #74 ) ;
#4801 = VECTOR ( 'NONE', #399, 1000.000000000000000 ) ;
#4802 = FACE_OUTER_BOUND ( 'NONE', #112, .T. ) ;
#4803 = VECTOR ( 'NONE', #4368, 1000.000000000000000 ) ;
#4804 = LINE ( 'NONE', #3936, #2080 ) ;
#4805 = ORIENTED_EDGE ( 'NONE', *, *, #3977, .F. ) ;
#4806 = LINE ( 'NONE', #334, #995 ) ;
#4807 = DIRECTION ( 'NONE',  ( -0.000000000000000000, 0.000000000000000000, 1.000000000000000000 ) ) ;
#4808 = LINE ( 'NONE', #286, #4803 ) ;
#4809 = DIRECTION ( 'NONE',  ( 2.710505431213760592E-16, -0.000000000000000000, 1.000000000000000000 ) ) ;
#4810 = AXIS2_PLACEMENT_3D ( 'NONE', #253, #4333, #1672 ) ;
#4811 = CARTESIAN_POINT ( 'NONE',  ( 0.1749999999999999611, 0.000000000000000000, 0.4000000000000000777 ) ) ;
#4812 = STYLED_ITEM ( 'NONE', ( #104 ), #2100 ) ;
#4813 = CARTESIAN_POINT ( 'NONE',  ( 0.8250000000000001776, 0.4950000000000009948, 0.2500000000000000000 ) ) ;
#4814 = DIRECTION ( 'NONE',  ( 1.000000000000000000, -0.000000000000000000, -0.000000000000000000 ) ) ;
#4815 = COLOUR_RGB ( '',0.7921568627450980005, 0.8196078431372548767, 0.9333333333333333481 ) ;
#4816 = VERTEX_POINT ( 'NONE', #1099 ) ;
#4817 = LINE ( 'NONE', #2586, #3448 ) ;
#4819 = ORIENTED_EDGE ( 'NONE', *, *, #2560, .T. ) ;
#4818 = CARTESIAN_POINT ( 'NONE',  ( -0.8249999999999999556, 0.4950000000000009948, 0.2500000000000000000 ) ) ;
#4820 = DIRECTION ( 'NONE',  ( 1.000000000000000000, 0.000000000000000000, 0.000000000000000000 ) ) ;
#4821 = EDGE_CURVE ( 'NONE', #1479, #2634, #3807, .T. ) ;
#4822 = COLOUR_RGB ( '',0.2509803921568627416, 0.2509803921568627416, 0.2509803921568627416 ) ;
#4823 = VECTOR ( 'NONE', #3571, 1000.000000000000000 ) ;
#4824 = LINE ( 'NONE', #5268, #5316 ) ;
#4825 = PLANE ( 'NONE',  #2546 ) ;
#4826 = VERTEX_POINT ( 'NONE', #4288 ) ;
#4827 = LINE ( 'NONE', #3939, #1749 ) ;
#4828 = DIRECTION ( 'NONE',  ( 0.000000000000000000, 1.000000000000000000, -0.000000000000000000 ) ) ;
#4829 = PLANE ( 'NONE',  #1622 ) ;
#4830 = DIRECTION ( 'NONE',  ( -1.000000000000000000, -0.000000000000000000, 0.000000000000000000 ) ) ;
#4831 = VERTEX_POINT ( 'NONE', #3368 ) ;
#4832 = VECTOR ( 'NONE', #552, 1000.000000000000000 ) ;
#4833 = LINE ( 'NONE', #764, #4332 ) ;
#4834 = VECTOR ( 'NONE', #4317, 1000.000000000000000 ) ;
#4835 = PLANE ( 'NONE',  #3804 ) ;
#4836 = VECTOR ( 'NONE', #3000, 1000.000000000000000 ) ;
#4837 = UNCERTAINTY_MEASURE_WITH_UNIT (LENGTH_MEASURE( 1.000000000000000082E-05 ), #4776, 'distance_accuracy_value', 'NONE');
#4838 = EDGE_CURVE ( 'NONE', #5372, #3369, #683, .T. ) ;
#4839 = VERTEX_POINT ( 'NONE', #5578 ) ;
#4840 = LINE ( 'NONE', #5262, #5885 ) ;
#4841 = VECTOR ( 'NONE', #34, 1000.000000000000000 ) ;
#4842 = CARTESIAN_POINT ( 'NONE',  ( 0.9725000000000002531, 0.5316666666666667318, 0.3000000000000000444 ) ) ;
#4843 = ADVANCED_FACE ( 'NONE', ( #2480 ), #1580, .F. ) ;
#4844 = EDGE_CURVE ( 'NONE', #780, #1012, #651, .T. ) ;
#4846 = ORIENTED_EDGE ( 'NONE', *, *, #1323, .F. ) ;
#4845 = LINE ( 'NONE', #1152, #2899 ) ;
#4847 = DIRECTION ( 'NONE',  ( 1.000000000000000000, 0.000000000000000000, 0.000000000000000000 ) ) ;
#4848 = VECTOR ( 'NONE', #2236, 1000.000000000000000 ) ;
#4849 = EDGE_CURVE ( 'NONE', #883, #2984, #2892, .T. ) ;
#4850 = VECTOR ( 'NONE', #1437, 1000.000000000000000 ) ;
#4851 = PLANE ( 'NONE',  #5366 ) ;
#4852 = VERTEX_POINT ( 'NONE', #263 ) ;
#4853 = ORIENTED_EDGE ( 'NONE', *, *, #3915, .F. ) ;
#4854 = CARTESIAN_POINT ( 'NONE',  ( 0.8250000000000000666, 0.5225000000000000755, -0.2500000000000000000 ) ) ;
#4855 = ORIENTED_EDGE ( 'NONE', *, *, #329, .T. ) ;
#4856 = FACE_OUTER_BOUND ( 'NONE', #2802, .T. ) ;
#4857 = LINE ( 'NONE', #2094, #5871 ) ;
#4858 = EDGE_CURVE ( 'NONE', #1779, #4816, #2950, .T. ) ;
#4859 = DIRECTION ( 'NONE',  ( 1.000000000000000000, 0.000000000000000000, 0.000000000000000000 ) ) ;
#4860 = EDGE_CURVE ( 'NONE', #4463, #5727, #1516, .T. ) ;
#4861 = ORIENTED_EDGE ( 'NONE', *, *, #4679, .T. ) ;
#4862 = LINE ( 'NONE', #1774, #3283 ) ;
#4863 = DIRECTION ( 'NONE',  ( 1.000000000000000000, 0.000000000000000000, 0.000000000000000000 ) ) ;
#4864 = FILL_AREA_STYLE ('',( #1298 ) ) ;
#4865 = ORIENTED_EDGE ( 'NONE', *, *, #4785, .F. ) ;
#4866 = DIRECTION ( 'NONE',  ( 0.000000000000000000, 0.000000000000000000, -1.000000000000000000 ) ) ;
#4867 = DIRECTION ( 'NONE',  ( 0.000000000000000000, 0.000000000000000000, -1.000000000000000000 ) ) ;
#4869 = ORIENTED_EDGE ( 'NONE', *, *, #666, .F. ) ;
#4868 = DIRECTION ( 'NONE',  ( -1.000000000000000000, -0.000000000000000000, -0.000000000000000000 ) ) ;
#4870 = EDGE_CURVE ( 'NONE', #5800, #3703, #4784, .T. ) ;
#4871 = DIRECTION ( 'NONE',  ( 1.084202172485504064E-16, -0.000000000000000000, 1.000000000000000000 ) ) ;
#4872 = DIRECTION ( 'NONE',  ( 1.000000000000000000, 0.000000000000000000, -0.000000000000000000 ) ) ;
#4873 = VECTOR ( 'NONE', #1285, 1000.000000000000000 ) ;
#4874 = DIRECTION ( 'NONE',  ( -1.000000000000000000, 0.000000000000000000, 0.000000000000000000 ) ) ;
#4875 = ORIENTED_EDGE ( 'NONE', *, *, #633, .T. ) ;
#4876 = EDGE_CURVE ( 'NONE', #5129, #3534, #3774, .T. ) ;
#4877 = ORIENTED_EDGE ( 'NONE', *, *, #1296, .F. ) ;
#4878 = ORIENTED_EDGE ( 'NONE', *, *, #1694, .T. ) ;
#4879 = DIRECTION ( 'NONE',  ( 0.000000000000000000, 0.000000000000000000, -1.000000000000000000 ) ) ;
#4880 = VERTEX_POINT ( 'NONE', #1068 ) ;
#4881 = DIRECTION ( 'NONE',  ( -1.000000000000000000, 0.000000000000000000, 2.710505431213760592E-16 ) ) ;
#4882 = AXIS2_PLACEMENT_3D ( 'NONE', #2956, #1967, #2925 ) ;
#4883 = DIRECTION ( 'NONE',  ( 0.000000000000000000, 0.000000000000000000, 1.000000000000000000 ) ) ;
#4884 = ORIENTED_EDGE ( 'NONE', *, *, #694, .F. ) ;
#4885 = PLANE ( 'NONE',  #727 ) ;
#4886 = EDGE_CURVE ( 'NONE', #4709, #5787, #1603, .T. ) ;
#4887 = CARTESIAN_POINT ( 'NONE',  ( -1.000000000000000444, 0.5225000000000000755, -0.3999999999999999667 ) ) ;
#4888 = EDGE_CURVE ( 'NONE', #1849, #4497, #4225, .T. ) ;
#4889 = DIRECTION ( 'NONE',  ( -1.000000000000000000, 0.000000000000000000, -0.000000000000000000 ) ) ;
#4890 = VECTOR ( 'NONE', #3343, 1000.000000000000000 ) ;
#4891 = AXIS2_PLACEMENT_3D ( 'NONE', #2598, #3073, #3546 ) ;
#4892 = ORIENTED_EDGE ( 'NONE', *, *, #5667, .F. ) ;
#4893 = PLANE ( 'NONE',  #3355 ) ;
#4894 = ORIENTED_EDGE ( 'NONE', *, *, #37, .T. ) ;
#4895 = DIRECTION ( 'NONE',  ( -1.000000000000000000, 0.000000000000000000, 0.000000000000000000 ) ) ;
#4897 = VERTEX_POINT ( 'NONE', #4758 ) ;
#4896 = DIRECTION ( 'NONE',  ( -2.710505431213758620E-16, 0.000000000000000000, -1.000000000000000000 ) ) ;
#4898 = DIRECTION ( 'NONE',  ( 0.000000000000000000, 0.000000000000000000, -1.000000000000000000 ) ) ;
#4899 = PLANE ( 'NONE',  #2767 ) ;
#4900 = DIRECTION ( 'NONE',  ( -1.000000000000000000, 0.000000000000000000, 7.228014483236698528E-16 ) ) ;
#4901 = CARTESIAN_POINT ( 'NONE',  ( -0.3999999999999999667, 0.000000000000000000, -0.4000000000000000222 ) ) ;
#4902 = ORIENTED_EDGE ( 'NONE', *, *, #5794, .F. ) ;
#4903 = ORIENTED_EDGE ( 'NONE', *, *, #4350, .T. ) ;
#4904 = AXIS2_PLACEMENT_3D ( 'NONE', #241, #2422, #5646 ) ;
#4905 = VECTOR ( 'NONE', #2800, 1000.000000000000000 ) ;
#4906 = ORIENTED_EDGE ( 'NONE', *, *, #3569, .F. ) ;
#4907 = CARTESIAN_POINT ( 'NONE',  ( 0.6000000000000000888, 0.4950000000000011058, -0.4724999999999995315 ) ) ;
#4908 = EDGE_LOOP ( 'NONE', ( #5719, #3889, #3094, #2772 ) ) ;
#4909 = DIRECTION ( 'NONE',  ( -0.000000000000000000, -0.000000000000000000, 1.000000000000000000 ) ) ;
#4910 = LINE ( 'NONE', #402, #3605 ) ;
#4911 = ORIENTED_EDGE ( 'NONE', *, *, #5364, .T. ) ;
#4912 = FACE_OUTER_BOUND ( 'NONE', #3300, .T. ) ;
#4913 = ADVANCED_FACE ( 'NONE', ( #1963 ), #3338, .F. ) ;
#4914 = DIRECTION ( 'NONE',  ( 1.000000000000000000, 0.000000000000000000, -7.228014483236719235E-16 ) ) ;
#4915 = LINE ( 'NONE', #1214, #5305 ) ;
#4916 = VECTOR ( 'NONE', #4956, 1000.000000000000000 ) ;
#4917 = EDGE_CURVE ( 'NONE', #2901, #3174, #235, .T. ) ;
#4918 = AXIS2_PLACEMENT_3D ( 'NONE', #4224, #5132, #4255 ) ;
#4919 = SURFACE_SIDE_STYLE ('',( #227 ) ) ;
#4920 = VECTOR ( 'NONE', #847, 1000.000000000000000 ) ;
#4921 = UNCERTAINTY_MEASURE_WITH_UNIT (LENGTH_MEASURE( 1.000000000000000082E-05 ), #1673, 'distance_accuracy_value', 'NONE');
#4922 = ORIENTED_EDGE ( 'NONE', *, *, #223, .F. ) ;
#4923 = AXIS2_PLACEMENT_3D ( 'NONE', #4056, #1412, #5386 ) ;
#4924 = DIRECTION ( 'NONE',  ( 1.000000000000000000, 0.000000000000000000, 0.000000000000000000 ) ) ;
#4925 = EDGE_LOOP ( 'NONE', ( #1212, #2836, #4573, #792 ) ) ;
#4926 = FACE_OUTER_BOUND ( 'NONE', #5575, .T. ) ;
#4928 = ORIENTED_EDGE ( 'NONE', *, *, #76, .F. ) ;
#4927 = DIRECTION ( 'NONE',  ( 0.000000000000000000, -0.000000000000000000, 1.000000000000000000 ) ) ;
#4929 = EDGE_CURVE ( 'NONE', #2107, #1792, #5133, .T. ) ;
#4930 = CARTESIAN_POINT ( 'NONE',  ( -0.6750000000000000444, 0.5225000000000000755, -0.5000000000000000000 ) ) ;
#4931 = CARTESIAN_POINT ( 'NONE',  ( 0.8249999999999999556, 0.5225000000000000755, -0.2500000000000000000 ) ) ;
#4932 = AXIS2_PLACEMENT_3D ( 'NONE', #2110, #2192, #2132 ) ;
#4933 = DIRECTION ( 'NONE',  ( 0.000000000000000000, -1.971276677246373097E-15, 1.000000000000000000 ) ) ;
#4934 = DIRECTION ( 'NONE',  ( -0.000000000000000000, 1.224646799147352961E-16, -1.000000000000000000 ) ) ;
#4935 = VERTEX_POINT ( 'NONE', #1163 ) ;
#4936 = EDGE_LOOP ( 'NONE', ( #2272, #2166, #3668, #2737 ) ) ;
#4937 = VECTOR ( 'NONE', #3907, 1000.000000000000000 ) ;
#4938 = ORIENTED_EDGE ( 'NONE', *, *, #3730, .T. ) ;
#4939 = AXIS2_PLACEMENT_3D ( 'NONE', #1175, #3854, #4304 ) ;
#4940 = LINE ( 'NONE', #2748, #3770 ) ;
#4941 = ORIENTED_EDGE ( 'NONE', *, *, #536, .T. ) ;
#4942 = FILL_AREA_STYLE ('',( #5445 ) ) ;
#4943 = EDGE_CURVE ( 'NONE', #5164, #1400, #4808, .T. ) ;
#4944 = CARTESIAN_POINT ( 'NONE',  ( 0.1000000000000000472, -1.592040838891558417E-17, 0.5000000000000000000 ) ) ;
#4945 = ORIENTED_EDGE ( 'NONE', *, *, #2181, .F. ) ;
#4946 =( NAMED_UNIT ( * ) PLANE_ANGLE_UNIT ( ) SI_UNIT ( $, .RADIAN. ) );
#4947 = EDGE_CURVE ( 'NONE', #3218, #4538, #2554, .T. ) ;
#4948 = CARTESIAN_POINT ( 'NONE',  ( 0.9000000000000000222, -1.592040838891558417E-17, 0.5000000000000000000 ) ) ;
#4949 = ORIENTED_EDGE ( 'NONE', *, *, #3855, .T. ) ;
#4950 = CARTESIAN_POINT ( 'NONE',  ( -0.6000000000000000888, 0.4950000000000009948, -0.2500000000000000000 ) ) ;
#4951 = EDGE_CURVE ( 'NONE', #4149, #499, #3002, .T. ) ;
#4952 = DIRECTION ( 'NONE',  ( -1.000000000000000000, -0.000000000000000000, -0.000000000000000000 ) ) ;
#4953 = EDGE_CURVE ( 'NONE', #1493, #4215, #5723, .T. ) ;
#4954 = FACE_OUTER_BOUND ( 'NONE', #4205, .T. ) ;
#4955 = ORIENTED_EDGE ( 'NONE', *, *, #2678, .F. ) ;
#4956 = DIRECTION ( 'NONE',  ( 0.000000000000000000, 1.000000000000000000, 0.000000000000000000 ) ) ;
#4957 = ORIENTED_EDGE ( 'NONE', *, *, #3515, .T. ) ;
#4958 = CARTESIAN_POINT ( 'NONE',  ( -0.6000000000000000888, 2.081899558550501081E-17, 0.2000000000000000111 ) ) ;
#4959 = EDGE_CURVE ( 'NONE', #1081, #4976, #657, .T. ) ;
#4960 = DIRECTION ( 'NONE',  ( 0.000000000000000000, 0.000000000000000000, -1.000000000000000000 ) ) ;
#4961 = EDGE_CURVE ( 'NONE', #4123, #2682, #5202, .T. ) ;
#4962 = DIRECTION ( 'NONE',  ( 0.000000000000000000, 0.000000000000000000, -1.000000000000000000 ) ) ;
#4963 = CARTESIAN_POINT ( 'NONE',  ( 0.000000000000000000, 0.4950000000000001066, -0.3000000000000000444 ) ) ;
#4964 = ORIENTED_EDGE ( 'NONE', *, *, #4712, .T. ) ;
#4965 = ORIENTED_EDGE ( 'NONE', *, *, #1094, .F. ) ;
#4966 = VERTEX_POINT ( 'NONE', #2485 ) ;
#4967 = CARTESIAN_POINT ( 'NONE',  ( -0.6750000000000000444, 0.000000000000000000, -0.1999999999999999833 ) ) ;
#4968 = ORIENTED_EDGE ( 'NONE', *, *, #5456, .F. ) ;
#4969 = PLANE ( 'NONE',  #2208 ) ;
#4970 = CARTESIAN_POINT ( 'NONE',  ( 0.1749999999999999611, 0.000000000000000000, -0.4000000000000000222 ) ) ;
#4971 = ORIENTED_EDGE ( 'NONE', *, *, #4413, .T. ) ;
#4972 = CARTESIAN_POINT ( 'NONE',  ( -0.1750000000000000167, 0.5225000000000000755, -0.5000000000000000000 ) ) ;
#4973 = DIRECTION ( 'NONE',  ( 1.000000000000000000, 0.000000000000000000, 0.000000000000000000 ) ) ;
#4974 = AXIS2_PLACEMENT_3D ( 'NONE', #1184, #2137, #4412 ) ;
#4975 = CARTESIAN_POINT ( 'NONE',  ( -0.6000000000000000888, 0.4950000000000009948, 0.3000000000000000444 ) ) ;
#4976 = VERTEX_POINT ( 'NONE', #211 ) ;
#4977 =( LENGTH_UNIT ( ) NAMED_UNIT ( * ) SI_UNIT ( .MILLI., .METRE. ) );
#4978 = CARTESIAN_POINT ( 'NONE',  ( -0.8249999999999999556, 0.000000000000000000, -0.4000000000000000222 ) ) ;
#4979 = ORIENTED_EDGE ( 'NONE', *, *, #303, .T. ) ;
#4980 = ORIENTED_EDGE ( 'NONE', *, *, #2363, .T. ) ;
#4981 = DIRECTION ( 'NONE',  ( 0.000000000000000000, 1.224646799147353700E-16, 1.000000000000000000 ) ) ;
#4982 = VERTEX_POINT ( 'NONE', #5139 ) ;
#4983 = DIRECTION ( 'NONE',  ( 0.000000000000000000, 1.000000000000000000, 0.000000000000000000 ) ) ;
#4984 = ORIENTED_EDGE ( 'NONE', *, *, #4019, .F. ) ;
#4985 = CARTESIAN_POINT ( 'NONE',  ( 1.602515559965051795, 0.5225000000000000755, 0.2500000000000000000 ) ) ;
#4986 = AXIS2_PLACEMENT_3D ( 'NONE', #3045, #4847, #774 ) ;
#4987 = ADVANCED_FACE ( 'NONE', ( #5676 ), #4260, .T. ) ;
#4988 = DIRECTION ( 'NONE',  ( -1.000000000000000000, 0.000000000000000000, 0.000000000000000000 ) ) ;
#4989 = DIRECTION ( 'NONE',  ( -1.000000000000000000, 0.000000000000000000, 0.000000000000000000 ) ) ;
#4990 = ORIENTED_EDGE ( 'NONE', *, *, #1245, .T. ) ;
#4991 = ORIENTED_EDGE ( 'NONE', *, *, #3926, .F. ) ;
#4992 = PLANE ( 'NONE',  #726 ) ;
#4993 = ORIENTED_EDGE ( 'NONE', *, *, #1554, .T. ) ;
#4994 = LINE ( 'NONE', #428, #3441 ) ;
#4995 = ORIENTED_EDGE ( 'NONE', *, *, #2676, .T. ) ;
#4996 = ORIENTED_EDGE ( 'NONE', *, *, #1358, .T. ) ;
#4997 = PLANE ( 'NONE',  #2863 ) ;
#4998 = ORIENTED_EDGE ( 'NONE', *, *, #454, .F. ) ;
#4999 = VECTOR ( 'NONE', #3594, 1000.000000000000000 ) ;
#5000 = VECTOR ( 'NONE', #389, 1000.000000000000000 ) ;
#5001 = LINE ( 'NONE', #4627, #5277 ) ;
#5002 = DIRECTION ( 'NONE',  ( 0.000000000000000000, 0.000000000000000000, -1.000000000000000000 ) ) ;
#5003 = ORIENTED_EDGE ( 'NONE', *, *, #1734, .T. ) ;
#5004 = CARTESIAN_POINT ( 'NONE',  ( 0.8249999999999999556, 0.000000000000000000, -0.4000000000000002442 ) ) ;
#5005 = CLOSED_SHELL ( 'NONE', ( #1435, #887, #3077, #3748, #4424, #1787, #41, #4427, #3588, #4724, #270, #5753, #4247, #1846, #5574, #4324, #5158, #380 ) ) ;
#5006 = VECTOR ( 'NONE', #4617, 1000.000000000000000 ) ;
#5007 = ORIENTED_EDGE ( 'NONE', *, *, #1182, .T. ) ;
#5008 = DIRECTION ( 'NONE',  ( 0.000000000000000000, 0.000000000000000000, 1.000000000000000000 ) ) ;
#5009 = DIRECTION ( 'NONE',  ( 0.000000000000000000, 0.000000000000000000, -1.000000000000000000 ) ) ;
#5010 = ORIENTED_EDGE ( 'NONE', *, *, #3292, .T. ) ;
#5011 = EDGE_LOOP ( 'NONE', ( #153, #4178, #1921, #4138 ) ) ;
#5012 = CARTESIAN_POINT ( 'NONE',  ( 0.9000000000000000222, 0.5225000000000000755, -0.5000000000000000000 ) ) ;
#5013 = EDGE_CURVE ( 'NONE', #388, #4112, #1138, .T. ) ;
#5014 = VECTOR ( 'NONE', #2411, 1000.000000000000000 ) ;
#5015 = DIRECTION ( 'NONE',  ( -1.000000000000000000, -0.000000000000000000, -0.000000000000000000 ) ) ;
#5016 = VECTOR ( 'NONE', #1419, 1000.000000000000000 ) ;
#5017 = ORIENTED_EDGE ( 'NONE', *, *, #1703, .F. ) ;
#5018 = VECTOR ( 'NONE', #2872, 1000.000000000000000 ) ;
#5019 = FACE_OUTER_BOUND ( 'NONE', #4327, .T. ) ;
#5020 = EDGE_CURVE ( 'NONE', #183, #5831, #3844, .T. ) ;
#5021 = DIRECTION ( 'NONE',  ( 0.000000000000000000, 1.000000000000000000, 0.000000000000000000 ) ) ;
#5022 = LINE ( 'NONE', #1309, #3310 ) ;
#5023 = ORIENTED_EDGE ( 'NONE', *, *, #2591, .T. ) ;
#5024 = CARTESIAN_POINT ( 'NONE',  ( 0.3999999999999999667, 0.5225000000000000755, -0.2500000000000000000 ) ) ;
#5025 = VERTEX_POINT ( 'NONE', #2456 ) ;
#5026 = DIRECTION ( 'NONE',  ( 7.228014483236698528E-16, 0.000000000000000000, -1.000000000000000000 ) ) ;
#5027 = ADVANCED_FACE ( 'NONE', ( #1556 ), #5644, .F. ) ;
#5028 = ORIENTED_EDGE ( 'NONE', *, *, #3981, .T. ) ;
#5029 = CARTESIAN_POINT ( 'NONE',  ( -0.1750000000000000167, 0.000000000000000000, 0.4000000000000000777 ) ) ;
#5030 = APPLICATION_CONTEXT ( 'automotive_design' ) ;
#5031 = VERTEX_POINT ( 'NONE', #4700 ) ;
#5032 = LINE ( 'NONE', #3110, #1151 ) ;
#5033 = EDGE_LOOP ( 'NONE', ( #3201, #2204, #4173, #3527 ) ) ;
#5034 =( NAMED_UNIT ( * ) SI_UNIT ( $, .STERADIAN. ) SOLID_ANGLE_UNIT ( ) );
#5035 = VECTOR ( 'NONE', #4187, 1000.000000000000000 ) ;
#5036 = ORIENTED_EDGE ( 'NONE', *, *, #3032, .F. ) ;
#5037 = CARTESIAN_POINT ( 'NONE',  ( 0.1000000000000001582, 0.000000000000000000, 0.3000000000000001554 ) ) ;
#5038 = EDGE_CURVE ( 'NONE', #2346, #5115, #177, .T. ) ;
#5039 = DIRECTION ( 'NONE',  ( -1.000000000000000000, -0.000000000000000000, 0.000000000000000000 ) ) ;
#5040 = LINE ( 'NONE', #1723, #2403 ) ;
#5041 = EDGE_CURVE ( 'NONE', #2143, #5803, #1584, .T. ) ;
#5042 = EDGE_CURVE ( 'NONE', #4429, #3610, #239, .T. ) ;
#5043 = DIRECTION ( 'NONE',  ( 1.000000000000000000, 0.000000000000000000, 0.000000000000000000 ) ) ;
#5044 = VECTOR ( 'NONE', #1938, 1000.000000000000000 ) ;
#5045 = VERTEX_POINT ( 'NONE', #5704 ) ;
#5046 = CARTESIAN_POINT ( 'NONE',  ( -0.6750000000000000444, 0.000000000000000000, 0.4000000000000000777 ) ) ;
#5047 = EDGE_LOOP ( 'NONE', ( #3988, #3232, #3579, #3111, #964, #3740, #435, #215 ) ) ;
#5048 = VERTEX_POINT ( 'NONE', #3778 ) ;
#5049 = DIRECTION ( 'NONE',  ( 0.000000000000000000, -1.000000000000000000, 0.000000000000000000 ) ) ;
#5050 = ORIENTED_EDGE ( 'NONE', *, *, #858, .F. ) ;
#5051 = DIRECTION ( 'NONE',  ( 0.000000000000000000, -1.000000000000000000, 0.000000000000000000 ) ) ;
#5052 = ORIENTED_EDGE ( 'NONE', *, *, #1370, .T. ) ;
#5053 = LINE ( 'NONE', #3729, #292 ) ;
#5054 = DIRECTION ( 'NONE',  ( 0.000000000000000000, 0.000000000000000000, 1.000000000000000000 ) ) ;
#5055 = CARTESIAN_POINT ( 'NONE',  ( 0.000000000000000000, 0.02750000000000000361, 0.3000000000000001554 ) ) ;
#5056 = ORIENTED_EDGE ( 'NONE', *, *, #4727, .F. ) ;
#5057 = LINE ( 'NONE', #2407, #5486 ) ;
#5058 = EDGE_LOOP ( 'NONE', ( #4884, #363, #2929, #4633 ) ) ;
#5059 = FACE_OUTER_BOUND ( 'NONE', #1365, .T. ) ;
#5060 = ORIENTED_EDGE ( 'NONE', *, *, #4104, .T. ) ;
#5061 = CARTESIAN_POINT ( 'NONE',  ( 0.8250000000000001776, 0.000000000000000000, 0.3999999999999998557 ) ) ;
#5062 = DIRECTION ( 'NONE',  ( -1.000000000000000000, 0.000000000000000000, 0.000000000000000000 ) ) ;
#5063 = ORIENTED_EDGE ( 'NONE', *, *, #2881, .F. ) ;
#5064 = CARTESIAN_POINT ( 'NONE',  ( 0.1749999999999999611, 0.000000000000000000, 0.4000000000000000777 ) ) ;
#5065 = VERTEX_POINT ( 'NONE', #5233 ) ;
#5066 = PLANE ( 'NONE',  #2706 ) ;
#5067 = LINE ( 'NONE', #4568, #751 ) ;
#5068 = FACE_OUTER_BOUND ( 'NONE', #616, .T. ) ;
#5069 = EDGE_CURVE ( 'NONE', #1490, #5778, #3434, .T. ) ;
#5070 = PLANE ( 'NONE',  #4101 ) ;
#5071 = FACE_OUTER_BOUND ( 'NONE', #21, .T. ) ;
#5072 = EDGE_CURVE ( 'NONE', #2650, #654, #5172, .T. ) ;
#5073 = AXIS2_PLACEMENT_3D ( 'NONE', #3499, #2164, #3917 ) ;
#5074 = ORIENTED_EDGE ( 'NONE', *, *, #5069, .T. ) ;
#5075 = CARTESIAN_POINT ( 'NONE',  ( -0.1000000000000000472, 0.5225000000000000755, -0.5000000000000000000 ) ) ;
#5076 = ORIENTED_EDGE ( 'NONE', *, *, #4362, .T. ) ;
#5077 = VECTOR ( 'NONE', #5640, 1000.000000000000000 ) ;
#5078 = ORIENTED_EDGE ( 'NONE', *, *, #315, .F. ) ;
#5079 = CARTESIAN_POINT ( 'NONE',  ( -0.1750000000000000167, 0.000000000000000000, 0.4000000000000000777 ) ) ;
#5080 = EDGE_LOOP ( 'NONE', ( #2427, #3125, #698, #2897 ) ) ;
#5081 = CARTESIAN_POINT ( 'NONE',  ( 0.000000000000000000, 0.4950000000000001066, -0.3000000000000000444 ) ) ;
#5082 = VERTEX_POINT ( 'NONE', #3812 ) ;
#5083 = CARTESIAN_POINT ( 'NONE',  ( -0.1000000000000000472, 0.02750000000000018055, -0.4724999999999994760 ) ) ;
#5084 = CARTESIAN_POINT ( 'NONE',  ( -0.09999999999999993616, 0.000000000000000000, 0.3000000000000001554 ) ) ;
#5085 = VECTOR ( 'NONE', #341, 1000.000000000000000 ) ;
#5086 = PLANE ( 'NONE',  #3970 ) ;
#5087 = ORIENTED_EDGE ( 'NONE', *, *, #2587, .F. ) ;
#5088 = FACE_OUTER_BOUND ( 'NONE', #3813, .T. ) ;
#5089 = ORIENTED_EDGE ( 'NONE', *, *, #2391, .T. ) ;
#5090 = LINE ( 'NONE', #163, #340 ) ;
#5091 = ORIENTED_EDGE ( 'NONE', *, *, #3613, .T. ) ;
#5092 = DIRECTION ( 'NONE',  ( 1.000000000000000000, 0.000000000000000000, 0.000000000000000000 ) ) ;
#5093 = AXIS2_PLACEMENT_3D ( 'NONE', #5882, #4989, #4050 ) ;
#5094 = CYLINDRICAL_SURFACE ( 'NONE', #2099, 0.01833333333333325363 ) ;
#5095 = VERTEX_POINT ( 'NONE', #3897 ) ;
#5096 = CARTESIAN_POINT ( 'NONE',  ( 0.4000000000000000777, 0.4950000000000001066, 0.3000000000000001554 ) ) ;
#5097 = EDGE_CURVE ( 'NONE', #4238, #1284, #3344, .T. ) ;
#5098 = VERTEX_POINT ( 'NONE', #2063 ) ;
#5099 = LINE ( 'NONE', #2056, #4406 ) ;
#5100 = CARTESIAN_POINT ( 'NONE',  ( 0.8250000000000000666, 0.02750000000000000361, -0.2000000000000000389 ) ) ;
#5101 = DIRECTION ( 'NONE',  ( -1.000000000000000000, -0.000000000000000000, -0.000000000000000000 ) ) ;
#5102 = EDGE_LOOP ( 'NONE', ( #2310, #1946, #3479, #1543 ) ) ;
#5103 = ADVANCED_FACE ( 'NONE', ( #1169 ), #2896, .F. ) ;
#5104 = PLANE ( 'NONE',  #194 ) ;
#5105 = DIRECTION ( 'NONE',  ( -0.000000000000000000, 0.000000000000000000, 1.000000000000000000 ) ) ;
#5106 = EDGE_LOOP ( 'NONE', ( #3577, #5150, #5224, #5341 ) ) ;
#5107 = CARTESIAN_POINT ( 'NONE',  ( -0.3250000000000000666, 0.000000000000000000, -0.4000000000000000222 ) ) ;
#5108 = VECTOR ( 'NONE', #497, 1000.000000000000000 ) ;
#5109 = AXIS2_PLACEMENT_3D ( 'NONE', #1465, #603, #1431 ) ;
#5110 = CARTESIAN_POINT ( 'NONE',  ( 0.1000000000000000472, -1.592040838891558417E-17, -0.5000000000000000000 ) ) ;
#5111 = ORIENTED_EDGE ( 'NONE', *, *, #5134, .T. ) ;
#5112 = EDGE_CURVE ( 'NONE', #4378, #2278, #3460, .T. ) ;
#5113 = CARTESIAN_POINT ( 'NONE',  ( 0.9000000000000000222, 0.02750000000000000361, 0.4724999999999995315 ) ) ;
#5114 = LINE ( 'NONE', #1883, #2270 ) ;
#5115 = VERTEX_POINT ( 'NONE', #736 ) ;
#5116 = FACE_OUTER_BOUND ( 'NONE', #5572, .T. ) ;
#5117 = EDGE_CURVE ( 'NONE', #5129, #4966, #5583, .T. ) ;
#5118 = AXIS2_PLACEMENT_3D ( 'NONE', #3264, #3331, #516 ) ;
#5119 = LINE ( 'NONE', #505, #5623 ) ;
#5120 = EDGE_CURVE ( 'NONE', #960, #2322, #1104, .T. ) ;
#5121 = CARTESIAN_POINT ( 'NONE',  ( -0.6000000000000000888, 0.000000000000000000, -0.5000000000000000000 ) ) ;
#5122 = VECTOR ( 'NONE', #4596, 1000.000000000000000 ) ;
#5123 = PLANE ( 'NONE',  #5291 ) ;
#5124 = CARTESIAN_POINT ( 'NONE',  ( -0.3999999999999999667, 0.02750000000000018055, -0.4724999999999994205 ) ) ;
#5125 = VECTOR ( 'NONE', #5480, 1000.000000000000000 ) ;
#5126 = ORIENTED_EDGE ( 'NONE', *, *, #5315, .T. ) ;
#5127 = LINE ( 'NONE', #5160, #5243 ) ;
#5128 = LINE ( 'NONE', #545, #3601 ) ;
#5129 = VERTEX_POINT ( 'NONE', #290 ) ;
#5130 = EDGE_LOOP ( 'NONE', ( #2263, #4102, #2280, #350, #3103, #4903, #936, #5568 ) ) ;
#5131 = CARTESIAN_POINT ( 'NONE',  ( 0.6750000000000000444, 0.000000000000000000, 0.4000000000000000777 ) ) ;
#5132 = DIRECTION ( 'NONE',  ( 0.000000000000000000, -1.971276677246373097E-15, -1.000000000000000000 ) ) ;
#5133 = LINE ( 'NONE', #709, #520 ) ;
#5134 = EDGE_CURVE ( 'NONE', #1695, #2876, #343, .T. ) ;
#5135 = VECTOR ( 'NONE', #1506, 1000.000000000000000 ) ;
#5136 = ORIENTED_EDGE ( 'NONE', *, *, #3569, .T. ) ;
#5137 = DIRECTION ( 'NONE',  ( -1.000000000000000000, 0.000000000000000000, 1.084202172485504064E-16 ) ) ;
#5138 = DIRECTION ( 'NONE',  ( 0.000000000000000000, -0.000000000000000000, 1.000000000000000000 ) ) ;
#5139 = CARTESIAN_POINT ( 'NONE',  ( -0.1000000000000000472, 0.5225000000000000755, -0.5000000000000000000 ) ) ;
#5140 = ORIENTED_EDGE ( 'NONE', *, *, #5536, .F. ) ;
#5141 = CARTESIAN_POINT ( 'NONE',  ( 0.6000000000000000888, -1.592040838891558417E-17, 0.5000000000000000000 ) ) ;
#5142 = VECTOR ( 'NONE', #5318, 1000.000000000000000 ) ;
#5143 = VECTOR ( 'NONE', #793, 1000.000000000000000 ) ;
#5144 = EDGE_CURVE ( 'NONE', #3435, #539, #3529, .T. ) ;
#5145 = CARTESIAN_POINT ( 'NONE',  ( 0.1000000000000000472, 0.02750000000000000361, 0.4000000000000000777 ) ) ;
#5146 = ORIENTED_EDGE ( 'NONE', *, *, #971, .T. ) ;
#5147 = CARTESIAN_POINT ( 'NONE',  ( 0.9725000000000002531, 2.707018309146649315, 0.4724999999999995315 ) ) ;
#5148 = ADVANCED_FACE ( 'NONE', ( #4450 ), #5279, .F. ) ;
#5149 = CARTESIAN_POINT ( 'NONE',  ( 0.9725000000000003642, 0.4950000000000012168, -0.2500000000000000000 ) ) ;
#5150 = ORIENTED_EDGE ( 'NONE', *, *, #3097, .F. ) ;
#5151 = FACE_OUTER_BOUND ( 'NONE', #844, .T. ) ;
#5152 = ADVANCED_FACE ( 'NONE', ( #3114 ), #4395, .F. ) ;
#5153 = DIRECTION ( 'NONE',  ( -0.000000000000000000, 0.000000000000000000, -1.000000000000000000 ) ) ;
#5154 = DIRECTION ( 'NONE',  ( -1.000000000000000000, 0.000000000000000000, 0.000000000000000000 ) ) ;
#5155 = EDGE_CURVE ( 'NONE', #1587, #2039, #4031, .T. ) ;
#5156 = DIRECTION ( 'NONE',  ( 0.000000000000000000, 0.000000000000000000, 1.000000000000000000 ) ) ;
#5157 = DIRECTION ( 'NONE',  ( 0.000000000000000000, 1.000000000000000000, 0.000000000000000000 ) ) ;
#5158 = ADVANCED_FACE ( 'NONE', ( #1213 ), #1685, .F. ) ;
#5159 = ORIENTED_EDGE ( 'NONE', *, *, #3637, .T. ) ;
#5160 = CARTESIAN_POINT ( 'NONE',  ( 0.9000000000000000222, 0.02750000000000000361, -0.4000000000000001887 ) ) ;
#5161 = DIRECTION ( 'NONE',  ( -0.000000000000000000, -0.000000000000000000, 1.000000000000000000 ) ) ;
#5162 = ORIENTED_EDGE ( 'NONE', *, *, #2363, .F. ) ;
#5163 = DIRECTION ( 'NONE',  ( 0.000000000000000000, -1.000000000000000000, 0.000000000000000000 ) ) ;
#5164 = VERTEX_POINT ( 'NONE', #2171 ) ;
#5165 = DIRECTION ( 'NONE',  ( 0.000000000000000000, -1.000000000000000000, 0.000000000000000000 ) ) ;
#5166 = VECTOR ( 'NONE', #3311, 1000.000000000000000 ) ;
#5167 = DIRECTION ( 'NONE',  ( -1.000000000000000000, 0.000000000000000000, 0.000000000000000000 ) ) ;
#5168 = CARTESIAN_POINT ( 'NONE',  ( 0.9000000000000000222, 0.4950000000000011058, 0.4724999999999995315 ) ) ;
#5169 = EDGE_LOOP ( 'NONE', ( #4469, #4610, #1684, #1255 ) ) ;
#5170 = CARTESIAN_POINT ( 'NONE',  ( -0.6000000000000000888, 0.4950000000000011058, 0.4000000000000000777 ) ) ;
#5171 = DIRECTION ( 'NONE',  ( 0.000000000000000000, 1.000000000000000000, 0.000000000000000000 ) ) ;
#5172 = LINE ( 'NONE', #148, #43 ) ;
#5173 = VERTEX_POINT ( 'NONE', #5783 ) ;
#5174 = CARTESIAN_POINT ( 'NONE',  ( -1.000000000000000444, 2.707018309146649315, 0.4724999999999993650 ) ) ;
#5175 = LINE ( 'NONE', #2538, #1149 ) ;
#5176 = ORIENTED_EDGE ( 'NONE', *, *, #665, .F. ) ;
#5177 = ADVANCED_FACE ( 'NONE', ( #405 ), #3061, .F. ) ;
#5178 = VECTOR ( 'NONE', #1838, 1000.000000000000000 ) ;
#5179 = DIRECTION ( 'NONE',  ( 1.000000000000000000, -0.000000000000000000, -7.228014483236719235E-16 ) ) ;
#5180 = LINE ( 'NONE', #5149, #2470 ) ;
#5181 = ORIENTED_EDGE ( 'NONE', *, *, #3538, .F. ) ;
#5182 = VECTOR ( 'NONE', #1999, 1000.000000000000000 ) ;
#5183 = CARTESIAN_POINT ( 'NONE',  ( 0.3999999999999999667, 0.5225000000000000755, -0.3000000000000000444 ) ) ;
#5184 = CARTESIAN_POINT ( 'NONE',  ( -0.6000000000000000888, 0.02750000000000000361, -0.2000000000000000666 ) ) ;
#5185 = FACE_OUTER_BOUND ( 'NONE', #2188, .T. ) ;
#5186 = LINE ( 'NONE', #1120, #1604 ) ;
#5187 = DIRECTION ( 'NONE',  ( 0.000000000000000000, 0.000000000000000000, 1.000000000000000000 ) ) ;
#5188 = ORIENTED_EDGE ( 'NONE', *, *, #2571, .T. ) ;
#5189 = LINE ( 'NONE', #3766, #5135 ) ;
#5190 = EDGE_CURVE ( 'NONE', #3634, #3414, #5336, .T. ) ;
#5191 = AXIS2_PLACEMENT_3D ( 'NONE', #5064, #431, #3714 ) ;
#5192 = DIRECTION ( 'NONE',  ( -1.000000000000000000, -0.000000000000000000, 0.000000000000000000 ) ) ;
#5193 = CARTESIAN_POINT ( 'NONE',  ( -0.1000000000000000472, 0.02750000000000000361, 0.2000000000000000666 ) ) ;
#5194 = VERTEX_POINT ( 'NONE', #4887 ) ;
#5195 = VECTOR ( 'NONE', #4896, 1000.000000000000000 ) ;
#5196 = LINE ( 'NONE', #170, #1579 ) ;
#5197 = VECTOR ( 'NONE', #1735, 1000.000000000000000 ) ;
#5198 = FACE_OUTER_BOUND ( 'NONE', #3238, .T. ) ;
#5199 = LINE ( 'NONE', #4341, #4569 ) ;
#5200 = CARTESIAN_POINT ( 'NONE',  ( 0.1000000000000000611, 0.4950000000000001066, -0.4724999999999995315 ) ) ;
#5201 = CARTESIAN_POINT ( 'NONE',  ( 0.3999999999999999667, 0.02750000000000000361, 0.4724999999999995315 ) ) ;
#5202 = LINE ( 'NONE', #4813, #1002 ) ;
#5203 = ORIENTED_EDGE ( 'NONE', *, *, #301, .T. ) ;
#5204 = LINE ( 'NONE', #1491, #4638 ) ;
#5205 = CARTESIAN_POINT ( 'NONE',  ( 0.3999999999999999667, 0.5225000000000000755, -0.5000000000000000000 ) ) ;
#5206 = ORIENTED_EDGE ( 'NONE', *, *, #677, .T. ) ;
#5207 = DIRECTION ( 'NONE',  ( 0.000000000000000000, -0.000000000000000000, -1.000000000000000000 ) ) ;
#5208 = MECHANICAL_DESIGN_GEOMETRIC_PRESENTATION_REPRESENTATION (  '', ( #1893 ), #1509 ) ;
#5209 = VECTOR ( 'NONE', #5021, 1000.000000000000000 ) ;
#5210 = DIRECTION ( 'NONE',  ( 0.000000000000000000, 1.000000000000000000, 0.000000000000000000 ) ) ;
#5211 = ORIENTED_EDGE ( 'NONE', *, *, #5720, .F. ) ;
#5212 = LINE ( 'NONE', #5245, #294 ) ;
#5213 = PRESENTATION_LAYER_ASSIGNMENT (  '', '', ( #1893 ) ) ;
#5214 = VECTOR ( 'NONE', #4330, 1000.000000000000000 ) ;
#5215 = EDGE_CURVE ( 'NONE', #4622, #4511, #817, .T. ) ;
#5216 = LINE ( 'NONE', #3043, #3910 ) ;
#5217 = CARTESIAN_POINT ( 'NONE',  ( -0.8249999999999999556, 0.000000000000000000, -0.4000000000000000222 ) ) ;
#5218 = ADVANCED_FACE ( 'NONE', ( #2583 ), #4373, .F. ) ;
#5219 = EDGE_CURVE ( 'NONE', #3218, #1479, #4833, .T. ) ;
#5220 = CARTESIAN_POINT ( 'NONE',  ( 0.6750000000000000444, 0.000000000000000000, 0.4000000000000000777 ) ) ;
#5221 = AXIS2_PLACEMENT_3D ( 'NONE', #5012, #5049, #4108 ) ;
#5222 = VECTOR ( 'NONE', #4131, 1000.000000000000000 ) ;
#5223 = FILL_AREA_STYLE_COLOUR ( '', #4815 ) ;
#5224 = ORIENTED_EDGE ( 'NONE', *, *, #998, .T. ) ;
#5225 = VECTOR ( 'NONE', #4809, 1000.000000000000000 ) ;
#5226 = EDGE_CURVE ( 'NONE', #5251, #4826, #4862, .T. ) ;
#5227 = DIRECTION ( 'NONE',  ( 0.000000000000000000, -1.971276677246373097E-15, 1.000000000000000000 ) ) ;
#5228 =( GEOMETRIC_REPRESENTATION_CONTEXT ( 3 ) GLOBAL_UNCERTAINTY_ASSIGNED_CONTEXT ( ( #2177 ) ) GLOBAL_UNIT_ASSIGNED_CONTEXT ( ( #1832, #4027, #1799 ) ) REPRESENTATION_CONTEXT ( 'NONE', 'WORKASPACE' ) );
#5229 = CARTESIAN_POINT ( 'NONE',  ( 0.8999999999999999112, 0.5225000000000000755, -0.4000000000000001887 ) ) ;
#5230 = DIRECTION ( 'NONE',  ( 0.000000000000000000, 0.000000000000000000, 1.000000000000000000 ) ) ;
#5231 = CARTESIAN_POINT ( 'NONE',  ( -0.6000000000000000888, 0.02750000000000000361, 0.4724999999999995315 ) ) ;
#5232 = LINE ( 'NONE', #1520, #4890 ) ;
#5233 = CARTESIAN_POINT ( 'NONE',  ( 0.6000000000000000888, 0.5225000000000000755, 0.4000000000000000777 ) ) ;
#5234 = VERTEX_POINT ( 'NONE', #789 ) ;
#5235 = CARTESIAN_POINT ( 'NONE',  ( -0.3250000000000000666, 0.000000000000000000, 0.4000000000000000777 ) ) ;
#5236 = EDGE_CURVE ( 'NONE', #1493, #4431, #1295, .T. ) ;
#5237 = CARTESIAN_POINT ( 'NONE',  ( -0.1750000000000000167, 0.02750000000000000361, -0.4724999999999995315 ) ) ;
#5238 = VERTEX_POINT ( 'NONE', #2672 ) ;
#5239 = EDGE_CURVE ( 'NONE', #3139, #1552, #4477, .T. ) ;
#5240 = VECTOR ( 'NONE', #676, 1000.000000000000000 ) ;
#5241 = EDGE_CURVE ( 'NONE', #2804, #654, #3480, .T. ) ;
#5242 = DIRECTION ( 'NONE',  ( -1.000000000000000000, -0.000000000000000000, -0.000000000000000000 ) ) ;
#5243 = VECTOR ( 'NONE', #2025, 1000.000000000000000 ) ;
#5244 = ORIENTED_EDGE ( 'NONE', *, *, #2827, .T. ) ;
#5245 = CARTESIAN_POINT ( 'NONE',  ( -0.1000000000000000472, -1.592040838891558417E-17, -0.5000000000000000000 ) ) ;
#5246 = CARTESIAN_POINT ( 'NONE',  ( -0.09999999999999993616, 0.4950000000000001066, 0.4724999999999995315 ) ) ;
#5247 = CARTESIAN_POINT ( 'NONE',  ( 0.6000000000000000888, 0.5225000000000000755, 0.5000000000000000000 ) ) ;
#5248 =( NAMED_UNIT ( * ) PLANE_ANGLE_UNIT ( ) SI_UNIT ( $, .RADIAN. ) );
#5249 = EDGE_CURVE ( 'NONE', #4586, #2629, #2558, .T. ) ;
#5250 = DIRECTION ( 'NONE',  ( -1.000000000000000000, -0.000000000000000000, 0.000000000000000000 ) ) ;
#5251 = VERTEX_POINT ( 'NONE', #4096 ) ;
#5252 = PLANE ( 'NONE',  #5073 ) ;
#5253 = CARTESIAN_POINT ( 'NONE',  ( -0.6750000000000000444, 0.02750000000000000361, 0.4000000000000000777 ) ) ;
#5254 = CARTESIAN_POINT ( 'NONE',  ( -0.6000000000000000888, 0.4950000000000011058, -0.4724999999999995315 ) ) ;
#5255 = DIRECTION ( 'NONE',  ( 0.000000000000000000, 0.000000000000000000, 1.000000000000000000 ) ) ;
#5256 = CARTESIAN_POINT ( 'NONE',  ( 0.9725000000000002531, 0.5316666666666668428, -0.2816666666666667318 ) ) ;
#5257 = CARTESIAN_POINT ( 'NONE',  ( -1.000000000000000444, -1.592040838891558417E-17, -0.5000000000000000000 ) ) ;
#5258 = DIRECTION ( 'NONE',  ( -0.000000000000000000, -0.000000000000000000, -1.000000000000000000 ) ) ;
#5259 = EDGE_CURVE ( 'NONE', #5799, #4222, #2760, .T. ) ;
#5260 = CARTESIAN_POINT ( 'NONE',  ( -0.3250000000000000666, 0.4950000000000009948, -0.4000000000000000222 ) ) ;
#5261 = ORIENTED_EDGE ( 'NONE', *, *, #2608, .T. ) ;
#5262 = CARTESIAN_POINT ( 'NONE',  ( -0.1000000000000000472, 2.707018309146649315, -0.4724999999999994760 ) ) ;
#5264 = ORIENTED_EDGE ( 'NONE', *, *, #4289, .F. ) ;
#5263 = FACE_OUTER_BOUND ( 'NONE', #1959, .T. ) ;
#5265 = PLANE ( 'NONE',  #2643 ) ;
#5266 = VECTOR ( 'NONE', #2530, 1000.000000000000000 ) ;
#5267 =( LENGTH_UNIT ( ) NAMED_UNIT ( * ) SI_UNIT ( .MILLI., .METRE. ) );
#5268 = CARTESIAN_POINT ( 'NONE',  ( 0.6750000000000000444, 0.5225000000000000755, -0.2500000000000000000 ) ) ;
#5269 = DIRECTION ( 'NONE',  ( -1.000000000000000000, -0.000000000000000000, -0.000000000000000000 ) ) ;
#5270 = ORIENTED_EDGE ( 'NONE', *, *, #3553, .T. ) ;
#5271 = LINE ( 'NONE', #781, #147 ) ;
#5272 = CARTESIAN_POINT ( 'NONE',  ( 0.3250000000000000111, 0.4950000000000009948, -0.4000000000000000222 ) ) ;
#5273 = EDGE_CURVE ( 'NONE', #4323, #2715, #3652, .T. ) ;
#5274 = DIRECTION ( 'NONE',  ( -1.000000000000000000, 0.000000000000000000, -0.000000000000000000 ) ) ;
#5275 = AXIS2_PLACEMENT_3D ( 'NONE', #5321, #5767, #750 ) ;
#5276 = CARTESIAN_POINT ( 'NONE',  ( -0.6000000000000000888, 0.02750000000000000361, 0.4000000000000000777 ) ) ;
#5277 = VECTOR ( 'NONE', #3619, 1000.000000000000000 ) ;
#5278 = VERTEX_POINT ( 'NONE', #3204 ) ;
#5279 = PLANE ( 'NONE',  #2243 ) ;
#5280 = DIRECTION ( 'NONE',  ( 0.000000000000000000, 1.000000000000000000, 0.000000000000000000 ) ) ;
#5281 = EDGE_CURVE ( 'NONE', #1779, #1479, #5864, .T. ) ;
#5282 = EDGE_CURVE ( 'NONE', #2564, #344, #42, .T. ) ;
#5283 = ORIENTED_EDGE ( 'NONE', *, *, #5226, .F. ) ;
#5284 = CARTESIAN_POINT ( 'NONE',  ( -0.1000000000000000472, 0.4950000000000001066, -0.4724999999999995315 ) ) ;
#5285 = MECHANICAL_DESIGN_GEOMETRIC_PRESENTATION_REPRESENTATION (  '', ( #4161 ), #3419 ) ;
#5286 = VECTOR ( 'NONE', #4237, 1000.000000000000000 ) ;
#5287 = LINE ( 'NONE', #4485, #3508 ) ;
#5289 = ORIENTED_EDGE ( 'NONE', *, *, #5794, .T. ) ;
#5288 = FACE_OUTER_BOUND ( 'NONE', #3955, .T. ) ;
#5290 = CARTESIAN_POINT ( 'NONE',  ( -0.1000000000000000472, 0.5225000000000000755, -0.4000000000000000222 ) ) ;
#5291 = AXIS2_PLACEMENT_3D ( 'NONE', #5566, #540, #5533 ) ;
#5292 = AXIS2_PLACEMENT_3D ( 'NONE', #2050, #1982, #94 ) ;
#5293 = CARTESIAN_POINT ( 'NONE',  ( 0.9725000000000002531, 0.5225000000000000755, 0.3000000000000000444 ) ) ;
#5294 = EDGE_CURVE ( 'NONE', #1709, #1833, #4126, .T. ) ;
#5295 = EDGE_CURVE ( 'NONE', #3212, #518, #492, .T. ) ;
#5296 = FACE_OUTER_BOUND ( 'NONE', #3530, .T. ) ;
#5297 = ORIENTED_EDGE ( 'NONE', *, *, #1758, .F. ) ;
#5298 = ORIENTED_EDGE ( 'NONE', *, *, #5591, .T. ) ;
#5299 = LINE ( 'NONE', #3454, #2532 ) ;
#5300 = FACE_OUTER_BOUND ( 'NONE', #1409, .T. ) ;
#5301 = LINE ( 'NONE', #4392, #5225 ) ;
#5302 = AXIS2_PLACEMENT_3D ( 'NONE', #4432, #3986, #5763 ) ;
#5303 = DIRECTION ( 'NONE',  ( -1.000000000000000000, 0.000000000000000000, 0.000000000000000000 ) ) ;
#5304 = ORIENTED_EDGE ( 'NONE', *, *, #1006, .T. ) ;
#5305 = VECTOR ( 'NONE', #4814, 1000.000000000000000 ) ;
#5306 = DIRECTION ( 'NONE',  ( -0.000000000000000000, 1.224646799147352961E-16, -1.000000000000000000 ) ) ;
#5307 = VECTOR ( 'NONE', #3849, 1000.000000000000000 ) ;
#5308 = EDGE_CURVE ( 'NONE', #3244, #5828, #5451, .T. ) ;
#5309 = LINE ( 'NONE', #1718, #2194 ) ;
#5310 = PRODUCT_RELATED_PRODUCT_CATEGORY ( 'part', '', ( #934 ) ) ;
#5311 = UNCERTAINTY_MEASURE_WITH_UNIT (LENGTH_MEASURE( 1.000000000000000082E-05 ), #549, 'distance_accuracy_value', 'NONE');
#5312 = FACE_OUTER_BOUND ( 'NONE', #3466, .T. ) ;
#5313 = ORIENTED_EDGE ( 'NONE', *, *, #4844, .T. ) ;
#5314 = CARTESIAN_POINT ( 'NONE',  ( 0.6750000000000000444, 0.5225000000000000755, -0.5000000000000000000 ) ) ;
#5315 = EDGE_CURVE ( 'NONE', #5462, #3297, #5543, .T. ) ;
#5316 = VECTOR ( 'NONE', #776, 1000.000000000000000 ) ;
#5317 = LINE ( 'NONE', #1244, #1905 ) ;
#5319 = ORIENTED_EDGE ( 'NONE', *, *, #237, .T. ) ;
#5318 = DIRECTION ( 'NONE',  ( -0.000000000000000000, 1.000000000000000000, -0.000000000000000000 ) ) ;
#5320 = CARTESIAN_POINT ( 'NONE',  ( -1.000000000000000222, 0.4950000000000002176, -0.4724999999999993650 ) ) ;
#5321 = CARTESIAN_POINT ( 'NONE',  ( 0.000000000000000000, 0.000000000000000000, 0.000000000000000000 ) ) ;
#5322 = DIRECTION ( 'NONE',  ( 0.000000000000000000, 1.000000000000000000, -0.000000000000000000 ) ) ;
#5323 = EDGE_CURVE ( 'NONE', #3183, #5238, #2792, .T. ) ;
#5324 = EDGE_CURVE ( 'NONE', #4052, #1937, #972, .T. ) ;
#5325 = AXIS2_PLACEMENT_3D ( 'NONE', #4683, #4176, #1923 ) ;
#5326 = LINE ( 'NONE', #3495, #2829 ) ;
#5327 = EDGE_LOOP ( 'NONE', ( #2342, #3853, #1753, #869, #1710, #5074, #5557, #2494 ) ) ;
#5328 = ORIENTED_EDGE ( 'NONE', *, *, #4362, .F. ) ;
#5329 = ORIENTED_EDGE ( 'NONE', *, *, #1182, .F. ) ;
#5330 = LINE ( 'NONE', #1711, #4873 ) ;
#5331 = ORIENTED_EDGE ( 'NONE', *, *, #1724, .T. ) ;
#5332 = CARTESIAN_POINT ( 'NONE',  ( 1.000000000000000222, 0.02750000000000000361, -0.4724999999999995315 ) ) ;
#5333 = LINE ( 'NONE', #338, #4185 ) ;
#5334 = VERTEX_POINT ( 'NONE', #1418 ) ;
#5335 = DIRECTION ( 'NONE',  ( -0.000000000000000000, 0.000000000000000000, 1.000000000000000000 ) ) ;
#5336 = LINE ( 'NONE', #3923, #1664 ) ;
#5337 = ORIENTED_EDGE ( 'NONE', *, *, #5730, .T. ) ;
#5338 = CARTESIAN_POINT ( 'NONE',  ( 0.3250000000000000111, 0.000000000000000000, 0.4000000000000000777 ) ) ;
#5339 = CARTESIAN_POINT ( 'NONE',  ( -1.000000000000000444, 0.5225000000000000755, 0.5000000000000000000 ) ) ;
#5340 = EDGE_CURVE ( 'NONE', #2628, #1490, #5484, .T. ) ;
#5341 = ORIENTED_EDGE ( 'NONE', *, *, #274, .F. ) ;
#5342 = DIRECTION ( 'NONE',  ( 1.000000000000000000, 0.000000000000000000, -0.000000000000000000 ) ) ;
#5343 = DIRECTION ( 'NONE',  ( -0.000000000000000000, 1.000000000000000000, 0.000000000000000000 ) ) ;
#5345 = ORIENTED_EDGE ( 'NONE', *, *, #1005, .F. ) ;
#5344 = CARTESIAN_POINT ( 'NONE',  ( 1.000000000000000222, 0.4950000000000011058, 0.4724999999999995315 ) ) ;
#5346 = CARTESIAN_POINT ( 'NONE',  ( 0.6000000000000000888, -1.592040838891558417E-17, -0.5000000000000000000 ) ) ;
#5347 = DIRECTION ( 'NONE',  ( -1.000000000000000000, 0.000000000000000000, 0.000000000000000000 ) ) ;
#5348 = PLANE ( 'NONE',  #4639 ) ;
#5349 = VECTOR ( 'NONE', #3559, 1000.000000000000000 ) ;
#5350 = CARTESIAN_POINT ( 'NONE',  ( 0.3999999999999999667, 0.4950000000000009948, -0.4000000000000000222 ) ) ;
#5351 = VERTEX_POINT ( 'NONE', #4153 ) ;
#5352 = ORIENTED_EDGE ( 'NONE', *, *, #4326, .F. ) ;
#5353 = VERTEX_POINT ( 'NONE', #1868 ) ;
#5354 = DIRECTION ( 'NONE',  ( 0.000000000000000000, 0.000000000000000000, 1.000000000000000000 ) ) ;
#5355 = EDGE_CURVE ( 'NONE', #441, #1458, #3684, .T. ) ;
#5356 = EDGE_LOOP ( 'NONE', ( #2055, #5649, #424, #601 ) ) ;
#5357 = CARTESIAN_POINT ( 'NONE',  ( -0.5999999999999999778, 0.000000000000000000, 0.5000000000000002220 ) ) ;
#5358 = AXIS2_PLACEMENT_3D ( 'NONE', #2983, #1642, #2096 ) ;
#5359 = CARTESIAN_POINT ( 'NONE',  ( 0.8250000000000001776, 0.5225000000000000755, 0.5000000000000000000 ) ) ;
#5360 = ORIENTED_EDGE ( 'NONE', *, *, #1802, .T. ) ;
#5361 = CARTESIAN_POINT ( 'NONE',  ( -0.1000000000000000472, 2.081899558550501081E-17, -0.2000000000000000111 ) ) ;
#5362 = DIRECTION ( 'NONE',  ( -0.000000000000000000, -0.000000000000000000, -1.000000000000000000 ) ) ;
#5363 = CARTESIAN_POINT ( 'NONE',  ( 0.6000000000000000888, 0.4950000000000009948, 0.2500000000000000000 ) ) ;
#5364 = EDGE_CURVE ( 'NONE', #2017, #4123, #4533, .T. ) ;
#5365 = AXIS2_PLACEMENT_3D ( 'NONE', #904, #1837, #3169 ) ;
#5366 = AXIS2_PLACEMENT_3D ( 'NONE', #802, #3451, #2085 ) ;
#5367 = VERTEX_POINT ( 'NONE', #1450 ) ;
#5368 = CARTESIAN_POINT ( 'NONE',  ( -0.3999999999999998557, 0.000000000000000000, 0.3000000000000001554 ) ) ;
#5369 = VERTEX_POINT ( 'NONE', #3716 ) ;
#5370 = DIRECTION ( 'NONE',  ( -5.343156140101309323E-31, -1.000000000000000000, -1.971276677246373097E-15 ) ) ;
#5372 = VERTEX_POINT ( 'NONE', #3745 ) ;
#5371 = DIRECTION ( 'NONE',  ( -0.000000000000000000, 1.000000000000000000, 1.224646799147352961E-16 ) ) ;
#5373 = CARTESIAN_POINT ( 'NONE',  ( 0.8249999999999999556, 0.02750000000000000361, -0.2000000000000000666 ) ) ;
#5374 = EDGE_CURVE ( 'NONE', #2223, #1725, #5515, .T. ) ;
#5375 = DIRECTION ( 'NONE',  ( 0.000000000000000000, 1.000000000000000000, 0.000000000000000000 ) ) ;
#5376 = CARTESIAN_POINT ( 'NONE',  ( 1.000000000000000222, 0.02750000000000000361, 0.3999999999999999112 ) ) ;
#5377 = CARTESIAN_POINT ( 'NONE',  ( 0.3250000000000000111, 0.000000000000000000, 0.4000000000000000777 ) ) ;
#5378 = ORIENTED_EDGE ( 'NONE', *, *, #2439, .T. ) ;
#5379 = ORIENTED_EDGE ( 'NONE', *, *, #4404, .F. ) ;
#5380 = VECTOR ( 'NONE', #1268, 1000.000000000000000 ) ;
#5381 = VECTOR ( 'NONE', #1855, 1000.000000000000000 ) ;
#5382 = ORIENTED_EDGE ( 'NONE', *, *, #931, .T. ) ;
#5383 = ADVANCED_FACE ( 'NONE', ( #3269 ), #5066, .F. ) ;
#5384 = DIRECTION ( 'NONE',  ( -1.000000000000000000, 0.000000000000000000, 0.000000000000000000 ) ) ;
#5385 = ORIENTED_EDGE ( 'NONE', *, *, #3176, .T. ) ;
#5386 = DIRECTION ( 'NONE',  ( 0.000000000000000000, 0.000000000000000000, -1.000000000000000000 ) ) ;
#5387 = PRODUCT_DEFINITION_SHAPE ( 'NONE', 'NONE',  #5886 ) ;
#5388 = EDGE_CURVE ( 'NONE', #499, #1762, #1355, .T. ) ;
#5389 = LINE ( 'NONE', #1320, #4455 ) ;
#5390 = VERTEX_POINT ( 'NONE', #2726 ) ;
#5391 = EDGE_CURVE ( 'NONE', #3212, #4323, #461, .T. ) ;
#5392 = PRESENTATION_STYLE_ASSIGNMENT (( #1772 ) ) ;
#5393 = DIRECTION ( 'NONE',  ( -0.000000000000000000, 1.224646799147352961E-16, -1.000000000000000000 ) ) ;
#5394 = ORIENTED_EDGE ( 'NONE', *, *, #4712, .F. ) ;
#5395 = CARTESIAN_POINT ( 'NONE',  ( 0.6000000000000000888, 0.4950000000000001066, -0.4724999999999995315 ) ) ;
#5396 = VECTOR ( 'NONE', #323, 1000.000000000000000 ) ;
#5397 = VECTOR ( 'NONE', #650, 1000.000000000000000 ) ;
#5398 = EDGE_CURVE ( 'NONE', #779, #563, #3890, .T. ) ;
#5399 = DIRECTION ( 'NONE',  ( 0.000000000000000000, -1.000000000000000000, 0.000000000000000000 ) ) ;
#5400 = EDGE_CURVE ( 'NONE', #1725, #541, #617, .T. ) ;
#5401 = VECTOR ( 'NONE', #810, 1000.000000000000000 ) ;
#5402 = ORIENTED_EDGE ( 'NONE', *, *, #2675, .F. ) ;
#5403 = COLOUR_RGB ( '',0.7921568627450980005, 0.8196078431372548767, 0.9333333333333333481 ) ;
#5404 = ORIENTED_EDGE ( 'NONE', *, *, #221, .T. ) ;
#5405 = DIRECTION ( 'NONE',  ( 0.000000000000000000, 1.000000000000000000, -0.000000000000000000 ) ) ;
#5407 = ORIENTED_EDGE ( 'NONE', *, *, #4761, .F. ) ;
#5406 = LINE ( 'NONE', #3987, #5464 ) ;
#5408 = DIRECTION ( 'NONE',  ( 0.000000000000000000, 0.000000000000000000, 1.000000000000000000 ) ) ;
#5409 = PLANE ( 'NONE',  #2398 ) ;
#5410 = VECTOR ( 'NONE', #2906, 1000.000000000000000 ) ;
#5411 = DIRECTION ( 'NONE',  ( 1.000000000000000000, 0.000000000000000000, 0.000000000000000000 ) ) ;
#5412 = CARTESIAN_POINT ( 'NONE',  ( 0.3250000000000000111, 0.4950000000000009948, 0.4000000000000000777 ) ) ;
#5413 = ORIENTED_EDGE ( 'NONE', *, *, #3425, .F. ) ;
#5414 = ORIENTED_EDGE ( 'NONE', *, *, #2483, .F. ) ;
#5415 = ORIENTED_EDGE ( 'NONE', *, *, #252, .T. ) ;
#5416 = AXIS2_PLACEMENT_3D ( 'NONE', #522, #2794, #1780 ) ;
#5417 = CARTESIAN_POINT ( 'NONE',  ( 0.8249999999999999556, 0.5225000000000000755, -0.5000000000000000000 ) ) ;
#5418 = ORIENTED_EDGE ( 'NONE', *, *, #1607, .T. ) ;
#5419 = LINE ( 'NONE', #4122, #4841 ) ;
#5420 = ORIENTED_EDGE ( 'NONE', *, *, #4265, .F. ) ;
#5421 = CARTESIAN_POINT ( 'NONE',  ( -0.3250000000000000666, 0.02750000000000000361, 0.4724999999999995315 ) ) ;
#5422 = EDGE_LOOP ( 'NONE', ( #3660, #4534, #4998, #818 ) ) ;
#5423 = CARTESIAN_POINT ( 'NONE',  ( 1.000000000000000222, 0.4950000000000002176, 0.4724999999999995315 ) ) ;
#5424 = CARTESIAN_POINT ( 'NONE',  ( -0.9725000000000004752, 0.4950000000000011058, 0.2500000000000000000 ) ) ;
#5425 = CARTESIAN_POINT ( 'NONE',  ( 1.000000000000000222, 0.02750000000000000361, -0.4724999999999995315 ) ) ;
#5426 = ORIENTED_EDGE ( 'NONE', *, *, #2671, .F. ) ;
#5427 = ORIENTED_EDGE ( 'NONE', *, *, #4530, .T. ) ;
#5428 = DIRECTION ( 'NONE',  ( -0.000000000000000000, -0.000000000000000000, 1.000000000000000000 ) ) ;
#5429 = ORIENTED_EDGE ( 'NONE', *, *, #568, .F. ) ;
#5430 = EDGE_CURVE ( 'NONE', #2876, #4557, #4254, .T. ) ;
#5431 = ORIENTED_EDGE ( 'NONE', *, *, #3268, .T. ) ;
#5432 = LINE ( 'NONE', #4608, #1223 ) ;
#5433 = EDGE_LOOP ( 'NONE', ( #144, #1072, #686, #2751 ) ) ;
#5434 = ORIENTED_EDGE ( 'NONE', *, *, #822, .F. ) ;
#5435 = LINE ( 'NONE', #4044, #5000 ) ;
#5436 = ORIENTED_EDGE ( 'NONE', *, *, #3726, .F. ) ;
#5437 = LINE ( 'NONE', #1279, #477 ) ;
#5438 = FACE_OUTER_BOUND ( 'NONE', #2222, .T. ) ;
#5439 = CARTESIAN_POINT ( 'NONE',  ( 1.000000000000000222, 2.707018309146649315, -0.4724999999999995315 ) ) ;
#5440 = ORIENTED_EDGE ( 'NONE', *, *, #2869, .F. ) ;
#5441 = ORIENTED_EDGE ( 'NONE', *, *, #3003, .F. ) ;
#5442 = ORIENTED_EDGE ( 'NONE', *, *, #298, .F. ) ;
#5443 = CARTESIAN_POINT ( 'NONE',  ( 0.3999999999999999667, 0.5225000000000000755, 0.5000000000000000000 ) ) ;
#5444 = ORIENTED_EDGE ( 'NONE', *, *, #2071, .F. ) ;
#5445 = FILL_AREA_STYLE_COLOUR ( '', #5403 ) ;
#5446 = ORIENTED_EDGE ( 'NONE', *, *, #2509, .T. ) ;
#5447 = ORIENTED_EDGE ( 'NONE', *, *, #3112, .T. ) ;
#5448 = LINE ( 'NONE', #1382, #5125 ) ;
#5449 = ORIENTED_EDGE ( 'NONE', *, *, #379, .T. ) ;
#5450 = DIRECTION ( 'NONE',  ( 0.000000000000000000, 1.000000000000000000, 0.000000000000000000 ) ) ;
#5451 = LINE ( 'NONE', #1906, #3180 ) ;
#5452 = VECTOR ( 'NONE', #3587, 1000.000000000000000 ) ;
#5453 = DIRECTION ( 'NONE',  ( -0.000000000000000000, 0.000000000000000000, -1.000000000000000000 ) ) ;
#5454 = EDGE_CURVE ( 'NONE', #550, #5637, #1997, .T. ) ;
#5455 = ORIENTED_EDGE ( 'NONE', *, *, #5730, .F. ) ;
#5456 = EDGE_CURVE ( 'NONE', #3904, #4051, #5609, .T. ) ;
#5457 = EDGE_CURVE ( 'NONE', #3795, #5031, #592, .T. ) ;
#5458 = LINE ( 'NONE', #5075, #2938 ) ;
#5459 = ORIENTED_EDGE ( 'NONE', *, *, #2625, .F. ) ;
#5460 = VERTEX_POINT ( 'NONE', #3366 ) ;
#5461 = CARTESIAN_POINT ( 'NONE',  ( -0.3999999999999999667, 2.081899558550501081E-17, -0.2000000000000000111 ) ) ;
#5463 = EDGE_CURVE ( 'NONE', #3146, #1227, #5099, .T. ) ;
#5462 = VERTEX_POINT ( 'NONE', #139 ) ;
#5464 = VECTOR ( 'NONE', #1939, 1000.000000000000000 ) ;
#5465 = DIRECTION ( 'NONE',  ( -0.000000000000000000, 1.000000000000000000, -0.000000000000000000 ) ) ;
#5466 = VECTOR ( 'NONE', #3943, 1000.000000000000000 ) ;
#5467 = ORIENTED_EDGE ( 'NONE', *, *, #4609, .F. ) ;
#5468 = DIRECTION ( 'NONE',  ( -0.000000000000000000, -1.000000000000000000, -0.000000000000000000 ) ) ;
#5469 = DIRECTION ( 'NONE',  ( 1.000000000000000000, 0.000000000000000000, 0.000000000000000000 ) ) ;
#5470 = CARTESIAN_POINT ( 'NONE',  ( 0.6750000000000000444, 0.000000000000000000, 0.4000000000000000777 ) ) ;
#5471 = ADVANCED_FACE ( 'NONE', ( #3426 ), #2030, .F. ) ;
#5472 = DIRECTION ( 'NONE',  ( 0.000000000000000000, 0.000000000000000000, -1.000000000000000000 ) ) ;
#5473 = ORIENTED_EDGE ( 'NONE', *, *, #2000, .F. ) ;
#5474 = CARTESIAN_POINT ( 'NONE',  ( 1.000000000000000222, 0.02750000000000000361, -0.4000000000000001887 ) ) ;
#5475 = EDGE_CURVE ( 'NONE', #2876, #2940, #3396, .T. ) ;
#5476 = VERTEX_POINT ( 'NONE', #5669 ) ;
#5477 = DIRECTION ( 'NONE',  ( 0.000000000000000000, -1.000000000000000000, 0.000000000000000000 ) ) ;
#5478 = EDGE_CURVE ( 'NONE', #3703, #5819, #5196, .T. ) ;
#5479 = ORIENTED_EDGE ( 'NONE', *, *, #208, .T. ) ;
#5480 = DIRECTION ( 'NONE',  ( 0.000000000000000000, 1.000000000000000000, -0.000000000000000000 ) ) ;
#5481 = EDGE_LOOP ( 'NONE', ( #3681, #4979, #5806, #1146 ) ) ;
#5482 = COLOUR_RGB ( '',0.7921568627450980005, 0.8196078431372548767, 0.9333333333333333481 ) ;
#5483 = VECTOR ( 'NONE', #2932, 1000.000000000000000 ) ;
#5484 = LINE ( 'NONE', #2262, #327 ) ;
#5485 = DIRECTION ( 'NONE',  ( 0.000000000000000000, 0.000000000000000000, 1.000000000000000000 ) ) ;
#5486 = VECTOR ( 'NONE', #4117, 1000.000000000000000 ) ;
#5487 = VECTOR ( 'NONE', #2547, 1000.000000000000000 ) ;
#5488 = LINE ( 'NONE', #1420, #2028 ) ;
#5489 = ORIENTED_EDGE ( 'NONE', *, *, #1877, .F. ) ;
#5490 = DIRECTION ( 'NONE',  ( -1.000000000000000000, 0.000000000000000000, 7.228014483236698528E-16 ) ) ;
#5491 = VERTEX_POINT ( 'NONE', #2857 ) ;
#5492 = VECTOR ( 'NONE', #4135, 1000.000000000000000 ) ;
#5493 = VECTOR ( 'NONE', #5258, 1000.000000000000000 ) ;
#5494 = LINE ( 'NONE', #2771, #2009 ) ;
#5495 = VECTOR ( 'NONE', #3200, 1000.000000000000000 ) ;
#5496 = ORIENTED_EDGE ( 'NONE', *, *, #3626, .F. ) ;
#5497 = CARTESIAN_POINT ( 'NONE',  ( 0.6000000000000000888, -3.673940397442057649E-18, 0.4000000000000000777 ) ) ;
#5498 = VECTOR ( 'NONE', #3875, 1000.000000000000000 ) ;
#5499 = ORIENTED_EDGE ( 'NONE', *, *, #665, .T. ) ;
#5500 = CARTESIAN_POINT ( 'NONE',  ( -1.000000000000000444, 0.000000000000000000, -0.3999999999999999667 ) ) ;
#5501 = CARTESIAN_POINT ( 'NONE',  ( -0.8249999999999999556, 0.000000000000000000, -0.4000000000000000222 ) ) ;
#5502 = LINE ( 'NONE', #4082, #731 ) ;
#5503 = VERTEX_POINT ( 'NONE', #2478 ) ;
#5504 = ORIENTED_EDGE ( 'NONE', *, *, #3483, .F. ) ;
#5505 = VERTEX_POINT ( 'NONE', #649 ) ;
#5506 = DIRECTION ( 'NONE',  ( -2.710505431213758620E-16, 0.000000000000000000, -1.000000000000000000 ) ) ;
#5507 = EDGE_CURVE ( 'NONE', #4058, #2129, #1129, .T. ) ;
#5508 = VERTEX_POINT ( 'NONE', #3803 ) ;
#5509 = FACE_OUTER_BOUND ( 'NONE', #1828, .T. ) ;
#5510 = FACE_OUTER_BOUND ( 'NONE', #2163, .T. ) ;
#5511 = VERTEX_POINT ( 'NONE', #202 ) ;
#5512 = DIRECTION ( 'NONE',  ( 1.000000000000000000, -0.000000000000000000, 1.084202172485504064E-16 ) ) ;
#5513 = AXIS2_PLACEMENT_3D ( 'NONE', #3604, #5347, #4960 ) ;
#5514 = ORIENTED_EDGE ( 'NONE', *, *, #143, .F. ) ;
#5515 = LINE ( 'NONE', #3622, #4128 ) ;
#5516 = DIRECTION ( 'NONE',  ( 2.710505431213760592E-16, 0.000000000000000000, 1.000000000000000000 ) ) ;
#5517 = LINE ( 'NONE', #5368, #4848 ) ;
#5518 = CARTESIAN_POINT ( 'NONE',  ( -0.5999999999999999778, 0.000000000000000000, 0.3000000000000001554 ) ) ;
#5519 = CARTESIAN_POINT ( 'NONE',  ( 0.9000000000000000222, 0.5225000000000000755, -0.4000000000000000222 ) ) ;
#5520 = ORIENTED_EDGE ( 'NONE', *, *, #2256, .T. ) ;
#5521 = LINE ( 'NONE', #5870, #4999 ) ;
#5522 = DIRECTION ( 'NONE',  ( 1.000000000000000000, 0.000000000000000000, 0.000000000000000000 ) ) ;
#5523 = ORIENTED_EDGE ( 'NONE', *, *, #3613, .F. ) ;
#5524 = LINE ( 'NONE', #602, #5307 ) ;
#5525 = ORIENTED_EDGE ( 'NONE', *, *, #940, .F. ) ;
#5526 = CARTESIAN_POINT ( 'NONE',  ( 0.3999999999999999667, -1.592040838891558417E-17, 0.5000000000000000000 ) ) ;
#5527 = VERTEX_POINT ( 'NONE', #2978 ) ;
#5528 = DIRECTION ( 'NONE',  ( 0.000000000000000000, 0.000000000000000000, -1.000000000000000000 ) ) ;
#5529 = EDGE_CURVE ( 'NONE', #1725, #4110, #2890, .T. ) ;
#5530 = CARTESIAN_POINT ( 'NONE',  ( 0.3999999999999999667, 0.4950000000000011058, 0.4724999999999995315 ) ) ;
#5531 = DIRECTION ( 'NONE',  ( 0.000000000000000000, -0.000000000000000000, -1.000000000000000000 ) ) ;
#5532 = ORIENTED_EDGE ( 'NONE', *, *, #4876, .T. ) ;
#5533 = DIRECTION ( 'NONE',  ( 0.000000000000000000, -1.000000000000000000, -1.971276677246373097E-15 ) ) ;
#5534 = ORIENTED_EDGE ( 'NONE', *, *, #3392, .T. ) ;
#5535 = PLANE ( 'NONE',  #3194 ) ;
#5536 = EDGE_CURVE ( 'NONE', #729, #1490, #681, .T. ) ;
#5537 = ORIENTED_EDGE ( 'NONE', *, *, #1518, .T. ) ;
#5538 = FILL_AREA_STYLE_COLOUR ( '', #2670 ) ;
#5539 = CARTESIAN_POINT ( 'NONE',  ( -0.3250000000000000666, 0.4950000000000009948, 0.4000000000000000777 ) ) ;
#5540 = ORIENTED_EDGE ( 'NONE', *, *, #1900, .F. ) ;
#5541 = VERTEX_POINT ( 'NONE', #233 ) ;
#5542 = ADVANCED_FACE ( 'NONE', ( #1601 ), #1548, .F. ) ;
#5543 = LINE ( 'NONE', #1482, #2914 ) ;
#5544 = LINE ( 'NONE', #1484, #5397 ) ;
#5545 = DIRECTION ( 'NONE',  ( 0.000000000000000000, -1.000000000000000000, 0.000000000000000000 ) ) ;
#5546 = ORIENTED_EDGE ( 'NONE', *, *, #739, .F. ) ;
#5547 = LINE ( 'NONE', #3309, #2506 ) ;
#5548 = CARTESIAN_POINT ( 'NONE',  ( 0.6000000000000000888, 0.4950000000000009948, 0.4000000000000000777 ) ) ;
#5549 = AXIS2_PLACEMENT_3D ( 'NONE', #2504, #4339, #1035 ) ;
#5550 = ORIENTED_EDGE ( 'NONE', *, *, #5241, .F. ) ;
#5551 = LINE ( 'NONE', #3780, #2367 ) ;
#5552 = PLANE ( 'NONE',  #4537 ) ;
#5553 = VERTEX_POINT ( 'NONE', #4781 ) ;
#5554 = EDGE_CURVE ( 'NONE', #5278, #1462, #707, .T. ) ;
#5555 = VECTOR ( 'NONE', #3872, 1000.000000000000000 ) ;
#5556 = ORIENTED_EDGE ( 'NONE', *, *, #5720, .T. ) ;
#5557 = ORIENTED_EDGE ( 'NONE', *, *, #843, .T. ) ;
#5558 = LINE ( 'NONE', #1463, #5492 ) ;
#5559 = EDGE_LOOP ( 'NONE', ( #3589, #5455, #1144, #1557 ) ) ;
#5560 = LINE ( 'NONE', #532, #1688 ) ;
#5561 = EDGE_LOOP ( 'NONE', ( #307, #857, #4338, #487 ) ) ;
#5562 = CARTESIAN_POINT ( 'NONE',  ( -0.6000000000000000888, 0.5225000000000000755, 0.5000000000000000000 ) ) ;
#5563 = DIRECTION ( 'NONE',  ( -1.000000000000000000, 0.000000000000000000, 0.000000000000000000 ) ) ;
#5564 = PRESENTATION_LAYER_ASSIGNMENT (  '', '', ( #4812 ) ) ;
#5565 = DIRECTION ( 'NONE',  ( 0.000000000000000000, -1.000000000000000000, 0.000000000000000000 ) ) ;
#5566 = CARTESIAN_POINT ( 'NONE',  ( 0.3999999999999999667, 0.02750000000000000361, 0.2000000000000000666 ) ) ;
#5567 = ADVANCED_FACE ( 'NONE', ( #3771 ), #5576, .F. ) ;
#5568 = ORIENTED_EDGE ( 'NONE', *, *, #1624, .F. ) ;
#5569 = DIRECTION ( 'NONE',  ( -1.000000000000000000, -0.000000000000000000, 0.000000000000000000 ) ) ;
#5570 = PRODUCT_DEFINITION ( 'UNKNOWN', '', #2719, #3563 ) ;
#5571 = DIRECTION ( 'NONE',  ( 2.710505431213760592E-16, 0.000000000000000000, 1.000000000000000000 ) ) ;
#5572 = EDGE_LOOP ( 'NONE', ( #932, #1991, #3279, #3181 ) ) ;
#5573 = DIRECTION ( 'NONE',  ( 0.000000000000000000, 0.000000000000000000, 1.000000000000000000 ) ) ;
#5574 = ADVANCED_FACE ( 'NONE', ( #758 ), #2603, .F. ) ;
#5575 = EDGE_LOOP ( 'NONE', ( #5379, #5606, #1708, #206, #4594, #4271, #3646, #5645 ) ) ;
#5576 = PLANE ( 'NONE',  #244 ) ;
#5577 = CARTESIAN_POINT ( 'NONE',  ( 0.6000000000000001998, 0.4950000000000001066, 0.000000000000000000 ) ) ;
#5578 = CARTESIAN_POINT ( 'NONE',  ( -0.6000000000000000888, 0.02750000000000000361, -0.4000000000000000222 ) ) ;
#5579 = EDGE_CURVE ( 'NONE', #3195, #2715, #2224, .T. ) ;
#5580 = VERTEX_POINT ( 'NONE', #4854 ) ;
#5581 = DIRECTION ( 'NONE',  ( 0.000000000000000000, -1.000000000000000000, 0.000000000000000000 ) ) ;
#5582 = LINE ( 'NONE', #5643, #809 ) ;
#5583 = LINE ( 'NONE', #1521, #2810 ) ;
#5584 = ORIENTED_EDGE ( 'NONE', *, *, #4121, .T. ) ;
#5585 = DIRECTION ( 'NONE',  ( 0.000000000000000000, 0.000000000000000000, -1.000000000000000000 ) ) ;
#5586 =( GEOMETRIC_REPRESENTATION_CONTEXT ( 3 ) GLOBAL_UNCERTAINTY_ASSIGNED_CONTEXT ( ( #4837 ) ) GLOBAL_UNIT_ASSIGNED_CONTEXT ( ( #4776, #3507, #4010 ) ) REPRESENTATION_CONTEXT ( 'NONE', 'WORKASPACE' ) );
#5587 = AXIS2_PLACEMENT_3D ( 'NONE', #865, #4547, #3665 ) ;
#5588 = CARTESIAN_POINT ( 'NONE',  ( 0.9000000000000000222, -1.592040838891558417E-17, -0.5000000000000000000 ) ) ;
#5589 = ORIENTED_EDGE ( 'NONE', *, *, #381, .F. ) ;
#5590 = EDGE_CURVE ( 'NONE', #499, #541, #4390, .T. ) ;
#5591 = EDGE_CURVE ( 'NONE', #4380, #2185, #1229, .T. ) ;
#5592 = DIRECTION ( 'NONE',  ( -0.000000000000000000, 0.000000000000000000, -1.000000000000000000 ) ) ;
#5593 = EDGE_CURVE ( 'NONE', #4510, #1344, #4806, .T. ) ;
#5594 = LINE ( 'NONE', #2904, #3027 ) ;
#5595 = ORIENTED_EDGE ( 'NONE', *, *, #5388, .F. ) ;
#5596 = CARTESIAN_POINT ( 'NONE',  ( 1.602515559965051795, 0.4950000000000012168, -0.2500000000000000000 ) ) ;
#5597 = AXIS2_PLACEMENT_3D ( 'NONE', #4040, #1303, #1273 ) ;
#5598 = CARTESIAN_POINT ( 'NONE',  ( -0.3999999999999999667, 0.4950000000000011058, 0.4724999999999995315 ) ) ;
#5599 = CARTESIAN_POINT ( 'NONE',  ( 0.3999999999999999667, 0.5225000000000000755, 0.5000000000000000000 ) ) ;
#5600 = VECTOR ( 'NONE', #1297, 1000.000000000000000 ) ;
#5601 = PLANE ( 'NONE',  #3969 ) ;
#5602 = DIRECTION ( 'NONE',  ( 0.000000000000000000, 0.000000000000000000, -1.000000000000000000 ) ) ;
#5603 = ORIENTED_EDGE ( 'NONE', *, *, #1200, .T. ) ;
#5604 = DIRECTION ( 'NONE',  ( -0.000000000000000000, 0.000000000000000000, 1.000000000000000000 ) ) ;
#5605 = DIRECTION ( 'NONE',  ( -1.000000000000000000, -0.000000000000000000, -0.000000000000000000 ) ) ;
#5606 = ORIENTED_EDGE ( 'NONE', *, *, #3971, .T. ) ;
#5607 =( NAMED_UNIT ( * ) SI_UNIT ( $, .STERADIAN. ) SOLID_ANGLE_UNIT ( ) );
#5608 = EDGE_LOOP ( 'NONE', ( #5489, #3782, #925, #4984 ) ) ;
#5609 = LINE ( 'NONE', #1636, #4501 ) ;
#5610 = EDGE_CURVE ( 'NONE', #1305, #4701, #4827, .T. ) ;
#5611 = DIRECTION ( 'NONE',  ( 1.000000000000000000, 0.000000000000000000, 7.228014483236698528E-16 ) ) ;
#5612 = DIRECTION ( 'NONE',  ( 1.000000000000000000, 0.000000000000000000, 0.000000000000000000 ) ) ;
#5613 = PRESENTATION_LAYER_ASSIGNMENT (  '', '', ( #5880 ) ) ;
#5614 = ORIENTED_EDGE ( 'NONE', *, *, #2483, .T. ) ;
#5615 = FACE_OUTER_BOUND ( 'NONE', #398, .T. ) ;
#5616 = CARTESIAN_POINT ( 'NONE',  ( 1.602515559965051795, 0.5316666666666668428, -0.3000000000000000444 ) ) ;
#5617 = DIRECTION ( 'NONE',  ( -0.000000000000000000, -1.000000000000000000, -0.000000000000000000 ) ) ;
#5618 = ORIENTED_EDGE ( 'NONE', *, *, #2835, .T. ) ;
#5619 = CARTESIAN_POINT ( 'NONE',  ( 1.000000000000000222, 0.4950000000000002176, 0.4724999999999995315 ) ) ;
#5620 = AXIS2_PLACEMENT_3D ( 'NONE', #824, #1004, #2825 ) ;
#5621 = FACE_OUTER_BOUND ( 'NONE', #658, .T. ) ;
#5622 = VERTEX_POINT ( 'NONE', #730 ) ;
#5623 = VECTOR ( 'NONE', #1053, 1000.000000000000000 ) ;
#5624 = CARTESIAN_POINT ( 'NONE',  ( 0.3999999999999999667, 0.4950000000000009948, 0.2500000000000000000 ) ) ;
#5625 = LINE ( 'NONE', #3281, #653 ) ;
#5626 = EDGE_CURVE ( 'NONE', #1552, #1785, #1678, .T. ) ;
#5627 = ORIENTED_EDGE ( 'NONE', *, *, #2404, .T. ) ;
#5628 = FACE_OUTER_BOUND ( 'NONE', #4734, .T. ) ;
#5629 = DIRECTION ( 'NONE',  ( 0.000000000000000000, 0.000000000000000000, -1.000000000000000000 ) ) ;
#5630 = DIRECTION ( 'NONE',  ( 0.000000000000000000, -1.000000000000000000, 1.971276677246373097E-15 ) ) ;
#5631 = DIRECTION ( 'NONE',  ( 1.084202172485504064E-16, 0.000000000000000000, -1.000000000000000000 ) ) ;
#5632 = CARTESIAN_POINT ( 'NONE',  ( -0.3999999999999999667, 0.5225000000000000755, -0.5000000000000000000 ) ) ;
#5633 = ORIENTED_EDGE ( 'NONE', *, *, #3887, .T. ) ;
#5634 = LINE ( 'NONE', #5061, #3246 ) ;
#5635 = FACE_OUTER_BOUND ( 'NONE', #1058, .T. ) ;
#5636 = DIRECTION ( 'NONE',  ( 0.000000000000000000, -1.000000000000000000, -1.971276677246373097E-15 ) ) ;
#5637 = VERTEX_POINT ( 'NONE', #4907 ) ;
#5638 = DIRECTION ( 'NONE',  ( 1.000000000000000000, -0.000000000000000000, -0.000000000000000000 ) ) ;
#5639 = LINE ( 'NONE', #1578, #284 ) ;
#5640 = DIRECTION ( 'NONE',  ( -1.000000000000000000, 0.000000000000000000, 0.000000000000000000 ) ) ;
#5641 = ORIENTED_EDGE ( 'NONE', *, *, #666, .T. ) ;
#5642 = LINE ( 'NONE', #4227, #4076 ) ;
#5643 = CARTESIAN_POINT ( 'NONE',  ( 0.3999999999999999667, 0.4950000000000009948, -0.3000000000000000444 ) ) ;
#5644 = PLANE ( 'NONE',  #4882 ) ;
#5645 = ORIENTED_EDGE ( 'NONE', *, *, #3488, .F. ) ;
#5646 = DIRECTION ( 'NONE',  ( -0.000000000000000000, 0.000000000000000000, 1.000000000000000000 ) ) ;
#5647 = ADVANCED_FACE ( 'NONE', ( #4366 ), #5252, .F. ) ;
#5648 = DIRECTION ( 'NONE',  ( 1.000000000000000000, 0.000000000000000000, -0.000000000000000000 ) ) ;
#5649 = ORIENTED_EDGE ( 'NONE', *, *, #998, .F. ) ;
#5650 = APPLICATION_CONTEXT ( 'automotive_design' ) ;
#5651 = VECTOR ( 'NONE', #3472, 1000.000000000000000 ) ;
#5652 = DIRECTION ( 'NONE',  ( -1.000000000000000000, -0.000000000000000000, 0.000000000000000000 ) ) ;
#5653 = DIRECTION ( 'NONE',  ( -1.000000000000000000, 0.000000000000000000, 0.000000000000000000 ) ) ;
#5654 = EDGE_CURVE ( 'NONE', #5353, #1345, #5330, .T. ) ;
#5655 = EDGE_CURVE ( 'NONE', #3190, #2916, #5299, .T. ) ;
#5656 = EDGE_LOOP ( 'NONE', ( #1356, #680, #693, #3075, #3186, #5736, #2724, #2694 ) ) ;
#5657 = VECTOR ( 'NONE', #266, 1000.000000000000000 ) ;
#5658 = LINE ( 'NONE', #5733, #3911 ) ;
#5659 = EDGE_CURVE ( 'NONE', #3614, #3249, #1256, .T. ) ;
#5660 = CARTESIAN_POINT ( 'NONE',  ( -0.6750000000000000444, 0.5225000000000000755, 0.2500000000000000000 ) ) ;
#5661 = CARTESIAN_POINT ( 'NONE',  ( -0.09999999999999993616, 0.000000000000000000, 0.3000000000000001554 ) ) ;
#5662 = CARTESIAN_POINT ( 'NONE',  ( 1.000000000000000222, 0.02750000000000000361, -0.4724999999999995315 ) ) ;
#5663 = CARTESIAN_POINT ( 'NONE',  ( 0.8249999999999999556, 0.5225000000000000755, -0.4000000000000002442 ) ) ;
#5664 = FILL_AREA_STYLE ('',( #5538 ) ) ;
#5665 = COLOUR_RGB ( '',0.7921568627450980005, 0.8196078431372548767, 0.9333333333333333481 ) ;
#5666 = EDGE_CURVE ( 'NONE', #4182, #3220, #3076, .T. ) ;
#5667 = EDGE_CURVE ( 'NONE', #955, #5541, #3105, .T. ) ;
#5668 = ORIENTED_EDGE ( 'NONE', *, *, #1810, .T. ) ;
#5669 = CARTESIAN_POINT ( 'NONE',  ( -0.1000000000000000472, 0.5225000000000000755, 0.4000000000000000777 ) ) ;
#5670 = EDGE_CURVE ( 'NONE', #893, #5508, #5271, .T. ) ;
#5671 = VECTOR ( 'NONE', #59, 1000.000000000000000 ) ;
#5672 = CARTESIAN_POINT ( 'NONE',  ( -0.6750000000000000444, 0.02750000000000000361, 0.4724999999999995315 ) ) ;
#5673 = CARTESIAN_POINT ( 'NONE',  ( -0.1000000000000000472, 0.02750000000000000361, -0.2000000000000000666 ) ) ;
#5674 = PLANE ( 'NONE',  #372 ) ;
#5675 = PLANE ( 'NONE',  #24 ) ;
#5676 = FACE_OUTER_BOUND ( 'NONE', #66, .T. ) ;
#5677 = VERTEX_POINT ( 'NONE', #3024 ) ;
#5678 = CARTESIAN_POINT ( 'NONE',  ( -0.1000000000000000472, 0.4950000000000011058, -0.4724999999999995315 ) ) ;
#5679 = CARTESIAN_POINT ( 'NONE',  ( 0.1749999999999999611, 0.000000000000000000, -0.4000000000000000222 ) ) ;
#5680 = ORIENTED_EDGE ( 'NONE', *, *, #755, .T. ) ;
#5681 = CARTESIAN_POINT ( 'NONE',  ( 0.6750000000000000444, 0.5225000000000000755, -0.2500000000000000000 ) ) ;
#5682 = VECTOR ( 'NONE', #1147, 1000.000000000000000 ) ;
#5683 = EDGE_CURVE ( 'NONE', #4238, #441, #2663, .T. ) ;
#5684 = EDGE_LOOP ( 'NONE', ( #2253, #2961, #2609, #196 ) ) ;
#5685 = DIRECTION ( 'NONE',  ( -1.000000000000000000, -0.000000000000000000, -0.000000000000000000 ) ) ;
#5686 = VECTOR ( 'NONE', #3673, 1000.000000000000000 ) ;
#5687 = CARTESIAN_POINT ( 'NONE',  ( 0.1749999999999999611, 0.000000000000000000, -0.4000000000000000222 ) ) ;
#5688 = CARTESIAN_POINT ( 'NONE',  ( -0.6000000000000000888, 0.5225000000000000755, -0.2500000000000000000 ) ) ;
#5689 = APPLICATION_PROTOCOL_DEFINITION ( 'draft international standard', 'automotive_design', 1998, #184 ) ;
#5690 = LINE ( 'NONE', #1630, #1635 ) ;
#5691 = AXIS2_PLACEMENT_3D ( 'NONE', #2377, #4689, #3362 ) ;
#5692 = VECTOR ( 'NONE', #4728, 1000.000000000000000 ) ;
#5693 = DIRECTION ( 'NONE',  ( 0.000000000000000000, 0.000000000000000000, -1.000000000000000000 ) ) ;
#5694 = ORIENTED_EDGE ( 'NONE', *, *, #2115, .F. ) ;
#5695 = AXIS2_PLACEMENT_3D ( 'NONE', #4498, #1803, #1742 ) ;
#5696 = ADVANCED_FACE ( 'NONE', ( #364 ), #806, .F. ) ;
#5697 = CARTESIAN_POINT ( 'NONE',  ( 0.3999999999999999667, 0.4950000000000011058, -0.4724999999999995315 ) ) ;
#5698 = VECTOR ( 'NONE', #2116, 1000.000000000000000 ) ;
#5699 = EDGE_CURVE ( 'NONE', #783, #3013, #1739, .T. ) ;
#5700 = CARTESIAN_POINT ( 'NONE',  ( 0.6000000000000000888, 2.081899558550501081E-17, -0.2000000000000000111 ) ) ;
#5701 = CARTESIAN_POINT ( 'NONE',  ( 1.000000000000000222, 0.02750000000000000361, -0.4000000000000001887 ) ) ;
#5702 = DIRECTION ( 'NONE',  ( 1.000000000000000000, 0.000000000000000000, -0.000000000000000000 ) ) ;
#5703 = DIRECTION ( 'NONE',  ( -0.000000000000000000, 1.000000000000000000, -0.000000000000000000 ) ) ;
#5704 = CARTESIAN_POINT ( 'NONE',  ( -0.5999999999999999778, 0.02750000000000000361, 0.3000000000000001554 ) ) ;
#5705 = CARTESIAN_POINT ( 'NONE',  ( 0.8249999999999999556, 0.4950000000000009948, -0.4000000000000002442 ) ) ;
#5706 = VECTOR ( 'NONE', #5739, 1000.000000000000000 ) ;
#5707 = CARTESIAN_POINT ( 'NONE',  ( -0.8249999999999999556, 0.5225000000000000755, -0.4000000000000000222 ) ) ;
#5708 = VECTOR ( 'NONE', #3465, 1000.000000000000000 ) ;
#5709 = VECTOR ( 'NONE', #5545, 1000.000000000000000 ) ;
#5710 = ORIENTED_EDGE ( 'NONE', *, *, #2070, .F. ) ;
#5711 = LINE ( 'NONE', #2563, #1546 ) ;
#5712 = EDGE_LOOP ( 'NONE', ( #482, #4759, #3044, #1816, #5297, #3999, #1496, #2631 ) ) ;
#5714 = ORIENTED_EDGE ( 'NONE', *, *, #5020, .T. ) ;
#5713 = FACE_OUTER_BOUND ( 'NONE', #1781, .T. ) ;
#5715 = CARTESIAN_POINT ( 'NONE',  ( 0.1749999999999999611, 0.02750000000000000361, 0.4724999999999995315 ) ) ;
#5716 = EDGE_CURVE ( 'NONE', #1092, #1329, #4025, .T. ) ;
#5717 = DIRECTION ( 'NONE',  ( 0.000000000000000000, 1.000000000000000000, 0.000000000000000000 ) ) ;
#5718 = CARTESIAN_POINT ( 'NONE',  ( 1.000000000000000222, 0.4950000000000002176, 0.4724999999999995315 ) ) ;
#5719 = ORIENTED_EDGE ( 'NONE', *, *, #289, .F. ) ;
#5720 = EDGE_CURVE ( 'NONE', #664, #2198, #32, .T. ) ;
#5721 = DIRECTION ( 'NONE',  ( 0.000000000000000000, -1.000000000000000000, 0.000000000000000000 ) ) ;
#5722 = CARTESIAN_POINT ( 'NONE',  ( 0.3999999999999999667, -1.592040838891558417E-17, 0.5000000000000000000 ) ) ;
#5723 = LINE ( 'NONE', #1187, #3562 ) ;
#5724 = CARTESIAN_POINT ( 'NONE',  ( 0.3250000000000000111, 0.000000000000000000, 0.4000000000000000777 ) ) ;
#5725 = EDGE_CURVE ( 'NONE', #2984, #3635, #1972, .T. ) ;
#5726 = DIRECTION ( 'NONE',  ( 0.000000000000000000, 0.000000000000000000, -1.000000000000000000 ) ) ;
#5727 = VERTEX_POINT ( 'NONE', #3261 ) ;
#5728 = CARTESIAN_POINT ( 'NONE',  ( 0.3999999999999999667, 0.02750000000000000361, 0.4000000000000000777 ) ) ;
#5729 = CARTESIAN_POINT ( 'NONE',  ( 0.3999999999999999667, 0.4950000000000009948, 0.4000000000000000777 ) ) ;
#5730 = EDGE_CURVE ( 'NONE', #5580, #5877, #4183, .T. ) ;
#5731 = ADVANCED_FACE ( 'NONE', ( #3163 ), #2308, .F. ) ;
#5732 = VERTEX_POINT ( 'NONE', #4496 ) ;
#5733 = CARTESIAN_POINT ( 'NONE',  ( 0.3999999999999999667, 0.02750000000000000361, 0.4724999999999995315 ) ) ;
#5734 = CARTESIAN_POINT ( 'NONE',  ( 1.000000000000000222, 0.4950000000000011058, 0.4724999999999995315 ) ) ;
#5736 = ORIENTED_EDGE ( 'NONE', *, *, #908, .T. ) ;
#5735 = DIRECTION ( 'NONE',  ( 0.000000000000000000, -1.000000000000000000, 0.000000000000000000 ) ) ;
#5737 = DIRECTION ( 'NONE',  ( 0.000000000000000000, 0.000000000000000000, -1.000000000000000000 ) ) ;
#5738 = AXIS2_PLACEMENT_3D ( 'NONE', #4442, #2200, #5802 ) ;
#5739 = DIRECTION ( 'NONE',  ( -1.000000000000000000, -0.000000000000000000, -0.000000000000000000 ) ) ;
#5740 = CARTESIAN_POINT ( 'NONE',  ( -0.1000000000000000472, -3.673940397442049175E-18, -0.4000000000000000222 ) ) ;
#5741 = EDGE_LOOP ( 'NONE', ( #2819, #1031, #4230, #4024, #4555, #149, #647, #4494 ) ) ;
#5742 = ADVANCED_FACE ( 'NONE', ( #990 ), #2341, .F. ) ;
#5743 = ORIENTED_EDGE ( 'NONE', *, *, #3686, .T. ) ;
#5744 = DIRECTION ( 'NONE',  ( -0.000000000000000000, 1.000000000000000000, -0.000000000000000000 ) ) ;
#5745 = EDGE_CURVE ( 'NONE', #3650, #4831, #4087, .T. ) ;
#5746 = CARTESIAN_POINT ( 'NONE',  ( -0.1750000000000000167, 0.000000000000000000, 0.4000000000000000777 ) ) ;
#5747 = ADVANCED_FACE ( 'NONE', ( #5059 ), #1442, .F. ) ;
#5748 = CARTESIAN_POINT ( 'NONE',  ( 0.6750000000000000444, 0.000000000000000000, 0.4000000000000000777 ) ) ;
#5749 = CARTESIAN_POINT ( 'NONE',  ( 0.3999999999999999667, 2.081899558550501081E-17, 0.2000000000000000111 ) ) ;
#5750 =( GEOMETRIC_REPRESENTATION_CONTEXT ( 3 ) GLOBAL_UNCERTAINTY_ASSIGNED_CONTEXT ( ( #3064 ) ) GLOBAL_UNIT_ASSIGNED_CONTEXT ( ( #168, #4722, #5607 ) ) REPRESENTATION_CONTEXT ( 'NONE', 'WORKASPACE' ) );
#5751 = ORIENTED_EDGE ( 'NONE', *, *, #3667, .F. ) ;
#5752 = CARTESIAN_POINT ( 'NONE',  ( -0.1750000000000000167, 0.02750000000000000361, 0.2000000000000000666 ) ) ;
#5753 = ADVANCED_FACE ( 'NONE', ( #2374 ), #1829, .F. ) ;
#5754 = CARTESIAN_POINT ( 'NONE',  ( 0.1749999999999999611, 0.000000000000000000, -0.4000000000000000222 ) ) ;
#5755 = VECTOR ( 'NONE', #2337, 1000.000000000000000 ) ;
#5756 = PLANE ( 'NONE',  #4743 ) ;
#5757 = ADVANCED_FACE ( 'NONE', ( #3643 ), #3612, .F. ) ;
#5758 = ORIENTED_EDGE ( 'NONE', *, *, #447, .F. ) ;
#5759 = ADVANCED_FACE ( 'NONE', ( #896 ), #4992, .F. ) ;
#5760 = LINE ( 'NONE', #722, #3149 ) ;
#5761 = PRESENTATION_LAYER_ASSIGNMENT (  '', '', ( #4161 ) ) ;
#5762 = VECTOR ( 'NONE', #1786, 1000.000000000000000 ) ;
#5763 = DIRECTION ( 'NONE',  ( 0.000000000000000000, -1.224646799147352961E-16, 1.000000000000000000 ) ) ;
#5765 = ORIENTED_EDGE ( 'NONE', *, *, #1240, .F. ) ;
#5764 = FACE_OUTER_BOUND ( 'NONE', #4279, .T. ) ;
#5766 = DIRECTION ( 'NONE',  ( 0.000000000000000000, 0.000000000000000000, -1.000000000000000000 ) ) ;
#5767 = DIRECTION ( 'NONE',  ( -1.000000000000000222, 0.000000000000000000, 0.000000000000000000 ) ) ;
#5768 = VECTOR ( 'NONE', #636, 1000.000000000000000 ) ;
#5769 = PLANE ( 'NONE',  #99 ) ;
#5770 = CARTESIAN_POINT ( 'NONE',  ( 0.6750000000000000444, 0.02750000000000000361, -0.4000000000000000222 ) ) ;
#5771 = ORIENTED_EDGE ( 'NONE', *, *, #4779, .T. ) ;
#5772 = VERTEX_POINT ( 'NONE', #4054 ) ;
#5773 = ORIENTED_EDGE ( 'NONE', *, *, #716, .F. ) ;
#5774 = DIRECTION ( 'NONE',  ( -0.000000000000000000, 1.000000000000000000, -0.000000000000000000 ) ) ;
#5775 = VERTEX_POINT ( 'NONE', #5443 ) ;
#5776 = PLANE ( 'NONE',  #3134 ) ;
#5777 = DIRECTION ( 'NONE',  ( 1.000000000000000000, -0.000000000000000000, 0.000000000000000000 ) ) ;
#5778 = VERTEX_POINT ( 'NONE', #453 ) ;
#5779 = VECTOR ( 'NONE', #4310, 1000.000000000000000 ) ;
#5780 = CARTESIAN_POINT ( 'NONE',  ( -0.1000000000000000472, 0.02750000000000000361, 0.000000000000000000 ) ) ;
#5781 = EDGE_CURVE ( 'NONE', #3369, #403, #4940, .T. ) ;
#5782 = VECTOR ( 'NONE', #3270, 1000.000000000000000 ) ;
#5783 = CARTESIAN_POINT ( 'NONE',  ( 0.3250000000000000111, 0.000000000000000000, -0.4000000000000000222 ) ) ;
#5784 = FACE_OUTER_BOUND ( 'NONE', #2393, .T. ) ;
#5785 = UNCERTAINTY_MEASURE_WITH_UNIT (LENGTH_MEASURE( 1.000000000000000082E-05 ), #3245, 'distance_accuracy_value', 'NONE');
#5786 = DIRECTION ( 'NONE',  ( -0.000000000000000000, 1.000000000000000000, -0.000000000000000000 ) ) ;
#5787 = VERTEX_POINT ( 'NONE', #5474 ) ;
#5788 = DIRECTION ( 'NONE',  ( -0.000000000000000000, 0.000000000000000000, 1.000000000000000000 ) ) ;
#5789 = ORIENTED_EDGE ( 'NONE', *, *, #329, .F. ) ;
#5790 = AXIS2_PLACEMENT_3D ( 'NONE', #3789, #1114, #2495 ) ;
#5791 = LINE ( 'NONE', #1668, #3036 ) ;
#5793 = ORIENTED_EDGE ( 'NONE', *, *, #12, .F. ) ;
#5792 = DIRECTION ( 'NONE',  ( 0.000000000000000000, 0.000000000000000000, 1.000000000000000000 ) ) ;
#5794 = EDGE_CURVE ( 'NONE', #5025, #2789, #1410, .T. ) ;
#5795 = LINE ( 'NONE', #5346, #4823 ) ;
#5796 = CARTESIAN_POINT ( 'NONE',  ( 0.1749999999999999611, 0.02750000000000000361, -0.2000000000000000389 ) ) ;
#5797 = FACE_OUTER_BOUND ( 'NONE', #4544, .T. ) ;
#5798 = DIRECTION ( 'NONE',  ( -1.000000000000000000, 0.000000000000000000, 0.000000000000000000 ) ) ;
#5799 = VERTEX_POINT ( 'NONE', #4967 ) ;
#5800 = VERTEX_POINT ( 'NONE', #963 ) ;
#5801 = ORIENTED_EDGE ( 'NONE', *, *, #2676, .F. ) ;
#5802 = DIRECTION ( 'NONE',  ( 1.000000000000000000, 0.000000000000000000, -0.000000000000000000 ) ) ;
#5803 = VERTEX_POINT ( 'NONE', #2783 ) ;
#5804 = DIRECTION ( 'NONE',  ( -1.000000000000000000, -0.000000000000000000, 0.000000000000000000 ) ) ;
#5805 = LINE ( 'NONE', #2757, #2384 ) ;
#5806 = ORIENTED_EDGE ( 'NONE', *, *, #648, .T. ) ;
#5807 = DIRECTION ( 'NONE',  ( 0.000000000000000000, 0.000000000000000000, -1.000000000000000000 ) ) ;
#5808 = CARTESIAN_POINT ( 'NONE',  ( -0.8249999999999999556, 0.000000000000000000, 0.4000000000000000777 ) ) ;
#5809 = DIRECTION ( 'NONE',  ( -1.000000000000000000, 0.000000000000000000, 0.000000000000000000 ) ) ;
#5810 = ADVANCED_FACE ( 'NONE', ( #4621 ), #4584, .F. ) ;
#5811 = UNCERTAINTY_MEASURE_WITH_UNIT (LENGTH_MEASURE( 1.000000000000000082E-05 ), #1984, 'distance_accuracy_value', 'NONE');
#5812 = ORIENTED_EDGE ( 'NONE', *, *, #1628, .T. ) ;
#5813 = ADVANCED_FACE ( 'NONE', ( #1896 ), #5535, .T. ) ;
#5814 = CARTESIAN_POINT ( 'NONE',  ( -0.1000000000000000472, -1.592040838891558417E-17, -0.5000000000000000000 ) ) ;
#5815 = DIRECTION ( 'NONE',  ( -0.000000000000000000, 1.000000000000000000, -0.000000000000000000 ) ) ;
#5816 = EDGE_CURVE ( 'NONE', #1902, #2664, #675, .T. ) ;
#5817 = EDGE_CURVE ( 'NONE', #2307, #2425, #2910, .T. ) ;
#5819 = VERTEX_POINT ( 'NONE', #4749 ) ;
#5818 = DIRECTION ( 'NONE',  ( -0.000000000000000000, 0.000000000000000000, -1.000000000000000000 ) ) ;
#5820 = CARTESIAN_POINT ( 'NONE',  ( -0.6750000000000000444, 0.4950000000000009948, 0.2500000000000000000 ) ) ;
#5822 = EDGE_CURVE ( 'NONE', #5787, #118, #5090, .T. ) ;
#5821 = FACE_OUTER_BOUND ( 'NONE', #4925, .T. ) ;
#5823 = ADVANCED_FACE ( 'NONE', ( #4655 ), #3831, .F. ) ;
#5824 = CARTESIAN_POINT ( 'NONE',  ( -0.3999999999999999667, 0.4950000000000009948, 0.2500000000000000000 ) ) ;
#5825 = VECTOR ( 'NONE', #3550, 1000.000000000000000 ) ;
#5826 = CARTESIAN_POINT ( 'NONE',  ( -1.000000000000000444, 0.02750000000000000361, -0.3999999999999999667 ) ) ;
#5827 = ORIENTED_EDGE ( 'NONE', *, *, #5430, .T. ) ;
#5828 = VERTEX_POINT ( 'NONE', #5632 ) ;
#5829 = ORIENTED_EDGE ( 'NONE', *, *, #442, .F. ) ;
#5830 = CARTESIAN_POINT ( 'NONE',  ( -1.000000000000000444, -3.673940397442063812E-18, 0.4000000000000001332 ) ) ;
#5831 = VERTEX_POINT ( 'NONE', #5124 ) ;
#5832 = DIRECTION ( 'NONE',  ( 0.000000000000000000, 0.000000000000000000, -1.000000000000000000 ) ) ;
#5833 = VECTOR ( 'NONE', #1638, 1000.000000000000000 ) ;
#5834 = LINE ( 'NONE', #967, #1805 ) ;
#5835 = ORIENTED_EDGE ( 'NONE', *, *, #2318, .F. ) ;
#5836 = ADVANCED_FACE ( 'NONE', ( #1571 ), #1056, .F. ) ;
#5837 = CARTESIAN_POINT ( 'NONE',  ( 0.1000000000000000472, 0.4950000000000011058, 0.4724999999999995315 ) ) ;
#5838 = CARTESIAN_POINT ( 'NONE',  ( -0.1000000000000000472, 0.5225000000000000755, -0.2500000000000000000 ) ) ;
#5839 = PLANE ( 'NONE',  #3510 ) ;
#5840 = VECTOR ( 'NONE', #5506, 1000.000000000000000 ) ;
#5841 = VECTOR ( 'NONE', #679, 1000.000000000000000 ) ;
#5842 = CARTESIAN_POINT ( 'NONE',  ( -0.3999999999999999112, 0.02750000000000000361, -0.3000000000000000444 ) ) ;
#5843 = ORIENTED_EDGE ( 'NONE', *, *, #3295, .T. ) ;
#5844 = DIRECTION ( 'NONE',  ( 0.000000000000000000, 1.000000000000000000, -0.000000000000000000 ) ) ;
#5845 = ORIENTED_EDGE ( 'NONE', *, *, #5112, .F. ) ;
#5846 = DIRECTION ( 'NONE',  ( -1.000000000000000000, 0.000000000000000000, 0.000000000000000000 ) ) ;
#5848 = ORIENTED_EDGE ( 'NONE', *, *, #2010, .T. ) ;
#5847 = DIRECTION ( 'NONE',  ( -0.000000000000000000, -1.000000000000000000, 0.000000000000000000 ) ) ;
#5849 = CARTESIAN_POINT ( 'NONE',  ( -0.1000000000000000472, -1.592040838891558417E-17, 0.5000000000000000000 ) ) ;
#5850 = LINE ( 'NONE', #4018, #957 ) ;
#5851 = PLANE ( 'NONE',  #3324 ) ;
#5852 = CARTESIAN_POINT ( 'NONE',  ( 0.1000000000000000472, -3.673940397442057649E-18, 0.4000000000000000777 ) ) ;
#5853 = ORIENTED_EDGE ( 'NONE', *, *, #3375, .F. ) ;
#5854 = ORIENTED_EDGE ( 'NONE', *, *, #1877, .T. ) ;
#5855 = AXIS2_PLACEMENT_3D ( 'NONE', #1611, #2514, #179 ) ;
#5856 = AXIS2_PLACEMENT_3D ( 'NONE', #1824, #4081, #4900 ) ;
#5857 = ORIENTED_EDGE ( 'NONE', *, *, #568, .T. ) ;
#5858 = CARTESIAN_POINT ( 'NONE',  ( 0.1749999999999999611, 0.000000000000000000, -0.4000000000000000222 ) ) ;
#5859 = ORIENTED_EDGE ( 'NONE', *, *, #4708, .F. ) ;
#5860 = LINE ( 'NONE', #2785, #1324 ) ;
#5861 = CARTESIAN_POINT ( 'NONE',  ( 0.6750000000000000444, 0.000000000000000000, 0.4000000000000000777 ) ) ;
#5862 = ORIENTED_EDGE ( 'NONE', *, *, #1765, .F. ) ;
#5863 = SURFACE_SIDE_STYLE ('',( #3202 ) ) ;
#5864 = LINE ( 'NONE', #5037, #2146 ) ;
#5865 = ORIENTED_EDGE ( 'NONE', *, *, #1110, .T. ) ;
#5866 = PLANE ( 'NONE',  #846 ) ;
#5867 = EDGE_LOOP ( 'NONE', ( #5773, #5329, #5584, #1310 ) ) ;
#5868 = VECTOR ( 'NONE', #4232, 1000.000000000000000 ) ;
#5869 = VERTEX_POINT ( 'NONE', #4716 ) ;
#5870 = CARTESIAN_POINT ( 'NONE',  ( 0.9000000000000000222, 0.02750000000000000361, -0.4724999999999995315 ) ) ;
#5871 = VECTOR ( 'NONE', #3893, 1000.000000000000000 ) ;
#5872 = CARTESIAN_POINT ( 'NONE',  ( 0.8250000000000000666, 0.02750000000000000361, 0.2000000000000000389 ) ) ;
#5873 = ORIENTED_EDGE ( 'NONE', *, *, #5391, .T. ) ;
#5874 = AXIS2_PLACEMENT_3D ( 'NONE', #141, #4315, #1515 ) ;
#5875 = ORIENTED_EDGE ( 'NONE', *, *, #843, .F. ) ;
#5876 = LINE ( 'NONE', #1364, #2856 ) ;
#5877 = VERTEX_POINT ( 'NONE', #5663 ) ;
#5878 = LINE ( 'NONE', #4576, #5762 ) ;
#5879 = PLANE ( 'NONE',  #583 ) ;
#5880 = STYLED_ITEM ( 'NONE', ( #2410 ), #4157 ) ;
#5881 = LINE ( 'NONE', #3575, #1032 ) ;
#5882 = CARTESIAN_POINT ( 'NONE',  ( 0.3999999999999999667, 0.000000000000000000, -0.5000000000000000000 ) ) ;
#5883 = ORIENTED_EDGE ( 'NONE', *, *, #4794, .F. ) ;
#5884 = VERTEX_POINT ( 'NONE', #1027 ) ;
#5885 = VECTOR ( 'NONE', #3952, 1000.000000000000000 ) ;
#5886 = NEXT_ASSEMBLY_USAGE_OCCURRENCE ( 'NAUO1', ' ', ' ', #1354, #5570, $ ) ;
ENDSEC;
END-ISO-10303-21;
